Proprietary  Name,Active Ingredient/Moiety,Applicant,NDA/BLA, Application Number(1), Application Number(2), Application Number(3),Dosage Form(1),Route of Administration(1),Dosage Form(2),Route of Administration(2),Dosage Form(3),Route of Administration(3),FDA Receipt Date,FDA Approval Date,Approval Year,Abbreviated Indication(s),Approved Use(s),Review Designation,Orphan Drug Designation,Accelerated Approval,Breakthrough Therapy Designation,Fast Track Designation,Qualified Infectious Disease Product,Issued a Priority Review Voucher,Redeemed a Priority Review Voucher,Notes
Lupron,leuprolide acetate,TAP Pharmaceuticals,NDA,19010,,,Injectable,Injection,,,,,12/28/1983,4/9/1985,1985,palliative treatment of advanced prostatic cancer,,Priority,No,N/A,N/A,N/A,N/A,N/A,N/A,
Seldane,terfenadine,Merrell-Dow,NDA,18949,,,Tablet,Oral,,,,,3/1/1983,5/8/1985,1985,"indicated for the relief of symptoms associated with seasonal allergic rhinitis such as sneezing, rhinorrhea, pruritus and lacrimation",,Priority,No,N/A,N/A,N/A,N/A,N/A,N/A,
Ridaura,auranofin,SmithKline & French,NDA,18689,,,Capsule,Oral,,,,,10/5/1981,5/24/1985,1985,"indicated in the management of adults with active, classical, or definite rheumatoid arthritis (ARA criteria) who have had an insufficient therapeutic response to, or are intolerant of, an adequate trial of full doses of one or more nonsteroidal anti-inflammatory drugs",,Priority,No,N/A,N/A,N/A,N/A,N/A,N/A,
Marinol,dronabinol,Unimed,NDA,18651,,,Capsule,Oral,,,,,6/25/1981,5/31/1985,1985,treatment of the nausea and vomiting associated with cancer chemotherapy in patients who have failed to respond adequately to conventional anti-emetic treatment,,Priority,No,N/A,N/A,N/A,N/A,N/A,N/A,
Fortaz,ceftazidime,Glaxo,NDA,50578,,,Injectable,Injection,,,,,5/23/1983,7/19/1985,1985,"treatment of patients with following infections caused by susceptible strains of designated organisms: lower respiratory infections including pneumonia, skin and skin structure infections, urinary tract infections, bacterial septicemia, bone and joint infections, gynecological infections, intra-abdominal infections including peritonitis, central nervous system infections including meningitis",,Priority,No,N/A,N/A,N/A,N/A,N/A,N/A,
Hexabrix,"ioxaglate meglumine, ioxaglate sodium",Mallinckrodt,NDA,18905,,,Injectable,Injection,,,,,11/19/1982,7/26/1985,1985,"indicated for cerebral angiography, peripheral arteriography, selective visceral arteriography and selective coronary arteriography with or without left ventriculography",,Standard,No,N/A,N/A,N/A,N/A,N/A,N/A,
Baros Effervescent,"tartaric acid, sodium bicarbonate",Mallinckrodt,NDA,18509,,,"Granule, Effervescent",Oral,,,,,6/9/1980,8/7/1985,1985,indictated for double-contrast radiographic imaging of the upper gastrointestinal tract,,Standard,No,N/A,N/A,N/A,N/A,N/A,N/A,
Sulcosyn,sulconazole nitrate,Syntex,NDA,18738,,,Solution,Topical,,,,,6/15/1983,8/30/1985,1985,"treatment of tinea cruris tinea corporis caused by Trichophyton mentagrophytes, Epidermophyton floccosum, and Microeporam canis; and for the treatment of tinea versicolor",,Standard,No,N/A,N/A,N/A,N/A,N/A,N/A,
Betoptic,betaxolol hydrochloride,Alcon,NDA,19270,,,Solution/Drops,Ophthalmic,,,,,5/4/1984,8/30/1985,1985,"indicated in the treatment of patients with chronic open-angle glaucoma, patients with elevated intraocular pressure (ocular hypertensive patients), patients with glaucoma or ocular hypertension who have reactive airway disease, patients with glaucoma or ocular hypertension who are currently on multiple anti-glaucoma therapy",,Priority,No,N/A,N/A,N/A,N/A,N/A,N/A,
Protropin,somatrem,Genentech,NDA,19107,,,Injectable,Injection,,,,,9/1/1983,10/17/1985,1985,long-term treatment of children who have growth failure due to a lack of adequate endogenous growth hormone secretion,,Priority,Yes,N/A,N/A,N/A,N/A,N/A,N/A,
Moctanin,monooctanoin,Ascot Hospital,NDA,19368,,,Liquid,"Perfusion, Biliary",,,,,9/25/1984,10/29/1985,1985,"indicated as a solubilizing agent for cholesterol (radiolucent) gallstones retained in the biliary tract of patients following cholecystectomy, when other means of reducing cholesterol stones retained in the common bile duct have failed or cannot be undertaken",,Priority,Yes,N/A,N/A,N/A,N/A,N/A,N/A,
Tambocor,flecainide acetate,Riker,NDA,18830,,,Tablet,Oral,,,,,12/21/1982,10/31/1985,1985,"treatment of documented life-threatening ventricular arrhythmias, such as sustained ventricular tachycardia; symptomatic nonsustained ventricular tachycardia and frequent premature ventricular complexes",,Priority,No,N/A,N/A,N/A,N/A,N/A,N/A,
Cuprid,trientine hydrochloride,Merck Sharp & Dohme,NDA,19194,,,Capsule,Oral,,,,,1/6/1984,11/8/1985,1985,treatment of patients with Wilson's disease who are intolerant of penicillamine,,Priority,Yes,N/A,N/A,N/A,N/A,N/A,N/A,
Femstat,butoconazole nitrate,Syntex,NDA,19215,,,Cream,Vaginal,,,,,1/23/1984,11/25/1985,1985,indicated for local treatment of vulvovaginal mycotic infections caused by Candida species,,Standard,No,N/A,N/A,N/A,N/A,N/A,N/A,
Primaxin,"cilastatin sodium, imipenem",Merck Sharp & Dohme,NDA,50587,,,Powder,Intravenous,,,,,5/3/1984,11/26/1985,1985,"treatment of patients with the following infections caused by susceptible strains of designated microorganisms in: lower respiratory tract infections, urinary tract infections, intra-abdominal infections, gynecological infections, bacterial septicemia, bone and joint infections, skin and skin structure infections, endocarditis, polymicrobic infections",,Priority,No,N/A,N/A,N/A,N/A,N/A,N/A,
Betagan,levobunolol hydrochloride,Allergan,NDA,19219,,,Solution/Drops,Ophthalmic,,,,,1/19/1984,12/19/1985,1985,has been shown to be effective in lowering intraocular pressure and may be used in patients with chronic open-angle glaucoma or ocular hypertension,,Standard,No,N/A,N/A,N/A,N/A,N/A,N/A,
Versed,midazolam hydrochloride,Hoffmann-La Roche,NDA,18654,,,Injectable,Injection,,,,,12/15/1982,12/20/1985,1985,"intramuscularly: for preoperative sedation and to impair memory of peri-operative events;  intravenously: as an agent for conscious sedation prior to short diagnostic or endoscopic procedures either alone or with a narcotic; intravenously: for induction of general anesthesia, before administration of other anesthetic agents",,Standard,No,N/A,N/A,N/A,N/A,N/A,N/A,
Suprol,suprofen,Ortho,NDA,18217,,,Capsule,Oral,,,,,10/23/1978,12/24/1985,1985,relief of mild to moderate pain; treatment of primary dysmenorrhea,,Standard,No,N/A,N/A,N/A,N/A,N/A,N/A,
[drug marketed without a proprietary name],indium In 111 oxyquinoline,Amersham,NDA,19044,,,Injectable,Injection,,,,,12/5/1983,12/24/1985,1985,"indicated for radiolabeling autologous leukocytes as an adjunct in the detection of inflammatory processes to which leukocytes migrate, such as those associated with abscesses or other infection, following reinjection and detection by appropriate imaging procedures",,Priority,No,N/A,N/A,N/A,N/A,N/A,N/A,
Cordarone,amiodarone hydrochloride,Ives,NDA,18972,,,Tablet,Oral,,,,,3/14/1983,12/24/1985,1985,"indicated for the treatment of the following documented, life-threatening recurrent ventricular arrhythmias: recurrent ventricular fibrillation or recurrent hemodynamically unstable ventricular tachycardia, when these have not responded to documented aggregate doses of other available antiarrhythmics or when alternative agents could not be tolerated",,Priority,No,N/A,N/A,N/A,N/A,N/A,N/A,
Vasotec,enalapril maleate,Merck Sharp & Dohme,NDA,18998,,,Tablet,Oral,,,,,9/16/1983,12/24/1985,1985,treatment of hypertension,,Priority,No,N/A,N/A,N/A,N/A,N/A,N/A,
Cesamet,nabilone,Eli Lilly,NDA,18677,,,Capsule,Oral,,,,,2/17/1982,12/26/1985,1985,for use in the treatment of nausea and vomiting associated with cancer chemotherapy in patients who have failed to respond adequately to conventional antiemetic treatments,,Standard,No,N/A,N/A,N/A,N/A,N/A,N/A,
Omnipaque,iohexol,Sterling,NDA,18956,,,Solution,"Injection, Oral, Rectal",,,,,3/1/1983,12/26/1985,1985,"indicated for intrathecal administration including angiocardiography, cerebral and peripheral arteriography, digital subtraction angiography, urography, phlebography and lumbar myelography",,Standard,No,N/A,N/A,N/A,N/A,N/A,N/A,
Temovate,clobetasol propionate,Glaxo,NDA,19322,19323,,Cream,Topical,Ointment,Topical,,,8/30/1984,12/27/1985,1985,short term treatment of inflammatory and pruritic manifestations of moderate to severe corticosteroid-responsive dermatoses,,Standard,No,N/A,N/A,N/A,N/A,N/A,N/A,
Cefotan,cefotetan disodium,Stuart,NDA,50588,,,Injectable,Injection,,,,,1/20/1984,12/27/1985,1985,"indicated for the treatment of the following infections when caused by susceptible strains of designated organisms: urinary tract infections, lower respiratory infections, skin and skin structure infections; gynecologic infections, intra-abdominal infections, bone and joint infections",,Standard,No,N/A,N/A,N/A,N/A,N/A,N/A,
Dormalin,quazepam,Schering,NDA,18708,,,Tablet,Oral,,,,,4/9/1982,12/27/1985,1985,"treatment of insomnia characterized by difficulty in falling asleep, frequent nocturnal awakenings and/or early morning awakenings",,Standard,No,N/A,N/A,N/A,N/A,N/A,N/A,
Carnitor,L-carnitine,Sigma-Tau,NDA,18948,,,Tablet,Oral,,,,,2/8/1983,12/27/1985,1985,treatment of primary systemic carnitine deficiency,,Priority,No,N/A,N/A,N/A,N/A,N/A,N/A,
Mexitil,mexiletine hydrochloride,Boehringer Ingelheim Pharmaceuticals,NDA,18873,,,Capsule,Oral,,,,,10/1/1982,12/30/1985,1985,"for the suppression of symptomatic ventricular arrhythmias, including frequent premature ventricular contractions, unifocal or multifocal, couplets and ventricular tachycardia",,Priority,No,N/A,N/A,N/A,N/A,N/A,N/A,
Wellbutrin,bupropion hydrochloride,Burroughs Wellcome,NDA,18644,,,Tablet,Oral,,,,,12/23/1981,12/30/1985,1985,"treatment of depression in patients who fail to respond adequately to, or who cannot tolerate, alternative antidepressant treatments",,Priority,No,N/A,N/A,N/A,N/A,N/A,N/A,
Virazole,ribavirin,Viratek,NDA,18859,,,For Solution,Inhalation,,,,,9/21/1982,12/31/1985,1985,indicated in the treatment of carefully selected hospitalized infants and young children with severe lower respiratory tract infections due to respiratory syncytial virus (RSV),,Priority,No,N/A,N/A,N/A,N/A,N/A,N/A,
Isovue,iopamidol,Squibb,NDA,18735,,,Injectable,Injection,,,,,3/4/1983,12/31/1985,1985,"indicated for lumbar, thoracic, cervical and total columnar myelography, coronary angiography and ventriculography, peripheral arteriography and ventriculography, peripheral arteriography, cerebral arteriography and CT scanning of the head and body",,Standard,No,N/A,N/A,N/A,N/A,N/A,N/A,
Orudis,ketoprofen,Wyeth,NDA,18754,,,Capsule,Oral,,,,,3/16/1982,1/9/1986,1986,treatment of signs and symptoms of osteoarthritis and rheumatoid arthritis,,Standard,No,N/A,N/A,N/A,N/A,N/A,N/A,
Nix,permethrin,Burroughs Wellcome,NDA,19435,,,Lotion,Topical,,,,,2/28/1985,3/31/1986,1986,single-application treatment of infestation with Pediculus humanus capitis (the head louse) and its nits (eggs),,Priority,No,N/A,N/A,N/A,N/A,N/A,N/A,
Intron-A,interferon alfa-2b,Schering,BLA,103132,,,Injectable,Injection,,,,,10/4/1983,6/4/1986,1986,treatment of patients 18 years of age or older with hairy cell leukemia,,Priority,No,N/A,N/A,N/A,N/A,N/A,N/A,
Roferon-A,interferon alfa-2a,Hoffmann-La Roche,BLA,103145,,,Injectable,Injection,,,,,10/24/1984,6/4/1986,1986,treatment of patients 18 years of age or older with hairy cell leukemia,,Priority,No,N/A,N/A,N/A,N/A,N/A,N/A,
Orthoclone OKT3,muromonab-CD3,Ortho Pharms,BLA,103135,,,Injectable,Injection,,,,,3/29/1984,6/19/1986,1986,treatment of acute allograft rejection in renal transplant patients,,Standard,No,N/A,N/A,N/A,N/A,N/A,N/A,Biologic product assigned new license number and now referenced by BLA 103463
Buspar,buspirone hydrochloride,Bristol-Myers,NDA,18731,,,Tablet,Oral,,,,,12/15/1982,9/29/1986,1986,management of anxiety disorders or the short term relief of the symptoms of anxiety,,Priority,No,N/A,N/A,N/A,N/A,N/A,N/A,
Tegison,etretinate,Hoffmann-La Roche,NDA,19369,,,Capsule,Oral,,,,,12/19/1984,9/30/1986,1986,"treatment of severe recalcitrant psoriasis, including erythrodermic and generalized pustular types",,Priority,No,N/A,N/A,N/A,N/A,N/A,N/A,
Pepcid,famotidine,Merck Sharp & Dohme,NDA,19462,,,Tablet,Oral,,,,,6/24/1985,10/15/1986,1986,short term treatment of acute duodenal ulcer; maintenance therapy for duodenal ulcer patients at reduced dosage after healing of active ulcer; treatment of pathological hypersecretory conditions such as Zollinger-Ellison syndrome,,Standard,No,N/A,N/A,N/A,N/A,N/A,N/A,
Tenex,guanfacine hydrochloride,Robins,NDA,19032,,,Tablet,Oral,,,,,9/14/1983,10/27/1986,1986,indicated in the management of hypertension,,Standard,No,N/A,N/A,N/A,N/A,N/A,N/A,
Provocholine,methacholine chloride,Hoffmann-La Roche,NDA,19193,,,For Solution,Inhalation,,,,,12/29/1983,10/31/1986,1986,indicated for the diagnosis of bronchial airway hyperreactivity in subjects who do not have clinically apparent asthma,,Priority,No,N/A,N/A,N/A,N/A,N/A,N/A,
Cibacalcin,calcitonin (human),Ciba-Geigy,NDA,18470,,,Injectable,Injection,,,,,12/8/1980,10/31/1986,1986,treatment of symptomatic Paget’s disease of the bone,,Priority,Yes,N/A,N/A,N/A,N/A,N/A,N/A,
Technescan Hida,technetium Tc-99m lidofenin,Merck Sharp & Dohme,NDA,18489,,,Injectable,Injection,,,,,5/6/1980,10/31/1986,1986,indicated as a hepatobiliary imaging agent,,Standard,No,N/A,N/A,N/A,N/A,N/A,N/A,
Noroxin,norfloxacin,Merck Sharp & Dohme,NDA,19384,,,Tablet,Oral,,,,,1/14/1985,10/31/1986,1986,Treatment of adults with complicated and uncomplicated urinary tract infections caused by susceptible strains of microorganisms,,Priority,No,N/A,N/A,N/A,N/A,N/A,N/A,
Lamprene,clofazimine,Ciba-Geigy,NDA,19500,,,Capsule,Oral,,,,,7/1/1985,12/15/1986,1986,"indicated in the treatment of lepromatous leprosy, including dapsone-resistant lepromatous leprosy and lepromatous leprosy complicated by erythema nodosum leprosum",,Priority,Yes,N/A,N/A,N/A,N/A,N/A,N/A,
Enkaid,encainide hydrochloride,Bristol-Myers,NDA,18981,,,Capsule,Oral,,,,,1/13/1984,12/24/1986,1986,for the treatment of documented life threatening arrhythmias such as sustained ventricular tachycardia; for the treatment of patients with symptomatic nonsustained ventricular tachycardia and frequent premature ventricular complexes,,Priority,No,N/A,N/A,N/A,N/A,N/A,N/A,
Atrovent,ipratropium bromide,Boehringer Ingelheim Pharmaceuticals,NDA,19085,,,"Aerosol, Metered",Inhalation,,,,,8/1/1983,12/29/1986,1986,"indicated as a bronchodilator for maintenance treatment of bronchospasm associated with chronic obstructive pulmonary disease, including chronic bronchitis and emphysema",,Priority,No,N/A,N/A,N/A,N/A,N/A,N/A,
Alfenta,alfentanil hydrochloride,Janssen,NDA,19353,,,Injectable,Injection,,,,,12/26/1984,12/29/1986,1986,indicated as an analgesic adjunct given in incremental doses in the maintenance of anesthesia with barbituate/nitrous oxide/oxygen; as an analgesic administered by continuous infusion with nitrous oxide/oxygen in the maintenance of general anesthesia; as a primary anesthetic agent for the induction of anesthesia in patients undergoing general surgery in which endotracheal intubation and mechanical ventilation are required,,Standard,No,N/A,N/A,N/A,N/A,N/A,N/A,
Exirel,pirbuterol acetate,Pfizer,NDA,19009,,,"Aerosol, Metered",Inhalation,,,,,4/21/1983,12/30/1986,1986,"indicated for the relief of acute bronchospasm in patients with chronic reversible obstructive airway disease (extrinsic asthma, intrinsic asthma and chronic bronchitis/emphysema)",,Standard,No,N/A,N/A,N/A,N/A,N/A,N/A,
Cyklokapron,tranexamic acid,KabiVitrum,NDA,19280,19281,,Tablet,Oral,Injectable,Injection,,,5/9/1984,12/30/1986,1986,indicated in patients with hemophilia for short term use (two to eight days) to reduce or prevent hemorrhage and reduce the need for replacement therapy during and following tooth extraction,,Standard,Yes,N/A,N/A,N/A,N/A,N/A,N/A,
Brevibloc,esmolol hydrochloride,DuPont,NDA,19386,,,Injectable,Injection,,,,,1/8/1985,12/31/1986,1986,"indicated for the rapid control of ventricular rate in patients with atrial fibrillation or atrial flutter in perioperative, postoperative, or other emergent circumstances where short term control of ventricular rate with a short-acting agent is desirable; also indicated in compensatory sinus tachycardia where, in the physician's judgment the rapid heart rate requires specific intervention",,Priority,No,N/A,N/A,N/A,N/A,N/A,N/A,
Azactam,aztreonam,Squibb,NDA,50580,,,Injectable,Injection,,,,,12/29/1983,12/31/1986,1986,"treatment of the following infections caused by susceptible gram-negative microorganisms: Urinary Tract Infections (complicated and uncomplicated), Lower Respiratory Tract Infections, Septicemia, Skin and Skin Structure Infections, Intra-abdominal Infections, Gynecologic Infections; indicated for adjunctive therapy to surgery in the management of infections caused by susceptible organisms including abscesses, infections complicating hollow viscous perforations, cutaneous infections and infections of serous surfaces",,Priority,No,N/A,N/A,N/A,N/A,N/A,N/A,
Unasyn,"sulbactam sodium, ampicillin sodium",Pfizer,NDA,50608,,,Injectable,Injection,,,,,4/18/1985,12/31/1986,1986,treatment of infections due to susceptible of designated microorganisms for: Lower Respiratory Tract Infections; Skin and Skin Structure Infections; Urinary Tract Infections; Intra-Abdominal Infections; Gynecological Infections,,Standard,No,N/A,N/A,N/A,N/A,N/A,N/A,
Ocufen,flurbiprofen sodium,Allergan,NDA,19404,,,Solution/Drops,Ophthalmic,,,,,12/19/1984,12/31/1986,1986,inhibition of intraoperative miosis,,Priority,No,N/A,N/A,N/A,N/A,N/A,N/A,
Choletec,technetium Tc-99m mebrofenin,Squibb,NDA,18963,,,Injectable,Injection,,,,,3/4/1983,1/21/1987,1987,indicated as a hepatobiliary imaging agent,,Standard,No,N/A,N/A,N/A,N/A,N/A,N/A,
Retrovir,zidovudine,Burroughs Wellcome,NDA,19655,,,Capsule,Oral,,,,,12/2/1986,3/19/1987,1987,for the management of certain adult patients with symptomatic HIV infection (AIDS and advanced ARC) who have a history of cytologically confirmed Pneumocystis carinii pneumonia (PCP) or an absolute CD4 (T4 helper/inducer) lymphocyte count of less than 200/mm in the peripheral blood before therapy is begun,,Priority,Yes,N/A,N/A,N/A,N/A,N/A,N/A,
Elocon,mometasone furoate,Schering,NDA,19543,,,Ointment,Topical,,,,,11/8/1985,4/30/1987,1987,indicated for the relief of the inflammatory and pruritic manifestations of corticosteroid-responsive dermatoses,,Standard,No,N/A,N/A,N/A,N/A,N/A,N/A,
Hytrin,terazosin hydrochloride,Abbott Laboratories,NDA,19057,,,Tablet,Oral,,,,,10/3/1983,8/7/1987,1987,treatment of hypertension,,Standard,No,N/A,N/A,N/A,N/A,N/A,N/A,
Mevacor,lovastatin,Merck Sharp & Dohme,NDA,19643,,,Tablet,Oral,,,,,11/14/1986,8/31/1987,1987,indicated as an adjunct to diet for the reduction of elevated total and LDL cholesterol levels in patients with primary hypercholesterolemia (Types IIa and IIb) when the response to diet and other nonpharmacological measures alone has been inadequate,,Priority,No,N/A,N/A,N/A,N/A,N/A,N/A,
Cipro,ciprofloxacin hydrochloride,Miles,NDA,19537,,,Tablet,Oral,,,,,3/25/1986,10/22/1987,1987,"indicated for treatment of infections caused by susceptible strains of designated microorganisms in the conditions listed: lower respiratory, skin and skin structure, bone and joint, and urinary tract infections; infectious diarrhea",,Priority,No,N/A,N/A,N/A,N/A,N/A,N/A,
Activase,alteplase,Genentech,BLA,103172,,,Injectable,Injection,,,,,5/1/1986,11/13/1987,1987,"indicated for use in the management of acute myocardial infarction in adults for the lysis of thrombi obstructing coronary arteries, the improvement of ventricular function and reduction of the incidence of congestive heart failure",,Priority,No,N/A,N/A,N/A,N/A,N/A,N/A,
Novantrone,mitoxantrone hydrochloride,Lederle,NDA,19297,,,Injectable,Injection,,,,,5/24/1984,12/23/1987,1987,"indicated in the initial therapy of acute nonlymphocytic leukemia (ANLL) in adults.  This category includes myelogenous, promyelocytic, monocytic, and erythroid acute leukemias",,Standard,Yes,N/A,N/A,N/A,N/A,N/A,N/A,
Parathar,teriparatide acetate,Rorer,NDA,19498,,,Injectable,Injection,,,,,6/28/1985,12/23/1987,1987,as a diagnostic agent to assist in establishing the diagnosis in patients presenting with evidence of hypocalcemia due to either hypoparathyroidism or pseudohypoparathyroidism,,Priority,Yes,N/A,N/A,N/A,N/A,N/A,N/A,
Ucephan,"sodium phenylacetate, sodium benzoate",Kendall McGaw,NDA,19530,,,Solution,Oral,,,,,10/2/1985,12/23/1987,1987,"indicated as adjunctive therapy for the prevention and treatment of hyperammonemia in chronic management of urea cycle enzymopathies involving partial or complete deficiencies of carbamylphosphate synthetase, ornithine transcarbmylase, or argininosuccinate synthetase",,Priority,Yes,N/A,N/A,N/A,N/A,N/A,N/A,
Rowasa,mesalamine,Reid-Rowell,NDA,19618,,,Enema,Rectal,,,,,6/13/1986,12/24/1987,1987,"treatment of active mild to moderate distal ulcerative colitis, proctosigmoiditis or proctitis",,Priority,No,N/A,N/A,N/A,N/A,N/A,N/A,
Spectamine,iofetamine hydrochloride  I 123,Medi-Physics,NDA,19432,,,Injectable,Injection,,,,,2/12/1985,12/24/1987,1987,evaluation of nonlucunar stroke especially when used within 96 hours of the first onset of neurological deficit,,Standard,No,N/A,N/A,N/A,N/A,N/A,N/A,
Prozac,fluoxetine hydrochloride,Eli Lilly,NDA,18936,,,Capsule,Oral,,,,,9/6/1983,12/29/1987,1987,treatment of depression,,Priority,No,N/A,N/A,N/A,N/A,N/A,N/A,
Prinivil,lisinopril,Merck Sharp & Dohme,NDA,19558,,,Tablet,Oral,,,,,4/17/1986,12/29/1987,1987,treatment of hypertension,,Standard,No,N/A,N/A,N/A,N/A,N/A,N/A,
Cefmax,cefmenoxime hydrochloride,TAP Pharmaceuticals,NDA,50571,,,Injectable,Injection,,,,,6/28/1983,12/30/1987,1987,"indicated for the treatment of infections caused by susceptible strains of designated microorganisms in:  Lower respiratory infections, urinary tract infections",,Standard,No,N/A,N/A,N/A,N/A,N/A,N/A,
Levatol,penbutolol sulfate,Eli Lilly,NDA,18976,,,Tablet,Oral,,,,,9/6/1983,12/30/1987,1987,treatment of mild-to-moderate arterial hypertension,,Standard,No,N/A,N/A,N/A,N/A,N/A,N/A,
Deursil,ursodiol,Gipharmex,NDA,19594,,,Capsule,Oral,,,,,2/24/1986,12/31/1987,1987,"patients with radiolucent, non-calcified, gallbladder stones <20mm in greatest diameter in whom elective cholecystectomy would be undertaken except for the presence of increased surgical risk due to systemic disease or age",,Priority,No,N/A,N/A,N/A,N/A,N/A,N/A,
Terazol 7,terconazole,Ortho,NDA,19579,,,Cream,Vaginal,,,,,5/22/1986,12/31/1987,1987,local treatment of vulvovaginal candidiasis (moniliasis),,Standard,No,N/A,N/A,N/A,N/A,N/A,N/A,
Corotrope,milrinone lactate,Sterling-Winthrop,NDA,19436,,,Injectable,Injection,,,,,6/27/1985,12/31/1987,1987,short-term  intravenous  treatment  of  patients  with  acute  decompensated  heart  failure,,Standard,No,N/A,N/A,N/A,N/A,N/A,N/A,
Bactroban,mupirocin,Beecham,NDA,50591,,,Ointment,Topical,,,,,3/26/1984,12/31/1987,1987,"indicated for the topical treatment of impetigo due to: Staphylococcus aureus, beta hemolytic Streptococcus, and Streptococcus pyogenes",,Standard,No,N/A,N/A,N/A,N/A,N/A,N/A,
Iopidine,apraclonidine hydrochloride,Alcon,NDA,19779,,,Solution/Drops,Ophthalmic,,,,,10/5/1987,12/31/1987,1987,to control or prevent postsurgical elevations in intraocular pressure that occur in patients after argon laser trabeculoplasty or argon laser iridotomy,,Standard,No,N/A,N/A,N/A,N/A,N/A,N/A,
Rimadyl,carprofen,Hoffmann-La Roche,NDA,18550,,,Tablet,Oral,,,,,9/24/1980,12/31/1987,1987,"acute or long-term use for the relief of signs and symptoms of rheumatiod arthritis, osteoarthritis, and acute gouty arthritis",,Standard,No,N/A,N/A,N/A,N/A,N/A,N/A,
Naftin,naftifine hydrochloride,Herbert Labs,NDA,19599,,,Cream,Topical,,,,,3/18/1986,2/29/1988,1988,indicated for the topical treatment of tinea cruris and tinea corporis,,Standard,No,N/A,N/A,N/A,N/A,N/A,N/A,
Axid,nizatidine,Eli Lilly,NDA,19508,,,Capsule,Oral,,,,,5/15/1986,4/12/1988,1988,treatment of active duodenal ulcers for up to six weeks; maintenance therapy of duodenal ulcer patients at a reduced dosage after healing of an active duodenal ulcer,,Standard,No,N/A,N/A,N/A,N/A,N/A,N/A,
Magnevist,gadopentetate dimeglumine,Berlex,NDA,19596,,,Injectable,Injection,,,,,8/19/1986,6/2/1988,1988,"using magnetic resonance imaging in adult patients, gadopentetate dimeglumine provides contrast enhancement in those intracranial lesions with abnormal vascularity or those thought to cause an abnormal blood brain barrier",,Priority,No,N/A,N/A,N/A,N/A,N/A,N/A,
Voltaren,diclofenac sodium,Ciba,NDA,19201,,,"Tablet, Delayed Release",Oral,,,,,12/20/1983,7/28/1988,1988,"acute and chronic treatment of the signs and symptoms of rheumatoid arthritis, osteoarthritis, and ankylosing spondylitis",,Standard,No,N/A,N/A,N/A,N/A,N/A,N/A,
Thiola,tiopronin,Mission Pharmacal,NDA,19569,,,Tablet,Oral,,,,,1/8/1986,8/11/1988,1988,"prevention of cystine (kidney) stone formation in patients with severe homozygous cystinuria with urinary cystine greater than 500 mg/day, who are resistant to treatment with conservative measures of high fluid intake, alkali and diet modification, or who have adverse reactions to d-penicillamine",,Priority,Yes,N/A,N/A,N/A,N/A,N/A,N/A,
Photoplex,"avobenzone, padimate-O",Herbert Labs,NDA,19459,,,Lotion,Topical,,,,,4/8/1985,9/30/1988,1988,protection from the acute and long-term risks associated with UVA and UVB light exposure,,Standard,No,N/A,N/A,N/A,N/A,N/A,N/A,
Sandostatin,octreotide acetate,Sandoz,NDA,19667,,,Injectable,Injection,,,,,2/9/1987,10/21/1988,1988,treatment of chronic and severe diarrhea and flushing episodes associated with carcinoid tumors and vasoactive intestinal peptide-secreting tumors (VIPomas),,Priority,No,N/A,N/A,N/A,N/A,N/A,N/A,
Cardene,nicardipine hydrochloride,Syntex,NDA,19488,,,Capsule,Oral,,,,,11/20/1985,12/21/1988,1988,management of patients with chronic stable angina (effort-associated angina); management of hypertension,,Standard,No,N/A,N/A,N/A,N/A,N/A,N/A,
Ethamolin,ethanolamine oleate,Glaxo,NDA,19357,,,Injectable,Injection,,,,,9/14/1984,12/22/1988,1988,"treatment of patients with esophageal varices that have recently bled, to prevent rebleeding",,Priority,Yes,N/A,N/A,N/A,N/A,N/A,N/A,
Cytotec,misoprostol,Searle,NDA,19268,,,Tablet,Oral,,,,,5/23/1984,12/27/1988,1988,"prevention of NSAID (nonsteroidal anti-inflammatory drugs, including aspirin)- induced gastric ulcers in patients at high risk of complications from a gastric ulcer, e.g., the elderly and patients with concomitant disease, as well as patients at high risk of developing gastric ulceration, such as patients with a history of ulcer",,Priority,No,N/A,N/A,N/A,N/A,N/A,N/A,
Nimotop,nimodipine,Miles,NDA,18869,,,Capsule,Oral,,,,,9/17/1982,12/28/1988,1988,for the improvement of neurological deficits due to spasm following subarachnoid hemorrhage from ruptured congenital intracranial aneurysms in patients who are in good neurological condition post-ictus (e.g. Hunt and Hess Grades I-III),,Priority,No,N/A,N/A,N/A,N/A,N/A,N/A,
Cartrol,carteolol hydrochloride,Abbott Laboratories,NDA,19204,,,Tablet,Oral,,,,,10/3/1984,12/28/1988,1988,management of hypertension,,Standard,No,N/A,N/A,N/A,N/A,N/A,N/A,
Hismanal,astemizole,Janssen,NDA,19402,,,Tablet,Oral,,,,,2/25/1985,12/29/1988,1988,relief of symptoms associated with seasonal allergic rhinitis and chronic idiopathic urticaria,,Standard,No,N/A,N/A,N/A,N/A,N/A,N/A,
Oxistat,oxiconazole nitrate,Glaxo,NDA,19828,,,Cream,Topical,,,,,2/11/1988,12/30/1988,1988,"treatment of tinea pedis, tinea cruris and tinea corporis due to Trichophyton rubrum, Trichophyton mentagrophytes, or Epidermophyton floccosum",,Standard,No,N/A,N/A,N/A,N/A,N/A,N/A,
Optiray,ioversol,Mallinckrodt,NDA,19710,,,Injectable,Injection,,,,,6/26/1987,12/30/1988,1988,"Optiray-320 for angiography throughout the cardiovascular system including cerebral, coronary, peripheral, visceral and renal arteriography, aortography, and left ventriculography; contrast enhanced CT imaging of the head and body, and I.V. excretory urography. Optiray-240  indicated  for cerebral angiography and venography. Optiray-160 intra-arterial digital subtraction angiography",,Standard,No,N/A,N/A,N/A,N/A,N/A,N/A,
Ifex,ifosfamide,Bristol-Myers,NDA,19763,,,Injectable,Injection,,,,,12/10/1987,12/30/1988,1988,"used in combination with certain other approved antineoplastic agents is indicated for third-line chemotherapy of germ cell testicular cancer. It should ordinarily be used in combination with a prophylactic agent for hemorrhagic cystitis, such as mesna",,Priority,Yes,N/A,N/A,N/A,N/A,N/A,N/A,
Ceretec,technetium Tc-99m exametazime,Amersham,NDA,19829,,,Injectable,Injection,,,,,3/15/1988,12/30/1988,1988,use as an adjunct in the detection of altered regional cerebral perfusion in strokes,,Priority,No,N/A,N/A,N/A,N/A,N/A,N/A,
Mesnex,mesna,Asta,NDA,19884,,,Injectable,Intravenous,,,,,7/6/1988,12/30/1988,1988,prophylactic agent for reducing the incidence of ifosamide-induced hemorrhagic cystitis,,Priority,Yes,N/A,N/A,N/A,N/A,N/A,N/A,
Ceradon,cefotiam hydrochloride,Takeda,NDA,50601,,,Injectable,Injection,,,,,4/30/1985,12/30/1988,1988,"treatment of infections caused by susceptible strains of the designated microorganisms: lower respiratory tract infections, bronchitis, and pneumonia",,Standard,No,N/A,N/A,N/A,N/A,N/A,N/A,
Permax,pergolide mesylate,Eli Lilly,NDA,19385,,,Tablet,Oral,,,,,9/13/1985,12/30/1988,1988,as adjunctive treatment to levodopa in the management of the signs and symptoms of Parkinson’s disease,,Priority,No,N/A,N/A,N/A,N/A,N/A,N/A,
Eulexin,flutamide,Schering,NDA,18554,,,Capsule,Oral,,,,,9/30/1980,1/27/1989,1989,in combination with LHRH agonistic analogs (such as leuprolide acetate) for the treatment of metastatic prostatic carcinoma,,Priority,No,N/A,N/A,N/A,N/A,N/A,N/A,
Cefpiramide,cefpiramide sodium,Wyeth-Ayerst,NDA,50633,,,Injectable,Injection,,,,,7/31/1987,1/31/1989,1989,"indicated for the treatment of the following infections when caused by susceptible strains of designated organisms:  lower respiratory infections including pneumonia, skin and skin structure infections",,Standard,No,N/A,N/A,N/A,N/A,N/A,N/A,
Paraplatin,carboplatin,Bristol-Myers,NDA,19880,,,Injectable,Injection,,,,,6/30/1988,3/3/1989,1989,"palliative treatment of patients with ovarian carcinoma recurrent after prior chemotherapy, including patients who have previously been treated with cisplatin",,Priority,No,N/A,N/A,N/A,N/A,N/A,N/A,
Suprax,cefixime,Lederle,NDA,50621,50622,,Tablet,Oral,Suspension,Oral,,,6/27/1986,4/28/1989,1989,"indicated in the treatment of the following infections when caused by susceptible strains of the designated microorganisms: Uncomplicated Urinary Tract Infections, Otitis Media, Pharyngitis and tonsillitis, Acute Bronchitis and Acute Exacerbations of Chronic Bronchitis",,Standard,No,N/A,N/A,N/A,N/A,N/A,N/A,
Lariam,mefloquine hydrochloride,Department of the Army,NDA,19578,,,Tablet,Oral,,,,,2/5/1986,5/2/1989,1989,"treatment of mild to moderate acute malaria caused by mefloquine-susceptible strains of P. falciparum (both chloroquine-susceptible and resistant strains) or by Plasmodium vivax; also indicated for the prophylaxis of P. falciparum and P. vivax malaria infections, including prophylaxis of chloroquine-resistant strains of P. falciparum.",,Priority,Yes,N/A,N/A,N/A,N/A,N/A,N/A,
Epogen,epoetin alfa,Amgen,BLA,103234,,,Injectable,Injection,,,,,11/3/1987,6/1/1989,1989,"treatment of anemia associated with chronic renal failure, including patients on dialysis (end-stage renal disease) and patients not on dialysis",,Standard,Yes,N/A,N/A,N/A,N/A,N/A,N/A,
Eldepryl,selegiline hydrochloride,Somerset,NDA,19334,,,Tablet,Oral,,,,,7/23/1984,6/5/1989,1989,indicated as an adjunct in the management of Parkinsonian patients being treated with levodopa/carbidopa who exhibit deterioration in the quality of their response to this therapy,,Priority,Yes,N/A,N/A,N/A,N/A,N/A,N/A,
Cytovene,ganciclovir sodium,Syntex,NDA,19661,,,Injectable,Injection,,,,,12/29/1986,6/23/1989,1989,"treatment of CMV retinitis in immunocompromised 
patients, including patients with acquired immunodeficiency syndrome (AIDS)",,Priority,Yes,N/A,N/A,N/A,N/A,N/A,N/A,
Losec,omeprazole,Merck Sharp & Dohme,NDA,19810,,,"Capsule, Delayed Release Pellets",Oral,,,,,7/1/1988,9/14/1989,1989,"short-term treatment (four to eight weeks) of severe erosive esophagitis; short-term treatment of symptomatic gastroesophageal reflux disease (GERD) poorly responsive to customary medical treatment, usually including an adequate course of a histamine H2 receptor antagonist;  long-term treatment of Zollinger-Ellison syndrome",,Priority,No,N/A,N/A,N/A,N/A,N/A,N/A,
Clozaril,clozapine,Sandoz,NDA,19758,,,Tablet,Oral,,,,,9/1/1987,9/26/1989,1989,treatment of severely ill schizophrenic patients who fail to respond to standard drug therapies,,Priority,No,N/A,N/A,N/A,N/A,N/A,N/A,
Diprivan,propofol,ICI,NDA,19627,,,Injectable,Injection,,,,,8/1/1986,10/2/1989,1989,induction and maintenance of anesthesia,,Standard,No,N/A,N/A,N/A,N/A,N/A,N/A,
Alferon N,interferon alfa-n3,Interferon Sciences,BLA,103158,,,Injectable,Injection,,,,,12/16/1985,10/10/1989,1989,treatment of condyloma acuminata (genital warts),,Standard,No,N/A,N/A,N/A,N/A,N/A,N/A,
Adenocard,adenosine,Medco,NDA,19937,,,Injectable,Injection,,,,,12/28/1988,10/30/1989,1989,"indicated for conversion to sinus rhythm of paroxysmal supraventricular tachycardia (PSVT), including that associated with accessory bypass tracts (Wolff-Parkinson-White Syndrome)",,Priority,No,N/A,N/A,N/A,N/A,N/A,N/A,
Eminase,anistreplase,Beecham,BLA,103273,,,Injectable,Injection,,,,,6/8/1988,11/27/1989,1989,"indicated for use in the management of acute myocardial infarction (AMI) in adults, for the lysis of thrombi obstructing coronary arteries, the reduction of infarct size, the improvement of ventricular function following AMI, and the reduction of mortality associated with AMI",,Standard,No,N/A,N/A,N/A,N/A,N/A,N/A,Biologic product assigned new license number and now referenced by BLA 103674
Rythmol,propafenone hydrochloride,Knoll,NDA,19151,,,Tablet,Oral,,,,,10/26/1983,11/27/1989,1989,"treatment of documented ventricular arrhythmias, such as sustained ventricular tachycardia, that in the judgment of the physician, are life-threatening",,Standard,No,N/A,N/A,N/A,N/A,N/A,N/A,
Toradol,ketorolac tromethamine,Syntex,NDA,19698,,,Injectable,Injection,,,,,6/22/1987,11/30/1989,1989,indicated for the short-term management of pain,,Priority,No,N/A,N/A,N/A,N/A,N/A,N/A,
Osmovist,iotrolan,Berlex,NDA,19580,,,Injectable,Intrathecal,,,,,2/10/1986,12/7/1989,1989,"indicated for lumbar, thoracic, cervical, and total columnar myelography, and computerized tomography (CT) of spinal and subarachnoid spaces, in adults",,Standard,No,N/A,N/A,N/A,N/A,N/A,N/A,
Oculinum,botulinum toxin type A,Allergan,BLA,103000,,,Injectable,Injection,,,,,3/28/1985,12/9/1989,1989,"for the treatment of strabismus  in patients 12 years of age and above;
blepharospasm associated with dystonia, including benign essential blepharospasm or [seventh] nerve disorders in patients 12 years of age and above",,Standard,Yes,N/A,N/A,N/A,N/A,N/A,N/A,
Zefazone,cefmetazole sodium,Upjohn,NDA,50637,,,Injectable,Injection,,,,,12/31/1987,12/11/1989,1989,"treatment of serious infections caused by susceptible strains of the designated microorganisms in the following diseases: Urinary Tract Infections; Lower Respiratory Tract Infections; Skin and Skin Structure Infections; Intraabdominal Infections; reduce the incidence of certain postoperative infections in patients who undergo caesarean section, abdominal or vaginal hysterectomy, cholecystectomy (high risk patients), and colorectal surgery",,Standard,No,N/A,N/A,N/A,N/A,N/A,N/A,
Pindac,pinacidil,Eli Lilly,NDA,19456,,,"Capsule, Extended Release",Oral,,,,,7/31/1985,12/28/1989,1989,treatment of hypertension,,Standard,No,N/A,N/A,N/A,N/A,N/A,N/A,
Anafranil,clomipramine hydrochloride,Ciba-Geigy,NDA,19906,,,Capsule,Oral,,,,,6/16/1989,12/29/1989,1989,"treatment of obsessions and compulsions in patients with Obsessive Compulsive Disorder (OCD). The obsessions or compulsions must cause marked distress, be time-consuming, or significantly interfere with social or occupational functioning, in order to meet the DSM III-R (circa 1989) diagnosis of OCD",,Priority,No,N/A,N/A,N/A,N/A,N/A,N/A,
Zoladex,goserelin acetate,ICI,NDA,19726,,,Implant,Implantation,,,,,8/14/1987,12/29/1989,1989,palliative treatment of advanced carcinoma of the prostate,,Standard,No,N/A,N/A,N/A,N/A,N/A,N/A,
Dalgan,dezocine,Wyeth-Ayerst,NDA,19082,,,Injectable,Injection,,,,,7/29/1983,12/29/1989,1989,indicated for the management of pain when the use of an opioid analgesic is appropriate,,Standard,No,N/A,N/A,N/A,N/A,N/A,N/A,
Cardiogen-82,rubidium Rb 82 chloride,Bristol-Myers Squibb,NDA,19414,,,Injectable,Injection,,,,,12/28/1984,12/29/1989,1989,indicated for assessing regional myocardial perfusion in the diagnosis and localization of myocardial infarction,,Standard,No,N/A,N/A,N/A,N/A,N/A,N/A,
Betamet,metipranolol hydrochloride,Bausch & Lomb,NDA,19907,,,Solution/Drops,Ophthalmic,,,,,10/21/1988,12/29/1989,1989,has been shown to be effective in lowering intraocular pressure and may be used in patients with chronic open-angle glaucoma or intraocular hypertension,,Standard,No,N/A,N/A,N/A,N/A,N/A,N/A,
Ortho Cyclen,"norgestimate, ethinyl estradiol",RW Johnson,NDA,19653,,,Tablet,Oral,,,,,3/24/1987,12/29/1989,1989,prevention of pregnancy in women who elect to use oral contraceptives as a method of contraception,,Standard,No,N/A,N/A,N/A,N/A,N/A,N/A,
Decabid,indecainide hydrochloride,Eli Lilly,NDA,19693,,,"Tablet, Extended Release",Oral,,,,,1/5/1988,12/29/1989,1989,"treatment of documented ventricular arrhythmias, such as sustained ventricular tachycardia, that in the judgment of the physician, are life-threatening",,Standard,No,N/A,N/A,N/A,N/A,N/A,N/A,
Diflucan,fluconazole,Pfizer,NDA,19949,19950,,Tablet,Oral,Injectable,Injection,,,3/2/1989,1/29/1990,1990,"treatment of oropharyngeal and esophageal candidiasis; serious systemic candidal infections, including urinary tract infection, peritonitis, and pneumonia; also indicated for treatment of cryptococcal meningitis",,Priority,No,N/A,N/A,N/A,N/A,N/A,N/A,
Synarel,nafarelin acetate,Syntex,NDA,19886,,,"Spray, Metered",Nasal,,,,,11/16/1988,2/13/1990,1990,"management of endometriosis, including pain relief and reduction of endometriotic lesions",,Standard,No,N/A,N/A,N/A,N/A,N/A,N/A,
Adagen,pegademase bovine,Enzon,BLA,19818,,,Injectable,Injection,,,,,1/13/1988,3/21/1990,1990,indicated for enzyme replacement therapy for adenosine deaminase (ADA) deficiency  in  patients  with  severe  combined  immunodeficiency  disease  (SCID)  who  are  not  suitable  candidates  for  –  or  who  have  failed  –  bone  marrow  transplantation,,Priority,Yes,N/A,N/A,N/A,N/A,N/A,N/A,Transition Product from NDA to BLA due to BPCI : Please see page 2 of data dictionary for more information.
TechneScan MAG3,technetium Tc-99m mertiatide,Mallinckrodt,NDA,19882,,,Injectable,Injection,,,,,10/18/1988,6/15/1990,1990,"indicated as a renal imaging agent for use in the diagnosis of congenital and acquired abnormalities, renal failure, urinary tract obstruction, and calculi",,Standard,No,N/A,N/A,N/A,N/A,N/A,N/A,
Ergamisol,levamisole hydrochloride,Janssen,NDA,20035,,,Tablet,Oral,,,,,11/1/1989,6/18/1990,1990,indicated as adjuvant treatment in combination with 5-fluorouracil after surgical resection in patients with Dukes' stage C colon cancer,,Priority,No,N/A,N/A,N/A,N/A,N/A,N/A,
Ethmozine,moricizine hydrochloride,DuPont,NDA,19753,,,Tablet,Oral,,,,,9/1/1987,6/19/1990,1990,"indicated for the treatment of documented ventricular arrhythmias, such as sustained ventricular tachycardia, that in the judgment of the physician are life-threatening",,Priority,No,N/A,N/A,N/A,N/A,N/A,N/A,
Arduan,pipecuronium bromide,Organon,NDA,19638,,,Injectable,Injection,,,,,12/29/1987,6/26/1990,1990,"indicated as an adjunct to general anesthesia, to provide skeletal muscle relaxation during surgery; can also be used to provide skeletal muscle relaxation for endotracheal intubation",,Standard,No,N/A,N/A,N/A,N/A,N/A,N/A,
Dipentum,olsalazine sodium,Pharmacia,NDA,19715,,,Capsule,Oral,,,,,9/1/1987,7/31/1990,1990,indicated for the maintenance of remission of ulcerative colitis in patients who are intolerant of sulfasalazine,,Priority,No,N/A,N/A,N/A,N/A,N/A,N/A,
Exosurf,"colfosceril palmitate, cetyl alcohol, tyloxapol",Burroughs Wellcome,NDA,20044,,,For Suspension,Intratracheal,,,,,2/16/1990,8/2/1990,1990,"indicated for prophylactic treatment of infants with birth weight less than 1350 grams who are at risk of developing RDS, prophylactic treatment of infants with birth weight greater than 1350 grams who have evidence of pulmonary immaturity, and rescue treatment of infants who have developed RDS",,Priority,Yes,N/A,N/A,N/A,N/A,N/A,N/A,
Idamycin,idarubicin hydrochloride,Adria,NDA,50661,,,Injectable,Injection,,,,,8/31/1989,9/27/1990,1990,in combination with other approved antileukemic drugs for the treatment of acute myeloid leukemia (AML) in adults,,Priority,Yes,N/A,N/A,N/A,N/A,N/A,N/A,
Cardura,doxazosin mesylate,Pfizer,NDA,19668,,,Tablet,Oral,,,,,3/11/1987,11/2/1990,1990,treatment of hypertension,,Standard,No,N/A,N/A,N/A,N/A,N/A,N/A,
Ornidyl,eflornithine hydrochloride,Marion Merrell Dow,NDA,19879,,,Injectable,Injection,,,,,8/2/1988,11/28/1990,1990,treatment of meningoencephalitic stage of Trypanosoma brucei gambiense infection (sleeping sickness),,Priority,Yes,N/A,N/A,N/A,N/A,N/A,N/A,
Cutivate,fluticasone propionate,Glaxo,NDA,19957,,,Ointment,Topical,,,,,10/26/1989,12/14/1990,1990,indicated for the relief of the inflammatory and pruritic manifestations of corticosteroid-responsive dermatoses,,Standard,No,N/A,N/A,N/A,N/A,N/A,N/A,
Ultravate,halobetasol propionate,Bristol-Myers Squibb,NDA,19968,,,Ointment,Topical,,,,,4/3/1989,12/17/1990,1990,indicated for the relief of the inflammatory and pruritic manifestations of corticosteroid-responsive dermatoses,,Standard,No,N/A,N/A,N/A,N/A,N/A,N/A,
Cardiotec,technetium Tc-99m teboroxime,Squibb,NDA,19928,,,Injectable,Injection,,,,,12/23/1988,12/19/1990,1990,"indicated as a myocardial perfusion agent that is useful in distinguishing normal from abnormal myocardium in patients with suspected coronary artery disease, using rest and stress techniques",,Priority,No,N/A,N/A,N/A,N/A,N/A,N/A,
Dynacirc,isradipine,Sandoz,NDA,19546,,,Capsule,Oral,,,,,4/25/1986,12/20/1990,1990,indicated for the management of hypertension,,Standard,No,N/A,N/A,N/A,N/A,N/A,N/A,
Actimmune,interferon gamma-1b,Genentech,BLA,103348,,,Injectable,Injection,,,,,12/22/1989,12/20/1990,1990,treatment of chronic granulomatous disease,,Priority,Yes,N/A,N/A,N/A,N/A,N/A,N/A,Biologic product assigned new license number and now referenced by BLA 103836
Cardiolite,technetium Tc-99m sestamibi,DuPont,NDA,19785,,,Injectable,Injection,,,,,12/12/1988,12/21/1990,1990,"indicated as a myocardial perfusion agent that is useful in distinguishing normal from abnormal myocardium, and in the localization of the abnormality, in patients with suspected myocardial infarction",,Standard,No,N/A,N/A,N/A,N/A,N/A,N/A,
Hexalen,altretamine,US Bioscience,NDA,19926,,,Capsule,Oral,,,,,12/19/1988,12/26/1990,1990,palliative treatment of patients with persistent or recurrent ovarian cancer following first-line therapy with cisplatin and/or alkylating agent based combination,,Priority,Yes,N/A,N/A,N/A,N/A,N/A,N/A,
ProSom,estazolam,Abbott Laboratories,NDA,19080,,,Tablet,Oral,,,,,12/19/1983,12/26/1990,1990,short term treatment of insomnia,,Standard,No,N/A,N/A,N/A,N/A,N/A,N/A,
Geref,sermorelin acetate,Serono,NDA,19863,,,Injectable,Injection,,,,,5/5/1988,12/28/1990,1990,for evaluating the ability of the somatotroph of the pituitary gland to secrete growth hormone (GH),,Standard,No,N/A,N/A,N/A,N/A,N/A,N/A,
Vascor,bepridil hydrochloride,McNeil Laboratories,NDA,19002,,,Tablet,Oral,,,,,12/28/1983,12/28/1990,1990,treatment of chronic stable angina (classic effort-associated angina) in patients failing to respond adequately to other therapy,,Priority,No,N/A,N/A,N/A,N/A,N/A,N/A,
Floxin,ofloxacin,RW Johnson,NDA,19735,,,Tablet,Oral,,,,,12/22/1987,12/28/1990,1990,"treatment for the following infections caused by susceptible strains of designated microorganisms; lower respiratory tract infections (acute bacterial exacerbations of chronic bronchitis and pneumonia); sexually transmitted diseases (acute, uncomplicated urethral and cervical gonorrhea, nongonococcal urethritis and cervicitis, and mixed infections of the urethra and cervix); skin and skin structure infections (mild to moderate skin and skin structure infections); urinary tract infections (uncomplicated cystitis, and complicated urinary tract infections); and prostatitis",,Standard,No,N/A,N/A,N/A,N/A,N/A,N/A,
Rev-Eyes,dapiprazole hydrochloride,Angelini,NDA,19849,,,Solution/Drops,Ophthalmic,,,,,5/27/1988,12/31/1990,1990,treatment of iatrogenically induced mydriasis produced by adrenergic (phenylephrine) or parasmypatholytic (tropicamide) agents,,Priority,No,N/A,N/A,N/A,N/A,N/A,N/A,
Zofran,ondansetron hydrochloride,Glaxo,NDA,20007,,,Injectable,Injection,,,,,10/12/1989,1/4/1991,1991,prevention of nausea and vomiting associated with initial and repeat courses of emetogenic cancer chemotherapy including high-dose cisplatin,,Priority,No,N/A,N/A,N/A,N/A,N/A,N/A,
Ganite,gallium nitrate,Fujisawa,NDA,19961,,,Injectable,Injection,,,,,3/20/1989,1/17/1991,1991,for the treatment of clearly symptomatic cancer-related hypercalcemia that has not responded to adequate hydration,,Priority,Yes,N/A,N/A,N/A,N/A,N/A,N/A,
Altace,ramipril,Hoechst-Roussel,NDA,19901,,,Capsule,Oral,,,,,11/7/1988,1/28/1991,1991,for the treatment of hypertension,,Standard,No,N/A,N/A,N/A,N/A,N/A,N/A,
Chemet,succimer,McNeil,NDA,19998,,,Capsule,Oral,,,,,8/22/1989,1/30/1991,1991,treatment of lead poisoning in children with blood lead levels above 45 mug/dL,,Priority,Yes,N/A,N/A,N/A,N/A,N/A,N/A,
Lodine,etodolac,Wyeth-Ayerst,NDA,18922,,,Capsule,Oral,,,,,12/30/1982,1/31/1991,1991,indicated for the treatment of osteoarthritis; management of pain,,Standard,No,N/A,N/A,N/A,N/A,N/A,N/A,
Neupogen,filgrastim,Amgen,BLA,103353,,,Injectable,Injection,,,,,1/5/1990,2/20/1991,1991,"to decrease the incidence of infection, as manifested in febrile neutropenia, in patients with non-myeloid malignancies receiving myelosuppressive anti-cancer drugs associated with a significant incidence of severe neutropenia with fever",,Priority,No,N/A,N/A,N/A,N/A,N/A,N/A,
Leukine,sargramostim,Immunex,BLA,103362,,,Injectable,Injection,,,,,2/24/1990,3/5/1991,1991,approved for use following induction chemotherapy in older adults with acute myelogenous leukemia (AML) to shorten the time to neutrophil recovery and reduce the incidence of severe and life-threatening infections and infections resulting in death,,Priority,Yes,N/A,N/A,N/A,N/A,N/A,N/A,
Nuromax,doxacurium chloride,Burroughs Wellcome,NDA,19946,,,Injectable,Injection,,,,,3/21/1989,3/7/1991,1991,"indicated as an adjunct to general anesthesia, to provide skeletal muscle relaxation during surgery; also be used to provide skeletal muscle relaxation for endotracheal intubation",,Standard,No,N/A,N/A,N/A,N/A,N/A,N/A,
Ceredase,alglucerase,Genzyme,NDA,20057,,,Injectable,Injection,,,,,4/24/1990,4/5/1991,1991,"indicated for use as long-term enzyme replacement therapy for patients with a confirmed diagnosis of Type 1 Gaucher disease who exhibit signs and symptoms that are severe enough to result in one of the following conditions:  moderate to severe anemia, thrombocytopenia with bleeding tendency, bone disease, significant hepatomegaly or splenomegaly",,Priority,Yes,N/A,N/A,N/A,N/A,N/A,N/A,
Fludara,fludarabine phosphate,Berlex,NDA,20038,,,Injectable,Injection,,,,,11/24/1989,4/18/1991,1991,treatment of patients with B-cell chronic lymphocytic leukemia (CLL) who have not responded to other treatments or whose disease has progressed during treatment with at least one standard alkylating agent-containing regimen,,Priority,Yes,N/A,N/A,N/A,N/A,N/A,N/A,
Monopril,fosinopril sodium,Bristol-Myers Squibb,NDA,19915,,,Tablet,Oral,,,,,11/15/1988,5/16/1991,1991,treatment of hypertension,,Standard,No,N/A,N/A,N/A,N/A,N/A,N/A,
Lotensin,benazepril hydrochloride,Ciba,NDA,19851,,,Tablet,Oral,,,,,7/6/1988,6/25/1991,1991,treatment of hypertension,,Standard,No,N/A,N/A,N/A,N/A,N/A,N/A,
Survanta,beractant,Ross,BLA,20032,,,Suspension,Intratracheal,,,,,1/2/1990,7/1/1991,1991,"prevention of RDS (hyaline membrane disease) in premature infants less than 1250 grams birthweight or with evidence of surfactant deficiency; treatment of (""rescue"") of premature infants with RDS confirmed by x-ray and requiring mechanical ventilation",,Standard,Yes,N/A,N/A,N/A,N/A,N/A,N/A,Transition Product from NDA to BLA due to BPCI : Please see page 2 of data dictionary for more information.
Plendil,felodipine,Merck Sharp & Dohme,NDA,19834,,,"Tablet, Extended Release",Oral,,,,,2/26/1988,7/25/1991,1991,treatment of hypertension,,Standard,No,N/A,N/A,N/A,N/A,N/A,N/A,
Foscavir,foscarnet sodium,Astra,NDA,20068,,,Injectable,Injection,,,,,9/20/1990,9/27/1991,1991,treatment of CMV retinitis in patients with acquired immunodeficiency syndrome (AIDS),,Priority,No,N/A,N/A,N/A,N/A,N/A,N/A,
Videx,didanosine,Bristol-Myers Squibb,NDA,20154,20155,20156,"Tablet, Chewable",Oral,Solution,Oral,Solution,Oral,4/2/1991,10/9/1991,1991,adult and pediatric patients over six months of age with advanced HIV infection who are intolerant of zidovudine [AZT] therapy or who have demonstrated significant clinical or immunologic deterioration during zidovudine therapy,,Priority,No,N/A,N/A,N/A,N/A,N/A,N/A,
Nipent,pentostatin,Parke-Davis,NDA,20122,,,Injectable,Injection,,,,,2/11/1991,10/11/1991,1991,treatment for adult patients with alpha-interferon-refractory hairy cell leukemia,,Priority,Yes,N/A,N/A,N/A,N/A,N/A,N/A,
Aredia,pamidronate disodium,Ciba-Geigy,NDA,20036,,,Injectable,Injection,,,,,12/21/1989,10/31/1991,1991,treatment of hypercalcemia associate with malignancy,,Priority,No,N/A,N/A,N/A,N/A,N/A,N/A,
Pravachol,pravastatin sodium,Bristol-Myers Squibb,NDA,19898,,,Tablet,Oral,,,,,1/31/1989,10/31/1991,1991,as an adjunct to diet for the reduction of elevated total and LDL-cholesterol levels in patients with primary hypercholesterolemia (Type IIa and IIb) when the response to a diet restricted in saturated fat and cholesterol has not been adequate,,Standard,No,N/A,N/A,N/A,N/A,N/A,N/A,
Ticlid,ticlopidine hydrochloride,Syntex,NDA,19979,,,Tablet,Oral,,,,,11/15/1989,10/31/1991,1991,"indicated to reduce the risk of thrombotic stroke (fatal 
or nonfatal) in patients who have experienced stroke precursors,
and in patients who have had a completed thrombotic stroke",,Priority,No,N/A,N/A,N/A,N/A,N/A,N/A,
Biaxin,clarithromycin,Abbott Laboratories,NDA,50662,,,Tablet,Oral,,,,,12/20/1989,10/31/1991,1991,indicated for the treatment of mild to moderate infections caused by susceptible strains of designated microorganisms in the conditions listed below:  pharyngitis/tonsillitis; sinusitis; acute bacterial exacerbations of chronic bronchitis; pneumonia; uncomplicated skin and skin structure infections,,Priority,No,N/A,N/A,N/A,N/A,N/A,N/A,
Zithromax,azithromycin,Pfizer,NDA,50670,,,Capsule,Oral,,,,,4/11/1990,11/1/1991,1991,"indicated for the treatment of individuals 16 years of age and older with mild to moderate infections caused by susceptible strains of designated microorganisms in the conditions listed below: acute bacterial exacerbations of chronic obstructive pulmonary disease; pneumonia; streptococcal pharyngitis/tonsillitis, as an alternative to first line therapy in individuals who cannot use first line therapy; uncomplicated skin and skin structure infections; non-gonococal urethritis and cervicitis",,Priority,No,N/A,N/A,N/A,N/A,N/A,N/A,
Accupril,quinapril hydrochloride,Parke-Davis,NDA,19885,,,Tablet,Oral,,,,,1/26/1989,11/19/1991,1991,treatment of hypertension,,Standard,No,N/A,N/A,N/A,N/A,N/A,N/A,
Romazicon,flumazenil,Roche,NDA,20073,,,Injectable,Injection,,,,,12/10/1990,12/20/1991,1991,"the complete or partial reversal of the sedative effects of benzodiazepines in cases where general anesthesia has been induced and/or maintained with benzodiazepines, where sedation has been produced with benzodiazepines for diagnostic and therapeutic procedures, and for the management of benzodiazepine overdose",,Priority,No,N/A,N/A,N/A,N/A,N/A,N/A,
Zocor,simvastatin,Merck Sharp & Dohme,NDA,19766,,,Tablet,Oral,,,,,10/16/1987,12/23/1991,1991,as an adjunct to diet for the reduction of elevated total and LDL cholesterol levels in patients with primary hypercholesterolemia (Types IIa and IIb) when the response to a diet restricted in saturated fat and cholesterol and other nonpharmacological measures alone has not been adequate,,Standard,No,N/A,N/A,N/A,N/A,N/A,N/A,
Cefzil,cefprozil,Bristol-Myers Squibb,NDA,50664,50665,,Tablet,Oral,Suspension,Oral,,,3/30/1990,12/23/1991,1991,indicated for the treatment of patients with mild to moderate infections caused by susceptible strains of designated microorganisms in the conditions listed below: pharyngitis/tonsillitis; otitis media; secondary bacterial infection of acute bronchitis and acute bacterial exacerbations of chronic bronchitis; uncomplicated skin and skin structure infections,,Standard,No,N/A,N/A,N/A,N/A,N/A,N/A,
Supprelin,histrelin acetate,Johnson & Johnson,NDA,19836,,,Injectable,Injection,,,,,5/22/1989,12/24/1991,1991,treatment of central precocious puberty,,Priority,Yes,N/A,N/A,N/A,N/A,N/A,N/A,
Relafen,nabumetone,SmithKline Beecham,NDA,19583,,,Tablet,Oral,,,,,2/10/1986,12/24/1991,1991,acute and chronic treatment of signs and symptoms of osteoarthritis and rheumatoid arthritis,,Standard,No,N/A,N/A,N/A,N/A,N/A,N/A,
Ismo,isosorbide mononitrate,Wyeth,NDA,19091,,,Tablet,Oral,,,,,12/30/1983,12/30/1991,1991,prevention and control of stable angina pectoris due to coronary artery disease,,Standard,No,N/A,N/A,N/A,N/A,N/A,N/A,
Zoloft,sertraline hydrochloride,Pfizer,NDA,19839,,,Tablet,Oral,,,,,4/13/1988,12/30/1991,1991,treatment of depression,,Standard,No,N/A,N/A,N/A,N/A,N/A,N/A,
Lorabid,loracarbef,Eli Lilly,NDA,50667,50668,,For Suspension,Oral,Capsule,Oral,,,8/27/1990,12/31/1991,1991,indicated for the treatment of patients with mild to moderate infections caused by susceptible strains of designated microorganisms in the conditions listed: Secondary Bacterial Infection of Acute Bronchitis; Acute Bacterial Exacerbations of Chronic Bronchitis; Pneumonia; Acute Otitis Media; Acute Maxillary Sinusitis; Pharyngitis and Tonsillitis; Uncomplicated Skin and Skin Structure Infections; Uncomplicated Urinary Tract Infections; Uncomplicated Pyelonephritis,,Standard,No,N/A,N/A,N/A,N/A,N/A,N/A,
Penetrex,enoxacin,Warner-Lambert,NDA,19616,,,Tablet,Oral,,,,,10/24/1986,12/31/1991,1991,"indicated for the treatment of infections caused by susceptible strains of designated microorganisms in the infections listed: urinary tract infections (uncomplicated and complicated), uncomplicated urethritis or endocervicitis due to susceptible strains of Neisseria gonorrhoea, including non-penicillinase- and penicillinase-producing strains",,Standard,No,N/A,N/A,N/A,N/A,N/A,N/A,
Mivacron,mivacurium chloride,Burroughs Wellcome,NDA,20098,,,Solution,Intravenous,,,,,8/30/1990,1/22/1992,1992,"for inpatients and outpatients, as an adjunct to general anesthesia, to facilitate tracheal intubation and to provide skeletal muscle relaxation during surgery or mechanical ventilation",,Priority,No,N/A,N/A,N/A,N/A,N/A,N/A,
Omniflox,temafloxacin hydrochloride,Abbott Laboratories,NDA,20043,,,Tablet,Oral,,,,,11/30/1989,1/30/1992,1992,"treatment of adults with mild to moderate infections caused by susceptible strains of designated microorganisms in the conditions listed: Lower Respiratory Tract Infections (acute bacterial exacerbation of chronic bronchitis and pneumonia), uncomplicated skin and skin structure infections, prostatitis, uncomplicated and complicated urinary tract infections",,Standard,No,N/A,N/A,N/A,N/A,N/A,N/A,
Maxaquin,lomefloxacin hydrochloride,Searle,NDA,20013,,,Tablet,Oral,,,,,7/31/1990,2/21/1992,1992,indicated  for  the  treatment  of  adults  with  mild  to moderate  infections  caused  by  susceptible  strains  of  the  designated  microorganisms  in  the  conditions listed: complicated and uncomplicated urinary tract infections; acute bacterial exacerbations of chronic bronchitis; indicated pre-operatively to reduce the incidence of urinary tract infections in the early postoperative period in patients undergoing transurethral surgical procedures,,Standard,No,N/A,N/A,N/A,N/A,N/A,N/A,
Proleukin,aldesleukin,Chiron,BLA,103293,,,Injectable,Injection,,,,,12/1/1988,5/5/1992,1992,treatment of adults (>18 years old) with metastatic renal cell carcinoma,,Standard,Yes,No,N/A,N/A,N/A,N/A,N/A,
Proscar,finasteride,Merck Sharp & Dohme,NDA,20180,,,Tablet,Oral,,,,,4/15/1991,6/19/1992,1992,treatment of symptomatic benign prostatic hyperplasia,,Priority,No,No,N/A,N/A,N/A,N/A,N/A,
Hivid,zalcitabine,Roche,NDA,20199,,,Tablet,Oral,,,,,10/31/1991,6/19/1992,1992,indicated for the treatment of adult patients with advanced HIV infection who have demonstrated significant clinical or immunological deterioration,,Priority,Yes,Yes,N/A,N/A,N/A,N/A,N/A,
Vumon,teniposide,Bristol-Myers Squibb,NDA,20119,,,Injectable,Injection,,,,,9/28/1990,7/14/1992,1992,indicated for induction therapy in patients with refractory childhood acute lymphoblastic leukemia,,Priority,Yes,No,N/A,N/A,N/A,N/A,N/A,
Halfan,halofantrine hydrochloride,SmithKline Beecham,NDA,20250,,,Tablet,Oral,,,,,1/7/1992,7/24/1992,1992,treatment of adults who can tolerate oral medication and who have mild to moderate malaria caused by Plasmodium falciparum or Plasmodium vivax,,Priority,Yes,No,N/A,N/A,N/A,N/A,N/A,
Norvasc,amlodipine besylate,Pfizer,NDA,19787,,,Tablet,Oral,,,,,12/23/1987,7/31/1992,1992,"treatment of hypertension, alone or in combination with other antihypertensive agents, treatment of chronic stable angina alone or in combination with other antianginal agents, treatment of confirmed or suspected vasospastic angina, as monotherapy or in combination with other antianginal drugs",,Standard,No,No,N/A,N/A,N/A,N/A,N/A,
Zebeta,bisoprolol fumarate,Lederle,NDA,19982,,,Tablet,Oral,,,,,8/1/1989,7/31/1992,1992,management of hypertension,,Standard,No,No,N/A,N/A,N/A,N/A,N/A,
Vantin,cefpodoxime proxetil,Upjohn,NDA,50674,50675,,Tablet,Oral,Suspension,Oral,,,3/29/1991,8/7/1992,1992,"treatment of patients with mild to moderate infections caused by susceptible strains of designated microorganisms in the conditions listed:  Acute, community-acquired pneumonia; acute, uncomplicated urethral and cervical gonorrhea; acute, uncomplicated ano-rectal infections in women due to Neisseria gonorrhoeae; uncomplicated skin and skin structure infections; acute otitis media; pharyngitis/tonsillitis; uncomplicated urinary tract infections",,Standard,No,No,N/A,N/A,N/A,N/A,N/A,
Actinex,masoprocol,Block,NDA,19940,,,Cream,Topical,,,,,4/10/1989,9/4/1992,1992,topical treatment of actinic (solar) keratoses,,Standard,No,No,N/A,N/A,N/A,N/A,N/A,
Sporanox,itraconazole,Janssen,NDA,20083,,,Capsule,Oral,,,,,5/31/1990,9/11/1992,1992,"treatment of the following fungal infections in immunocompromised and non-immunocompromised patients: blastomycosis, pulmonary and extrapulmonary; histoplasmosis, including chronic cavitary pulmonary disease and disseminated, non-meningeal histoplasmosis",,Priority,No,No,N/A,N/A,N/A,N/A,N/A,
Suprane,desflurane,Anaquest,NDA,20118,,,Liquid,Inhalation,,,,,1/30/1991,9/18/1992,1992,indicated as an inhalation agent for induction and/or maintenance of anesthesia for inpatient and outpatient surgery in adults,,Standard,No,No,N/A,N/A,N/A,N/A,N/A,
Daypro,oxaprozin,Searle,NDA,18841,,,Tablet,Oral,,,,,8/17/1982,10/29/1992,1992,indicated for acute and long-term use in the management of the signs and symptoms of osteoarthritis and rheumatoid arthritis,,Standard,No,No,N/A,N/A,N/A,N/A,N/A,
Betapace,sotalol hydrochloride,Bristol-Myers Squibb,NDA,19865,,,Tablet,Oral,,,,,6/30/1988,10/30/1992,1992,"treatment of documented ventricular arrhythmias, such as sustained ventricular tachycardia, that in the judgment of the physician are life-threatening",,Priority,Yes,No,N/A,N/A,N/A,N/A,N/A,
ProHance,gadoteridol,Squibb,NDA,20131,,,Injectable,Injection,,,,,1/23/1991,11/16/1992,1992,"provides contrast enhancement of the brain, spine, and surrounding tissues resulting in improved visualization of lesions with abnormal vascularity or those thought to cause a disruption of the normal blood-brain barrier",,Standard,No,No,N/A,N/A,N/A,N/A,N/A,
Mepron,atovaquone,Burroughs Wellcome,NDA,20259,,,Tablet,Oral,,,,,4/24/1992,11/25/1992,1992,treatment of mild to moderate Pneumocystis carinii pneumonia in patients who are intolerant to trimethoprim-sulfamethoxazole,,Priority,Yes,No,N/A,N/A,N/A,N/A,N/A,
Desogen,"desogestrel, ethinyl estradiol",Organon,NDA,20071,,,Tablet,Oral,,,,,12/31/1990,12/10/1992,1992,prevention of pregnancy in women who elect to use oral contraceptives as a method of contraception,,Standard,No,No,N/A,N/A,N/A,N/A,N/A,
Ambien,zolpidem tartrate,Lorex,NDA,19908,,,Tablet,Oral,,,,,1/30/1989,12/16/1992,1992,short-term treatment of insomnia,,Standard,No,No,N/A,N/A,N/A,N/A,N/A,
Mycobutin,rifabutin,Adria,NDA,50689,,,Capsule,Oral,,,,,1/17/1992,12/23/1992,1992,prevention of disseminated Mycobacterium avium complex (MAC) disease in patients with advanced HIV infection,,Priority,Yes,No,N/A,N/A,N/A,N/A,N/A,
Imitrex,sumatriptan succinate,Glaxo,NDA,20080,,,Injectable,Subcutaneous,,,,,7/2/1990,12/28/1992,1992,acute treatment of migraine attacks with or without aura,,Priority,No,No,N/A,N/A,N/A,N/A,N/A,
Indiclor,indium In 111 chloride,Amersham,NDA,19862,,,Injectable,Injection,,,,,5/2/1988,12/29/1992,1992,indicated for radiolabeling of monoclonal antibodies in preparations used for in vivo diagnostic imaging procedures,,Standard,No,No,N/A,N/A,N/A,N/A,N/A,
Taxol,paclitaxel,Bristol-Myers Squibb,NDA,20262,,,Injectable,Injection,,,,,7/22/1992,12/29/1992,1992,treatment of patients with metastatic carcinoma of the ovary after failure of first-line or subsequent chemotherapy,,Priority,No,No,N/A,N/A,N/A,N/A,N/A,
OncoScint,satumomab pendetide,Cytogen,BLA,103336,,,Injectable,Injection,,,,,9/28/1989,12/29/1992,1992,"indicated for determining the extent and location of extrahepatic malignant disease in the following:
[A] in patients with known colorectal cancer 
[B] in patients with known ovarian cancer",,Standard,Yes (indication [B] only),No,N/A,N/A,N/A,N/A,N/A,Biologic product assigned new license number and now referenced by BLA 103673
Paxil,paroxetine hydrochloride,SmithKline Beecham,NDA,20031,,,Tablet,Oral,,,,,11/21/1989,12/29/1992,1992,treatment of depression,,Standard,No,No,N/A,N/A,N/A,N/A,N/A,
Tilade,nedocromil sodium,Fisons,NDA,19660,,,"Aerosol, Metered",Inhalation,,,,,3/3/1987,12/30/1992,1992,indicated for maintenance therapy in the management of patients with mild to moderate bronchial asthma,,Standard,No,No,N/A,N/A,N/A,N/A,N/A,
Lamisil,terbinafine hydrochloride,Sandoz,NDA,20192,,,Cream,Topical,,,,,7/3/1991,12/30/1992,1992,"treatment of the following dermatologic infections: interdigital tinea pedis, tinea cruris, or tinea corporis due to Epidermophyton floccosum, Trichophyton mentagrophytes, or Trichophyton rubrum",,Standard,No,No,N/A,N/A,N/A,N/A,N/A,
Manoplax,flosequinan,Boots,NDA,19960,,,Tablet,Oral,,,,,10/1/1990,12/30/1992,1992,management of congestive heart failure in patients not responding adequately to diuretics,,Standard,No,No,N/A,N/A,N/A,N/A,N/A,
Omniscan,gadodiamide,Sterling-Winthrop,NDA,20123,,,Injectable,Injection,,,,,10/12/1990,1/8/1993,1993,intravenous administration with magnetic resonance imaging in adult patients to provide contrast enhancement in those central nervous system lesions with abnormal vascularity or those thought to cause abnormalities in the blood brain barrier,,Standard,No,No,N/A,N/A,N/A,N/A,N/A,
Leustatin,cladribine,Johnson & Johnson,NDA,20229,,,Injectable,Injection,,,,,12/31/1991,2/26/1993,1993,treatment of active hairy cell leukemia,,Priority,Yes,No,N/A,N/A,N/A,N/A,N/A,
Lovenox,enoxaparin sodium,Rhone-Poulenc Rorer,NDA,20164,,,Injectable,Subcutaneous,,,,,12/31/1991,3/29/1993,1993,"prevention of deep vein thrombosis (DVT), which may lead to pulmonary embolism, following hip replacement surgery",,Priority,No,No,N/A,N/A,N/A,N/A,N/A,
Claritin,loratadine,Schering,NDA,19658,,,Tablet,Oral,,,,,10/31/1986,4/12/1993,1993,for the relief of nasal and non-nasal symptoms of seasonal allergic rhinitis,,Standard,No,No,N/A,N/A,N/A,N/A,N/A,
Metastron,strontium 89 chloride,Medi Physics,NDA,20134,,,Injectable,Injection,,,,,10/2/1992,6/18/1993,1993,for the relief of bone pain in patients with painful skeletal metastases,,Priority,No,No,N/A,N/A,N/A,N/A,N/A,
Orlaam,levomethadyl acetate hydrochloride,Biometric Res,NDA,20315,,,Concentrate,Oral,,,,,6/21/1993,7/9/1993,1993,indicated for the management of opiate dependence,,Priority,Yes,No,N/A,N/A,N/A,N/A,N/A,
Betaseron,interferon beta-1b,Chiron,BLA,103471,,,Injectable,Injection,,,,,6/18/1992,7/23/1993,1993,for use in ambulatory patients with relapse-remitting multiple sclerosis (MS) to reduce the frequency of clinical exacerbations,,Priority,Yes,Yes,N/A,N/A,N/A,N/A,N/A,
Felbatol,felbamate,Wallace,NDA,20189,,,Suspension,Oral,,,,,9/30/1991,7/29/1993,1993,"[A] as monotherapy and adjunctive therapy in the treatment of partial seizures with and without generalization in adults with epilepsy
[B] as adjunctive therapy in the treatment of partial and generalized seizures associated with the Lennox-Gastaut syndrome in children",,Priority,Yes (indication [B] only),No,N/A,N/A,N/A,N/A,N/A,
Propulsid,cisapride monohydrate,Janssen,NDA,20210,,,Tablet,Oral,,,,,8/29/1991,7/29/1993,1993,symptomatic treatment of patients with nocturnal heartburn due to gastroesophageal reflux disease,,Standard,No,No,N/A,N/A,N/A,N/A,N/A,
Imagent GI,perflubron,Alliance,NDA,20091,,,Liquid,Oral,,,,,10/25/1990,8/13/1993,1993,Indicated for use with magnetic resonance imaging to enhance the delineation of the bowel in order to distinguish it from adjacent organs and areas of suspected pathology,,Priority,No,No,N/A,N/A,N/A,N/A,N/A,
Demadex,torsemide,Boehringer Mannheim,NDA,20136,20137,,Tablet,Oral,Injectable,Injection,,,2/28/1991,8/23/1993,1993,"treatment of edema associated with congestive heart failure (CHF), renal disease, or hepatic disease; treatment of hypertension",,Standard,No,No,N/A,N/A,N/A,N/A,N/A,
Cognex,tacrine hydrochloride,Parke-Davis,NDA,20070,,,Capsule,Oral,,,,,6/4/1990,9/9/1993,1993,treatment of mild to moderate dementia of the Alzheimer's type,,Priority,No,No,N/A,N/A,N/A,N/A,N/A,
Flumadine,rimantadine hydrochloride,Forest,NDA,19649,19650,,Tablet,Oral,Syrup,Oral,,,11/14/1986,9/17/1993,1993,prophylaxis and treatment of illness caused by various strains of influenza A virus in adults; indicated for prophylaxis against influenza A virus in children,,Priority,No,No,N/A,N/A,N/A,N/A,N/A,
Alomide,lodoxamide tromethamine,Alcon,NDA,20191,,,Solution/Drops,Ophthalmic,,,,,6/10/1991,9/23/1993,1993,"treatment of the ocular disorders referred to by the terms vernal keratoconjunctivitis, vernal conjunctivitis, and vernal keratitis",,Standard,Yes,No,N/A,N/A,N/A,N/A,N/A,
Zosyn,"tazobactam sodium, pipercillin sodium",Lederle,NDA,50684,,,Injectable,Injection,,,,,9/3/1991,10/22/1993,1993,"treatment of moderate to severe infections cased by piperacillin-resistant, piperacillin/tazobactam-susceptible, beta-lactamase producing strains of designated microorganisms in: appendicitis and peritonitis; uncomplicated and complicated skin and skin structures infections; postpartum endometritis or pelvic inflammatory disease; community-acquired pneumonia (moderate severity only)",,Standard,No,No,N/A,N/A,N/A,N/A,N/A,
Livostin,levocabastine hydrochloride,Iolab,NDA,20219,,,Suspension/Drops,Ophthalmic,,,,,9/24/1991,11/10/1993,1993,temporary relief of the signs and symptoms of seasonal allergic conjunctivitis,,Priority,No,No,N/A,N/A,N/A,N/A,N/A,
Neutrexin,trimetrexate glucuronate,US BioScience,NDA,20326,,,Injectable,Injection,,,,,2/1/1993,12/17/1993,1993,"for use with concurrent leucovorin administration is indicated as an alternative therapy for the treatment of moderate-to-severe Pneumocystis carnii pneumonia (PCP) in immunocompromised patients, including patients with acquired immunodeficiency syndrome (AIDS), who are intolerant of, or are refractory to, trimethoprim-sulfamethoxazole (TMP/SMX) therapy or for whom TMP/SMX is contraindicated",,Priority,Yes,No,N/A,N/A,N/A,N/A,N/A,
Effexor,venlafaxine hydrochloride,Wyeth-Ayerst,NDA,20151,,,Tablet,Oral,,,,,4/26/1991,12/28/1993,1993,treatment of depression,,Standard,No,No,N/A,N/A,N/A,N/A,N/A,
Kytril,granisetron hydrochloride,SmithKline Beecham,NDA,20239,,,Injectable,Injection,,,,,4/14/1992,12/29/1993,1993,"prevention of nausea and/or vomiting associated with initial and repeat courses of emetogenic cancer therapy, including high-dose cisplatin",,Standard,No,No,N/A,N/A,N/A,N/A,N/A,
Trasylol,aprotinin,Miles,BLA,20304,,,Injectable,Injection,,,,,11/24/1992,12/29/1993,1993,"prophylactic use to reduce perioperative blood loss and the homologous blood transfusion requirement in patients undergoing cardiopulmonary bypass surgery in the course of repeat coronary artery bypass graft surgery, and in selected cases
of primary coronary artery bypass graft surgery where the risk of bleeding is especially high (impaired hemostasis) or where transfusion is unavailable or unacceptable",,Priority,Yes,No,N/A,N/A,N/A,N/A,N/A,Transition Product from NDA to BLA due to BPCI : Please see page 2 of data dictionary for more information.
Dovonex,calcipotriene,Bristol-Myers,NDA,20273,,,Ointment,Topical,,,,,3/31/1992,12/29/1993,1993,treatment of moderate plaque psoriasis,,Standard,No,No,N/A,N/A,N/A,N/A,N/A,
Risperdal,risperidone,Janssen,NDA,20272,,,Tablet,Oral,,,,,4/15/1992,12/29/1993,1993,management of the manifestations of psychotic disorders,,Priority,No,No,N/A,N/A,N/A,N/A,N/A,
Pulmozyme,dornase alfa,Genentech,BLA,103532,,,"Aerosol, Metered",Inhalation,,,,,3/29/1993,12/30/1993,1993,management of cystic fibrosis patients to reduce the frequency of respiratory infections requiring parenteral antibiotics and to improve pulmonary function,,Priority,Yes,No,N/A,N/A,N/A,N/A,N/A,
Neurontin,gabapentin,Parke-Davis,NDA,20235,,,Capsule,Oral,,,,,1/31/1992,12/30/1993,1993,indicated as adjunctive therapy in the treatment of partial seizures with and without secondary generalization in adults with epilepsy,,Priority,No,No,N/A,N/A,N/A,N/A,N/A,
Aceon,perindopril erbumine,RW Johnson Pharmaceutical Development,NDA,20184,,,Tablet,Oral,,,,,6/28/1991,12/30/1993,1993,treatment of patients with essential hypertension,,Standard,No,No,N/A,N/A,N/A,N/A,N/A,
Lipidil,fenofibrate,Fournier,NDA,19304,,,Capsule,Oral,,,,,6/4/1984,12/31/1993,1993,adjunctive therapy to diet for treatment of adult patients with very high elevations of serum triglyceride levels (types IV and V hyperlipidemia) who are at risk of pancreatitis and who do not respond adequately to a determined dietary effort to control them,,Standard,No,No,N/A,N/A,N/A,N/A,N/A,
Lescol,fluvastatin sodium,Sandoz,NDA,20261,,,Capsule,Oral,,,,,3/31/1992,12/31/1993,1993,as an adjunct to diet in the treatment of elevated total cholesterol (total-C) and LDL-C levels in patients with primary hypercholesteremia (type IIa and IIb) whose response to dietary restriction of saturated fat and cholesterol and other non-pharmacological measures has not been adequate,,Standard,No,No,N/A,N/A,N/A,N/A,N/A,
Oncaspar,pegaspargase,Enzon,BLA,103411,,,Injectable,Injection,,,,,1/15/1991,2/1/1994,1994,Treatment of acute lymphocytic leukemia (ALL) in patients who require L-asparaginase in their treatment regimen but have developed hypersensitivity to the native forms of L-asparaginase,,Standard,Yes,No,N/A,N/A,N/A,N/A,N/A,
Serevent,salmeterol xinafoate,Glaxo,NDA,20236,,,"Aerosol, Metered",Inhalation,,,,,12/20/1991,2/4/1994,1994,maintenance treatment of asthma and prevention of bronchospasm in patients 12 years old and above,,Priority,No,No,N/A,N/A,N/A,N/A,N/A,
Rhinocort,budesonide,GH Besselaar,NDA,20233,,,"Aerosol, Metered",Nasal,,,,,12/31/1992,2/14/1994,1994,management of symptoms of seasonal or perennial allergic rhinitis in adults and children and nonallergic perennial rhinitis in adults,,Standard,No,No,N/A,N/A,N/A,N/A,N/A,
Zemuron,rocuronium bromide,Organon,NDA,20214,,,Injectable,Injection,,,,,6/29/1993,3/17/1994,1994,"indicated for inpatients and outpatients as an adjunct to general anesthesia to facilitate both rapid sequence and routine tracheal intubation, and to provide skeletal muscle relaxation during surgery or mechanical ventilation",,Standard,No,No,N/A,N/A,N/A,N/A,N/A,
Semprex-D,"acrivastine, pseudoephedrine hydrochloride",Burroughs Wellcome,NDA,19806,,,Capsule,Oral,,,,,12/29/1987,3/25/1994,1994,"indicated for relief of symptoms associated with seasonal allergic rhinitis such as sneezing, rhinorrhea, pruritus, lacrimation, and nasal congestion",,Standard,No,No,N/A,N/A,N/A,N/A,N/A,
[drug marketed without a proprietary name],iobenguane sulfate I 131,CIS US,NDA,20084,,,Injectable,Injection,,,,,11/15/1991,3/25/1994,1994,indicated as an adjunctive diagnostic agent in the localization of primary or metastatic pheochromocytomas and neuroblastomas,,Priority,No,No,N/A,N/A,N/A,N/A,N/A,
Prograf,tacrolimus,Fujisawa,NDA,50708,50709,,Capsule,Oral,Injectable,Injection,,,7/26/1993,4/8/1994,1994,indicated for the prophylaxis of organ rejection in patients receiving allogeneic liver transplants,,Priority,No,No,N/A,N/A,N/A,N/A,N/A,
Cerezyme,imiglucerase,Genzyme,BLA,20367,,,Injectable,Injection,,,,,5/21/1993,5/23/1994,1994,"indicated for long-term enzyme replacement therapy for patients with a confirmed diagnosis of Type 1 Gaucher disease that results in one or more of the following conditions: anemia, thrombocytopenia, bone disease, hepatomegaly, or splenomegaly",,Priority,Yes,No,N/A,N/A,N/A,N/A,N/A,Transition Product from NDA to BLA due to BPCI : Please see page 2 of data dictionary for more information.
Octreoscan,indium In 111 pentetreotide,Mallinckrodt Medical,NDA,20314,,,Injectable,Injection,,,,,10/23/1992,6/2/1994,1994,for the scintigraphic localization of primary and metastatic neuroendocrine tumors bearing somatostatin receptors,,Priority,No,No,N/A,N/A,N/A,N/A,N/A,
Zerit,stavudine,Bristol-Myers Squibb,NDA,20412,,,Capsule,Oral,,,,,12/28/1993,6/24/1994,1994,indicated for the treatment of adults with advanced HIV infection who are intolerant of approved therapies with proven clinical benefit or who have experienced significant clinical or immunologic deterioration while receiving these therapies or for whom such therapies are contraindicated,,Priority,No,Yes,N/A,N/A,N/A,N/A,N/A,
Famvir,famciclovir,SmithKline Beecham,NDA,20363,,,Tablet,Oral,,,,,6/30/1993,6/29/1994,1994,management of acute herpes zoster (shingles),,Standard,No,No,N/A,N/A,N/A,N/A,N/A,
Cystagon,cysteamine bitartrate,Mylan,NDA,20392,,,Capsule,Oral,,,,,11/23/1993,8/15/1994,1994,indicated for the management of nephropathic cystinosis in children and adults,,Priority,Yes,No,N/A,N/A,N/A,N/A,N/A,
[drug marketed without a proprietary name],fludeoxyglucose F 18,Downstate Clinical Center,NDA,20306,,,Injectable,Injection,,,,,1/19/1993,8/19/1994,1994,indicated in positron emission tomography for the identification of regions of abnormal glucose metabolism associated with foci of epileptic seizures,,Priority,No,No,N/A,N/A,N/A,N/A,N/A,
Neurolite,technetium Tc-99m bicisate,Dupont Merck,NDA,20256,,,Injectable,Injection,,,,,3/6/1992,11/23/1994,1994,indicated as an adjunct to conventional CT or MRI imaging in the localization of stroke in patients in whom stroke has already been diagnosed,,Standard,No,No,N/A,N/A,N/A,N/A,N/A,
Luvox,fluvoxamine maleate,Solvay,NDA,20243,,,Tablet,Oral,,,,,12/30/1991,12/5/1994,1994,treatment of obsessions and compulsions in patients with obsessive-compulsive disorder,,Standard,No,No,N/A,N/A,N/A,N/A,N/A,
Trusopt,dorzolamide hydrochloride,Merck,NDA,20408,,,Solution/Drops,Ophthalmic,,,,,12/10/1993,12/9/1994,1994,treatment of elevated intraocular pressure in patients with ocular hypertension or open-angle glaucoma,,Priority,No,No,N/A,N/A,N/A,N/A,N/A,
Fragmin,dalteparin sodium,Pharmacia,NDA,20287,,,Injectable,Subcutaneous,,,,,12/30/1992,12/22/1994,1994,prophylaxis against deep vein thrombosis (DVT) which may lead to pulmonary embolism (PE) in patients undergoing abdominal surgery who are at risk for thromboembolic complications,,Standard,No,No,N/A,N/A,N/A,N/A,N/A,
ReoPro,abciximab,Centocor,BLA,103575,,,Injectable,Injection,,,,,12/16/1993,12/22/1994,1994,indicated as an adjunct to percutaneous transluminal coronary angioplasty or atherectomy (PTCA) for the prevention of acute cardiac ischemic complications in patients at high risk for abrupt closure of the treated coronary vessel,,Priority,No,No,N/A,N/A,N/A,N/A,N/A,
Serzone,nefazodone hydrochloride,Bristol-Myers,NDA,20152,,,Tablet,Oral,,,,,9/6/1991,12/22/1994,1994,treatment of depression,,Standard,No,No,N/A,N/A,N/A,N/A,N/A,
Navelbine,vinorelbine tartrate,Burroughs Wellcome,NDA,20388,,,Injectable,Injection,,,,,8/27/1993,12/23/1994,1994,"as a single agent or in combination with cisplatin for the first-line treatment of ambulatory patients with unresectable, advanced non-small cell lung cancer (NSCLC)",,Priority,No,No,N/A,N/A,N/A,N/A,N/A,
Lamictal,lamotrigine,Burroughs Wellcome,NDA,20241,,,Tablet,Oral,,,,,3/23/1992,12/27/1994,1994,indicated as adjunctive therapy in the treatment of partial seizures in adults with epilepsy,,Priority,No,No,N/A,N/A,N/A,N/A,N/A,
Renormax,spirapril hydrochloride,Sandoz,NDA,20240,,,Tablet,Oral,,,,,12/31/1991,12/29/1994,1994,treatment of hypertension,,Standard,No,No,N/A,N/A,N/A,N/A,N/A,
Vexol,rimexalone,Alcon,NDA,20474,,,Suspension/Drops,Ophthalmic,,,,,6/1/1994,12/30/1994,1994,treatment of postoperative inflammation following ocular surgery and in the treatment of anterior uveitis,,Priority,No,No,N/A,N/A,N/A,N/A,N/A,
Sular,nisoldipine,Miles,NDA,20356,,,"Tablet, Extended Release",Oral,,,,,4/1/1993,2/2/1995,1995,treatment of hypertension,,Standard,No,No,N/A,N/A,N/A,N/A,N/A,
Ultram,tramadol hydrochloride,RW Johnson,NDA,20281,,,Tablet,Oral,,,,,11/18/1993,3/3/1995,1995,management of moderate to moderately severe pain,,Standard,No,No,N/A,N/A,N/A,N/A,N/A,
Glucophage,metformin hydrochloride,Lipha,NDA,20357,,,Tablet,Oral,,,,,9/29/1993,3/3/1995,1995,indicated as an adjunct to diet to lower blood glucose in patients with non-insulin-dependent diabetes mellitus whose hyperglycemia cannot be satisfactorily managed on diet alone,,Priority,No,No,N/A,N/A,N/A,N/A,N/A,
Cozaar,losartan potassium,Merck,NDA,20386,,,Tablet,Oral,,,,,12/3/1993,4/14/1995,1995,treatment of hypertension,,Standard,No,No,N/A,N/A,N/A,N/A,N/A,
Revex,nalmefene hydrochloride,Ohmeda,NDA,20459,,,Injectable,Injection,,,,,4/29/1994,4/17/1995,1995,"indicated for the complete or partial reversal of opioid drug effects, including respiratory depression, induced by either natural or synthetic opioids, and in the management of known or suspected opioid overdose",,Standard,No,No,N/A,N/A,N/A,N/A,N/A,
Univasc,moexipril hydrochloride,Schwarz Pharma,NDA,20312,,,Tablet,Oral,,,,,12/18/1992,4/19/1995,1995,treatment of hypertension,,Standard,No,No,N/A,N/A,N/A,N/A,N/A,
Cellcept,mycophenolate mofetil,Syntex,NDA,50722,,,Capsule,Oral,,,,,11/10/1994,5/3/1995,1995,prophylaxis of organ rejection in patients receiving allogeneic renal transplants,,Priority,No,No,N/A,N/A,N/A,N/A,N/A,
Prevacid,lansoprazole,TAP Holdings,NDA,20406,,,"Capsule, Delayed Release Pellets",Oral,,,,,11/15/1993,5/10/1995,1995,short-term treatment (up to four weeks) for healing and symptom relief of active duodenal ulcer; short-term treatment (up to eight weeks) for healing and symptom relief of all grades of erosive esophagitis; long-term treatment of pathological hypersecretory conditions including Zollinger-Ellison syndrome,,Standard,No,No,N/A,N/A,N/A,N/A,N/A,
Ultravist,iopromide,Berlex Laboratories,NDA,20220,,,Injectable,Injection,,,,,3/2/1992,5/10/1995,1995,"intra-arterial Ultravist is indicated for intra-arterial digital subtraction angiography, cerebral arteriography, and peripheral arteriography, and coronary arteriography and left ventriculography, visceral angiography, and aortography; intravenous Ultravist is indicated for peripheral venography and for contrast enhanced computed tomographic (CECT) imaging of the head and body, and excretory urography",,Standard,No,No,N/A,N/A,N/A,N/A,N/A,
Zinecard,dexrazoxane,Pharmacia,NDA,20212,,,Injectable,Injection,,,,,2/10/1992,5/26/1995,1995,"for reducing the incidence and severity of cardiomyopathy associated with doxorubicin administration in women with metastatic breast cancer who have received a cumulative dose of 300 mg/m2 and who, in their physician's opinion, would benefit from continuing therapy with doxorubicin",,Priority,Yes,Yes,N/A,N/A,N/A,N/A,N/A,
Ultane,sevoflurane,Abbott Laboratories,NDA,20478,,,Liquid,Inhalation,,,,,7/11/1994,6/7/1995,1995,induction and maintenance of general anesthesia in adult and pediatric patients for inpatient and outpatient surgery,,Standard,No,No,N/A,N/A,N/A,N/A,N/A,
Dynabac,dirithromycin,Lilly,NDA,50678,,,"Tablet, Delayed Release",Oral,,,,,4/29/1993,6/19/1995,1995,"treatment of individuals 12 years of age or older with mild-to-moderate infections caused by susceptible strains of designated microorganisms in the following specific conditions: acute bacterial exacerbation of chronic bronchitis, secondary bacterial infection of acute bronchitis, community-acquired pneumonia, pharyngitis/tonsillitis, uncomplicated skin and skin structure infections,",,Standard,No,No,N/A,N/A,N/A,N/A,N/A,
Precose,acarbose,Bayer,NDA,20482,,,Tablet,Oral,,,,,9/6/1994,9/6/1995,1995,adjunct to diet to lower blood glucose in patients with non-insulin-dependent diabetes mellitus whose hyperglycemia cannot be managed alone.  It may also be used in combination with a sulfonylurea when diet plus Precose or a sulfonurea do not result in adequate glycemic control,,Standard,No,No,N/A,N/A,N/A,N/A,N/A,
Azelex,azelaic acid,Allergan,NDA,20428,,,Cream,Topical,,,,,2/28/1994,9/13/1995,1995,treatment of mild-to-moderate inflammatory acne vulgaris,,Standard,No,No,N/A,N/A,N/A,N/A,N/A,
Coreg,carvedilol,SmithKline Beecham,NDA,20297,,,Tablet,Oral,,,,,3/31/1993,9/14/1995,1995,treatment of hypertension,,Standard,No,No,N/A,N/A,N/A,N/A,N/A,
Flolan,epoprostenol sodium,Burroughs Wellcome,NDA,20444,,,Injectable,Injection,,,,,2/28/1994,9/20/1995,1995,long-term intravenous treatment of primary pulmonary hypertension and pulmonary hypertension in NYHA Class III and Class IV patients,,Priority,Yes,No,N/A,N/A,N/A,N/A,N/A,
Eprex,epoetin alfa,Johnson & Johnson,BLA,103310,,,Injectable,Injection,,,,,2/28/1989,9/29/1995,1995,"indicated for the treatment of anemia associated with chronic renal  failure, including patients on dialysis (ESRD) and patients not on dialysis",,Priority,No,No,N/A,N/A,N/A,N/A,N/A,Biologic product assigned new license number and now referenced by BLA 103839
Fosamax,alendronate sodium,Merck,NDA,20560,,,Tablet,Oral,,,,,3/31/1995,9/29/1995,1995,treatment of osteoporosis in postmenopausal women; treatment of Paget's disease of the bone.,,Priority,No,No,N/A,N/A,N/A,N/A,N/A,
Casodex,bicalutamide,Zeneca,NDA,20498,,,Tablet,Oral,,,,,9/14/1994,10/4/1995,1995,use in combination therapy with a luteinizing-hormone releasing hormone (LHRH) analogue for the treatment of advanced prostate cancer,,Standard,No,Yes,N/A,N/A,N/A,N/A,N/A,
Epivir,lamivudine,Glaxo Wellcome,NDA,20564,20596,,Tablet,Oral,Solution ,Oral,,,7/7/1995,11/17/1995,1995,in combination with Retrovir (zidovudine) for the treatment of HIV infection when therapy is warranted based on clinical and/or immunological evidence of disease progression,,Priority,No,Yes,N/A,N/A,N/A,N/A,N/A,
Amaryl,glimepiride,Hoechst-Roussel,NDA,20496,,,Tablet,Oral,,,,,8/30/1994,11/30/1995,1995,indicated as an adjunct to diet and exercise to lower blood glucose levels in patients with noninsulin-dependent (Type 2) diabetes mellitus (NIDDM) whose hyperglycemia cannot be controlled by diet and exercise alone; in combination with insulin to lower the blood glucose in patients whose hyperglycemia cannot be controlled by diet and exercise in conjunction with an oral hypoglycemic agent,,Standard,No,No,N/A,N/A,N/A,N/A,N/A,
Invirase,saquinavir,Roche,NDA,20628,,,Capsule,Oral,,,,,8/31/1995,12/6/1995,1995,in combination with nucleoside analogues for the treatment of advanced HIV infection in selected patients,,Priority,No,Yes,N/A,N/A,N/A,N/A,N/A,
Ethyol,amifostine,US Bioscience,NDA,20221,,,Injectable,Injection,,,,,9/30/1991,12/8/1995,1995,indicated to reduce the cumulative renal toxicity associated with repeated administration of cisplatin in patients with advanced ovarian cancer,,Priority,Yes,No,N/A,N/A,N/A,N/A,N/A,
Zyrtec,cetirizine,Pfizer,NDA,19835,,,Tablet,Oral,,,,,7/1/1988,12/8/1995,1995,"relief of symptoms associated with seasonal allergic rhinitis, perennial allergic rhinitis, and chronic urticaria",,Standard,No,No,N/A,N/A,N/A,N/A,N/A,
Rilutek,riluzole,Rhone-Poulenc,NDA,20599,,,Tablet,Oral,,,,,6/29/1995,12/12/1995,1995,treatment of patients with amyotrophic lateral sclerosis (ALS),,Priority,Yes,No,N/A,N/A,N/A,N/A,N/A,
Cedax,ceftibuten,Schering Plough,NDA,50685,50686,,Capsule,Oral,Suspension,Oral,,,12/20/1991,12/20/1995,1995,"indicated for the treatment of individuals with mild-to-moderate infections caused by susceptible strains of designated microorganisms in the following conditions: acute bacterial exacerbations of chronic bronchitis, acute bacterial otitis media, pharyngitis and tonsillitis",,Standard,No,No,N/A,N/A,N/A,N/A,N/A,
Oxilan,ioxilan,Cook Imaging,NDA,20316,,,Injectable,Injection,,,,,12/4/1992,12/21/1995,1995,"indicated for intra-arterial use in cerebral arteriography, coronary arteriography and left ventriculography, visceral angiography, aortography and peripheral arteriography;  indicated for intravenous use in excretory urography and contrast enhanced computed tomographic imaging of the head and body",,Standard,No,No,N/A,N/A,N/A,N/A,N/A,
Photofrin,porfimer sodium,QLT Phototherapeutics,NDA,20451,,,Injectable,Injection,,,,,4/13/1994,12/27/1995,1995,"palliation of patients with completely obstructing esophageal cancer, or of patients with partially obstructing esophageal cancer who, in the opinion of their physician, cannot be satisfactorily treated with Nd:YAG laser therapy",,Priority,Yes,No,N/A,N/A,N/A,N/A,N/A,
Arimidex,anastrozole,Zeneca,NDA,20541,,,Tablet,Oral,,,,,3/29/1995,12/27/1995,1995,treatment of advanced breast cancer in postmenopausal women with disease progression following tamoxifen therapy,,Standard,No,No,N/A,N/A,N/A,N/A,N/A,
Corvert,ibutilide fumurate,Upjohn,NDA,20491,,,Injectable,Injection,,,,,10/28/1994,12/28/1995,1995,indicated for the rapid conversion of atrial fibrillation or atrial flutter of recent onset to sinus rhythm,,Standard,No,No,N/A,N/A,N/A,N/A,N/A,
Maxipime,cefepime hydrochloride,Bristol-Myers Squibb,NDA,50679,,,Injectable,Injection,,,,,7/1/1992,1/18/1996,1996,"indicated in the treatment of the following infections when caused by susceptible strains of designated microorganisms: uncomplicated and complicated urinary tract infections, including pyelonephritis; uncomplicated skin and skin structure infections; pneumonia",,Standard,No,No,N/A,N/A,N/A,N/A,N/A,
Myoview,technetium Tc-99m tetrofosmin,Medi Physics,NDA,20372,,,Injectable,Injection,,,,,6/7/1993,2/9/1996,1996,indicated for scientific imaging of the myocardium following separate administrations under exercise and resting conditions to enhance the delineation of regions of reversible myocardial ischemia in the presence or absence of infarcted myocardium,,Standard,No,No,N/A,N/A,N/A,N/A,N/A,
Norvir,ritonavir,Abbott Laboratories,NDA,20659,20680,,Solution,Oral,Capsule,Oral,,,12/21/1995,3/1/1996,1996,in combination with nucleoside analogues or as monotherapy for the treatment of HIV infection when therapy is warranted,,Priority,No,Yes,N/A,N/A,N/A,N/A,N/A,
Crixivan,indinavir sulfate,Merck,NDA,20685,,,Capsule,Oral,,,,,1/31/1996,3/13/1996,1996,treatment of HIV infection in adults when antiretroviral therapy is warranted,,Priority,No,Yes,N/A,N/A,N/A,N/A,N/A,
Visipaque,iodixanol,Nycomed,NDA,20351,,,Injectable,Injection,,,,,3/5/1993,3/22/1996,1996,"indicated for intra-arterial use in visceral intra-arterial digital subtraction angiography, angiocardiography (left ventriculography and selective coronary arteriography), peripheral arteriography, visceral arteriography, cerebral arteriography; indicated for intravenous use in contrast enhancement computed tomography imaging of the head and body, excretory urography, and peripheral venography",,Standard,No,No,N/A,N/A,N/A,N/A,N/A,
Mavik,trandolapril,Knoll,NDA,20528,,,Tablet,Oral,,,,,9/29/1994,4/26/1996,1996,treatment of hypertension,,Standard,No,No,N/A,N/A,N/A,N/A,N/A,
Buphenyl,sodium phenylbutyrate,Ucyclyd,NDA,20573,,,Powder,Oral,,,,,2/17/1995,4/30/1996,1996,"indicated as adjunctive therapy in the chronic management of patients with urea cycle disorders involving deficiencies of carbamylphosphate synthetase, ornithine transcarbamylase or argininosuccinic acid synthetase",,Priority,Yes,No,N/A,N/A,N/A,N/A,N/A,
Taxotere,docetaxel,Rhone-Poulenc,NDA,20449,,,Injectable,Injection,,,,,7/27/1994,5/14/1996,1996,treatment of patients with locally advanced or metastatic breast cancer who have progressed during anthracycline-based therapy or have relapsed during anthracycline-based adjuvant therapy,,Priority,No,Yes,N/A,N/A,N/A,N/A,N/A,
Gemzar,gemcitabine hydrochloride,Lilly,NDA,20509,,,Injectable,Injection,,,,,2/2/1995,5/15/1996,1996,first-line treatment for patients with locally advanced (nonresectable stage II or III) or metastatic (stage IV) adenocarcinoma of the pancreas; also indicated for patients previously treated with 5-fluorouracil,,Priority,No,No,N/A,N/A,N/A,N/A,N/A,
Avonex,interferon beta-1a,Biogen,BLA,103628,,,Injectable,Injection,,,,,5/22/1995,5/17/1996,1996,indicated for the treatment of relapsing forms of multiple sclerosis to slow the accumulation of physical disability and decrease the frequency of clinical exacerbations,,Priority,Yes,No,N/A,N/A,N/A,N/A,N/A,
Acthrel,corticorelin ovine triflutate,Ferring Pharmaceuticals,BLA,20162,,,Injectable,Injection,,,,,2/19/1991,5/23/1996,1996,indicated for use in differentiating pituitary and ectopic production of ACTH in patients with ACTH-dependent Cushing’s syndrome,,Priority,Yes,No,N/A,N/A,N/A,N/A,N/A,Transition Product from NDA to BLA due to BPCI : Please see page 2 of data dictionary for more information.
Hycamtin,topotecan hydrochloride,SmithKline Beecham,NDA,20671,,,Injectable,Injection,,,,,12/22/1995,5/28/1996,1996,treatment of patients with metastatic carcinoma of the ovary after failure of initial or subsequent chemotherapy,,Priority,No,No,N/A,N/A,N/A,N/A,N/A,
Differin,adapalene,Galderma,NDA,20338,20380,,Solution,Topical,Gel,Topical,,,3/26/1993,5/31/1996,1996,indicated for the topical treatment of acne vulgaris,,Standard,No,No,N/A,N/A,N/A,N/A,N/A,
Xalatan,latanoprost,Pharmacia and Upjohn,NDA,20597,,,Solution/Drops,Ophthalmic,,,,,6/16/1995,6/5/1996,1996,indicated for the reduction of elevated intraocular pressure (IOP) in patients with open-angle glaucoma and/or ocular hypertension who were intolerant of other IOP-lowering medications or insufficiently responsive (failed to achieve target IOP determined after multiple measurements over time) to another IOP-lowering medication,,Priority,No,No,N/A,N/A,N/A,N/A,N/A,
Albenza,albendazole,SmithKline Beecham,NDA,20666,,,Tablet,Oral,,,,,12/11/1995,6/11/1996,1996,"indicated for the treatment of parenchymal neurocysticercosis due to active lesions caused by larval forms of the pork tapeworm, Taenia solium; also indicated for the treatment of cystic hydatid disease of the liver, lung, and peritoneum, caused by the larval form of the dog tapeworm, Echinococcus granulosus",,Priority,Yes,No,N/A,N/A,N/A,N/A,N/A,
Humalog,lispro insulin,Lilly,BLA,20563,,,Injectable,Injection,,,,,3/14/1995,6/14/1996,1996,treatment of diabetes mellitus in patients requiring insulin,,Standard,No,No,N/A,N/A,N/A,N/A,N/A,Transition Product from NDA to BLA due to BPCI : Please see page 2 of data dictionary for more information.
Camptosar,irinotecan hydrochloride,Pharmacia and Upjohn,NDA,20571,,,Injectable,Injection,,,,,12/28/1995,6/14/1996,1996,treatment of patients with metastatic carcinoma of the colon or rectum whose disease has recurred or progressed following 5-FU-based therapy,,Priority,No,Yes,N/A,N/A,N/A,N/A,N/A,
Remeron,mirtazapine,Organon,NDA,20415,,,Tablet,Oral,,,,,1/30/1995,6/14/1996,1996,treatment of depression,,Standard,No,No,N/A,N/A,N/A,N/A,N/A,
Merrem,meropenem,Zeneca,NDA,50706,,,Injectable,Injection,,,,,11/30/1993,6/21/1996,1996,indicated as single agent therapy for the treatment of the following infections when caused by susceptible strains of the designated microorganisms: complicated intra-abdominal infections (appendicitis and peritonitis); pediatric bacterial meningitis,,Standard,No,No,N/A,N/A,N/A,N/A,N/A,
Viramune,nevirapine,Boehringer Ingelheim Pharmaceuticals,NDA,20636,,,Tablet,Oral,,,,,2/23/1996,6/21/1996,1996,indicated for use in combination with nucleoside analogues to treat adults with HIV infection who have experienced clinical and/or immunological deterioration,,Priority,No,Yes,N/A,N/A,N/A,N/A,N/A,
Vistide,cidofovir,Gilead Sciences,NDA,20638,,,Injectable,Injection,,,,,10/4/1995,6/26/1996,1996,treatment of cytomegalovirus (CMV) retinitis in patients with acquired immunodeficiency syndrome (AIDS),,Standard,No,No,N/A,N/A,N/A,N/A,N/A,
CEA-Scan,arcitumomab,Immunomedics,BLA,103425,,,Injectable,Injection,,,,,4/15/1991,6/28/1996,1996,for use in conjunction with computerized tomography scans to detect recurrent or metastatic colorectal cancer,,Standard,No,No,N/A,N/A,N/A,N/A,N/A,
Myoscint,imciromab pentetate,Centocor,BLA,103634,,,Injectable,Injection,,,,,7/7/1995,7/3/1996,1996,indicated for the preparation of Indium In 111 Imciromab pentetate to be used as a cardiac imaging agent for detecting the presence and/or identifying the location of myocardial injury in patients with suspected myocardial infarction,,Priority,No,No,N/A,N/A,N/A,N/A,N/A,
Ultiva,remifentanil hydrochloride,Glaxo Wellcome,NDA,20630,,,Injectable,Injection,,,,,9/15/1995,7/12/1996,1996,"indicated for induction and maintenance of general anesthesia for inpatient and outpatient procedures, and for continuation as an analgesic into the immediate postoperative period under the direct supervision of an anesthesia practitioner in a postoperative anesthesia care unit or intensive care setting; also provides an analgesic component of monitored anesthesia care",,Standard,No,No,N/A,N/A,N/A,N/A,N/A,
Allegra,fexofenadine hydrochloride,Hoechst Marion Roussel,NDA,20625,,,Capsule,Oral,,,,,7/31/1995,7/25/1996,1996,relief of symptoms associated with seasonal allergic rhinitis in adults and children 12 years of age and older,,Standard,No,No,N/A,N/A,N/A,N/A,N/A,
Cerebyx,fosphenytoin sodium,Parke-Davis,NDA,20450,,,Injectable,Injection,,,,,2/23/1995,8/5/1996,1996,"for short-term parenteral administration when other means of phenytoin administration are unavailable, inappropriate or deemed less advantageous, indicated for the following:
[A] control of generalized convulsive status epilepticus
[B] prevention and treatment of seizures occurring during neuorsurgery
[C] as a substitute, short-term, for oral phenytoin",,Standard,Yes (indication [A] only),No,N/A,N/A,N/A,N/A,N/A,
Verluma,nofetumomab,Boehringer Ingelheim Pharmaceuticals,BLA,103582,,,Injectable,Injection,,,,,3/30/1994,8/20/1996,1996,"detection of extensive stage disease in patients with biopsy-confirmed, previously untreated, small cell lung cancer",,Standard,No,No,N/A,N/A,N/A,N/A,N/A,Biologic product assigned new license number and now referenced by  BLA 103769
Ivy Block,bentoquatam,Enviroderm,NDA,20532,,,Lotion,Topical,,,,,9/29/1994,8/26/1996,1996,"indicated as a skin protectant against poison ivy, poison oak, poison sumac",,Priority,No,No,N/A,N/A,N/A,N/A,N/A,
Feridex,ferumoxides,Advanced Magnetics,NDA,20416,,,Injectable,Injection,,,,,2/7/1994,8/30/1996,1996,"indicated for detection of lesions of the liver and spleen manifested by an alteration in RES distribution, to facilitate visualization and detection of hepatosplenic lesions, including, but not limited to, tumors",,Standard,No,No,N/A,N/A,N/A,N/A,N/A,
Alphagan,brimonidine tartrate,Allergan,NDA,20613,,,Solution/Drops,Ophthalmic,,,,,9/7/1995,9/6/1996,1996,indicated for the reduction of elevated intraocular pressure in patients with open-angle glaucoma or ocular hypertension,,Standard,No,No,N/A,N/A,N/A,N/A,N/A,
ProAmatine,midodrine hydrochloride,Roberts,NDA,19815,,,Tablet,Oral,,,,,4/28/1988,9/6/1996,1996,treatment of symptomatic or orthostatic hypotension,,Priority,Yes,Yes,N/A,N/A,N/A,N/A,N/A,
Meretek UBT,13 C Urea,Meretek,NDA,20586,,,For Solution,Oral,,,,,5/11/1995,9/17/1996,1996,for the detection of the presence of absence of active Helicobactor pylori infection of the stomach,,Standard,No,No,N/A,N/A,N/A,N/A,N/A,
Nilandron,nilutamide,Roussel UCLAF,NDA,20169,,,Tablet,Oral,,,,,3/7/1994,9/19/1996,1996,in combination with surgical castration for the treatment of stage D2 metastatic carcinoma of the prostate,,Standard,No,No,N/A,N/A,N/A,N/A,N/A,
Denavir,penciclovir,SmithKline Beecham,NDA,20629,,,Cream,Topical,,,,,10/16/1995,9/24/1996,1996,treatment of recurrent herpes labialis (cold sores) in adults,,Standard,No,No,N/A,N/A,N/A,N/A,N/A,
Naropin,ropivacaine hydrochloride monohydrate,Astra,NDA,20533,,,Solution,Injection,,,,,3/31/1995,9/24/1996,1996,"production of local or regional anesthesia for surgery, for postoperative pain management and for obstetrical procedures",,Standard,No,No,N/A,N/A,N/A,N/A,N/A,
Elmiron,pentosan polysulfate sodium,Baker Norton,NDA,20193,,,Capsule,Oral,,,,,6/19/1991,9/26/1996,1996,indicated for the relief of bladder pain or discomfort associated with interstitial cystitis,,Standard,Yes,No,N/A,N/A,N/A,N/A,N/A,
Accolate,zafirlukast,Zeneca,NDA,20547,,,Tablet,Oral,,,,,6/26/1995,9/26/1996,1996,prophylaxis and chronic treatment of asthma in adults and children 12 years of age and older,,Standard,No,No,N/A,N/A,N/A,N/A,N/A,
Zyprexa,olanzapine,Lilly,NDA,20592,,,Tablet,Oral,,,,,9/22/1995,9/30/1996,1996,treatment of the manifestations of psychotic disorders,,Standard,No,No,N/A,N/A,N/A,N/A,N/A,
Mentax,butenafine hydrochloride,Penederm,NDA,20524,,,Cream,Topical,,,,,4/5/1995,10/18/1996,1996,treatment of interdigital tinea pedis,,Standard,No,No,N/A,N/A,N/A,N/A,N/A,
Cystadane,betaine anhydrous,Orphan Medical,NDA,20576,,,For Solution,Oral,,,,,10/25/1995,10/25/1996,1996,treatment of homocystinuria to decrease elevated homocysteine blood levels,,Priority,Yes,No,N/A,N/A,N/A,N/A,N/A,
ProstaScint,capromab pendetide,Cytogen,BLA,103608,,,Injectable,Injection,,,,,1/13/1995,10/28/1996,1996,"indicated for the preparation of lndium In 111 Capromab Pendetide to be used as a diagnostic imaging agent in newly diagnosed patients with biopsy-proven prostate cancer, thought to be clinically localized after standard diagnostic evaluation, who are at high risk for pelvic lymph node metastases, and in post-prostatectomy patients with a rising PSA and a negative or equivocal standard metastatic evaluation in whom there is a high clinical suspicion of occult metastatic disease",,Priority,No,No,N/A,N/A,N/A,N/A,N/A,
Retavase,reteplase,Boehringer Mannheim,BLA,103632,,,Injectable,Injection,,,,,6/30/1995,10/30/1996,1996,"indicated in the management of acute myocardial infarction (AMI) in adults for the improvement of ventricular function following AMI, the reduction of the incidence of congestive heart failure and the reduction of mortality associated with AMI",,Standard,No,No,N/A,N/A,N/A,N/A,N/A,Biologic product assigned new license number and now referenced by BLA 103786
Astelin,azelastine hydrochloride,Wallace Lab,NDA,20114,,,"Spray, Metered",Nasal,,,,,3/26/1991,11/1/1996,1996,"treatment of the symptoms of seasonal allergic rhinitis such as rhinorrhea, sneezing, and nasal pruritus in adults and children 12 years and older",,Standard,No,No,N/A,N/A,N/A,N/A,N/A,
Stromectol,ivermectin,Merck,NDA,50742,,,Tablet,Oral,,,,,4/1/1996,11/22/1996,1996,indicated for the treatment of intestinal strongyloidiasis due to the nematode parasite Strongyloides stercoralis; also indicated for the treatment of onchocerciasis due to the nematode parasite Onchocerca volvulus,,Priority,No,No,N/A,N/A,N/A,N/A,N/A,
Aricept,donepezil hydrochloride,Eisai,NDA,20690,,,Tablet,Oral,,,,,4/5/1996,11/25/1996,1996,treatment of mild to moderate dementia of the Alzheimer's type,,Priority,No,No,N/A,N/A,N/A,N/A,N/A,
Zanaflex,tizanidine hydrochloride,Athena Neuroscience,NDA,20397,,,Tablet,Oral,,,,,12/6/1993,11/27/1996,1996,acute and intermittent management of increased muscle tone associated with spasticity,,Standard,No,No,N/A,N/A,N/A,N/A,N/A,
Gastromark,ferumoxsil,Advanced Magnetics,NDA,20410,,,Suspension,Oral,,,,,11/23/1993,12/6/1996,1996,for oral use with magnetic resonance imaging to enhance the delineation of the bowel to distinguish it from organs and tissues that are adjacent to the upper regions of the gastrointestinal tract,,Standard,No,No,N/A,N/A,N/A,N/A,N/A,
Zyflo,zileuton,Abbott Laboratories,NDA,20471,,,Tablet,Oral,,,,,7/19/1994,12/9/1996,1996,prophylaxis and chronic treatment of asthma in adults and children 12 years of age and older,,Standard,No,No,N/A,N/A,N/A,N/A,N/A,
Aphthasol,amlexanox,Block Drug,NDA,20511,,,Paste,Oral,,,,,4/19/1995,12/17/1996,1996,the treatment of aphthous ulcers in people with normal immune systems,,Priority,No,No,N/A,N/A,N/A,N/A,N/A,
Lipitor,atorvastatin calcium,Parke-Davis,NDA,20702,,,Tablet,Oral,,,,,6/17/1996,12/17/1996,1996,"indicated as an adjunct to diet to reduce elevated total-C, LDL-C, apo B, and TG levels in patients with primary hypercholesterolemia (heterozygous familial and non familial) and mixed dyslipidemia (Fredrickson Types IIa and IIb); to reduce total-C and LDL-C in patients with homozygous familial hypercholesterolemia as an adjunct to other lipid-lowering treatments (e.g., LDL apheresis) or if such treatments are unavailable",,Priority,No,No,N/A,N/A,N/A,N/A,N/A,
Patanol,olopatadine hydrochloride,Alcon,NDA,20688,,,Solution/Drops,Ophthalmic,,,,,1/29/1996,12/18/1996,1996,For the temporary prevention of itching of the eye due to allergic conjunctivitis,,Standard,No,No,N/A,N/A,N/A,N/A,N/A,
Glyset,miglitol,Bayer,NDA,20682,,,Tablet,Oral,,,,,12/29/1995,12/18/1996,1996,indicated as adjunct to diet or diet plus sulfonylurea therapy to improve glycemic control in patients with non-insulin-dependent diabetes mellitus,,Standard,No,No,N/A,N/A,N/A,N/A,N/A,
Monurol,fosfomycin tromethamine,Zambon,NDA,50717,,,For Solution,Oral,,,,,9/29/1994,12/19/1996,1996,treatment of uncomplicated urinary tract infections(acute cystitis) in women due to susceptible strains of Escherichia coli and Enterococcus faecalis,,Standard,No,No,N/A,N/A,N/A,N/A,N/A,
Zagam,sparfloxacin,Rhone-Poulenc Rorer,NDA,20677,,,Tablet,Oral,,,,,12/27/1995,12/19/1996,1996,indicated for the treatment of adults with the following infections caused by susceptible strains of designated organisms: community-acquired pneumonia; acute bacterial exacerbations of chronic bronchitis,,Standard,No,No,N/A,N/A,N/A,N/A,N/A,
Copaxone,glatiramer acetate,Teva,NDA,20622,,,For Solution,Subcutaneous,,,,,10/11/1995,12/20/1996,1996,indicated for the reduction of the frequency of relapses in patients with relapsing-remitting multiple sclerosis,,Standard,Yes,No,N/A,N/A,N/A,N/A,N/A,
Diovan,valsartan,Ciba-Geigy,NDA,20665,,,Capsule,Oral,,,,,12/28/1995,12/23/1996,1996,treatment of hypertension,,Standard,No,No,N/A,N/A,N/A,N/A,N/A,
Dostinex,cabergoline,Pharmacia and Upjohn,NDA,20664,,,Tablet,Oral,,,,,12/27/1995,12/23/1996,1996,"treatment of hyperprolactinemic disorders, either idiopathic or due to pituitary adenomas",,Standard,No,No,N/A,N/A,N/A,N/A,N/A,
Orgaran,danaparoid sodium,Organon,NDA,20430,,,Injectable,Injection,,,,,12/30/1994,12/24/1996,1996,indicated for the prophylaxis of post-operative deep venous thrombosis (DVT) which may lead to pulmonary embolism (PE) in patients undergoing elective hip replacement surgery,,Standard,No,No,N/A,N/A,N/A,N/A,N/A,
Topamax,topiramate,RW Johnson,NDA,20505,,,Tablet,Oral,,,,,12/30/1994,12/24/1996,1996,adjunctive therapy for the treatment of adults with partial onset seizures,,Standard,No,No,N/A,N/A,N/A,N/A,N/A,
Rezulin,troglitazone,Parke-Davis,NDA,20720,,,Tablet,Oral,,,,,8/1/1996,1/29/1997,1997,indicated for use in Type II diabetes patients whose hyperglycemia is inadequately controlled despite insulin therapy,,Priority,No,No,N/A,N/A,N/A,N/A,N/A,
Aldara,imiquimod,3M,NDA,20723,,,Cream,Topical,,,,,7/26/1996,2/27/1997,1997,treatment of external genital and perianal warts/condyloma acuminata in adults,,Standard,No,No,N/A,N/A,N/A,N/A,N/A,
Skelid,tiludronate disodium,Sanofi Winthrop,NDA,20707,,,Tablet,Oral,,,,,2/28/1996,3/7/1997,1997,treatment of Paget's disease of bone,,Standard,No,No,N/A,N/A,N/A,N/A,N/A,
Agrylin,anagrelide hydrochloride,Roberts,NDA,20333,,,Capsule,Oral,,,,,1/31/1996,3/14/1997,1997,treatment of patients with essential thrombocythemia to reduce the elevated platelet count and the risk of thrombosis and ameliorate associated systems,,Priority,Yes,No,N/A,N/A,N/A,N/A,N/A,
Viracept,nelfinavir mesylate,Agouron,NDA,20779,20778,,Tablet,Oral,Powder,Oral,,,12/23/1996,3/14/1997,1997,treatment of HIV infection when therapy is warranted,,Priority,No,Yes,N/A,N/A,N/A,N/A,N/A,
Quadramet,samarium Sm 153 lexidronam,Cytogen,NDA,20570,,,Injectable,Injection,,,,,6/13/1995,3/28/1997,1997,indicated for the relief of pain in patients with confirmed osteoblastic metastatic bone lesions that enhance on radionuclide bone scan,,Standard,No,No,N/A,N/A,N/A,N/A,N/A,
Rescriptor,delavirdine mesylate,Pharmacia and Upjohn,NDA,20705,,,Tablet,Oral,,,,,7/15/1996,4/4/1997,1997,treatment of HIV-1 infection in combination with appropriate antiretroviral agents when therapy is warranted,,Priority,No,Yes,N/A,N/A,N/A,N/A,N/A,
Flomax,tamsulosin hydrochloride,Boehringer Ingelheim Pharmaceuticals,NDA,20579,,,Capsule,Oral,,,,,4/15/1996,4/15/1997,1997,indicated for the treatment of the signs and symptoms of benign prostatic hyperplasia,,Standard,No,No,N/A,N/A,N/A,N/A,N/A,
Pytest Kit,14 C Urea,TriMed,NDA,20617,,,Capsule,Oral,,,,,5/22/1995,5/9/1997,1997,indicated for the diagnosis of Helicobacter pylori infection of the stomach,,Priority,No,No,N/A,N/A,N/A,N/A,N/A,
Normiflo,ardeparin sodium,Wyeth-Ayerst,NDA,20227,,,Injectable,Injection,,,,,12/16/1992,5/23/1997,1997,prevention of deep venous thrombosis which may lead to pulmonary embolism following knee replacement surgery,,Standard,No,No,N/A,N/A,N/A,N/A,N/A,
Fareston,toremifene citrate,Orion,NDA,20497,,,Tablet,Oral,,,,,1/3/1995,5/29/1997,1997,treatment of metastatic breast cancer in postmenopausal women with estrogen receptor positive or receptor unknown tumors,,Standard,Yes,No,N/A,N/A,N/A,N/A,N/A,
Tazorac,tazarotene,Allergan,NDA,20600,,,Gel,Topical,,,,,6/19/1995,6/13/1997,1997,indicated for the topical treatment of patients with stable plaque psoriasis of up to 20% body surface area involvement and topical treatment of patients with facial acne vulgaris of mild to moderate severity,,Standard,No,No,N/A,N/A,N/A,N/A,N/A,
Posicor,mibefradil dihydrochloride,Roche,NDA,20689,,,Tablet,Oral,,,,,3/11/1996,6/20/1997,1997,treatment of hypertension and chronic stable angina pectoris,,Standard,No,No,N/A,N/A,N/A,N/A,N/A,
Baycol,cerivastatin sodium,Bayer,NDA,20740,,,Tablet,Oral,,,,,6/26/1996,6/26/1997,1997,indicated as an adjunct to diet for the reduction of elevated total and LDL cholesterol levels in patients with primary hypercholesterolemia and mixed dyslipidemia (Frederickson Types IIa and IIb) when the response to dietary restriction of saturated fat and cholesterol and other non-pharmacological measures alone has been inadequate,,Standard,No,No,N/A,N/A,N/A,N/A,N/A,
Mirapex,pramipexole dihydrochloride,Pharmacia and Upjohn,NDA,20667,,,Tablet,Oral,,,,,12/28/1995,7/1/1997,1997,treatment of the signs and symptoms of idiopathic Parkinson's disease,,Standard,No,No,N/A,N/A,N/A,N/A,N/A,
Duract,bromfenac sodium,Wyeth-Ayerst,NDA,20535,,,Capsule,Oral,,,,,12/30/1994,7/15/1997,1997,indicated for the short-term (generally less than 10 days) management of pain,,Standard,No,No,N/A,N/A,N/A,N/A,N/A,
Femara,letrozole,Novartis Pharmaceuticals,NDA,20726,,,Tablet,Oral,,,,,7/25/1996,7/25/1997,1997,indicated for the treatment of advanced breast cancer in postmenopausal women,,Standard,No,No,N/A,N/A,N/A,N/A,N/A,
Anzemet,dolasetron mesylate,Hoechst Marion Roussel,NDA,20623,20624,,Tablet,Oral,Injectable,Injection,,,9/29/1995,9/11/1997,1997,prevention of chemotherapy-induced nausea and vomiting; prevention of postoperative nausea and vomiting,,Standard,No,No,N/A,N/A,N/A,N/A,N/A,
Genesa,arbutamine hydrochloride,Gensia,NDA,20420,,,Injectable,Injection,,,,,1/6/1994,9/12/1997,1997,indicated for us as an aid in diagnosing the presence or absence of coronary artery disease in patients who cannot exercise adequately when used in conjunction with radionuclide myocardial perfusion imaging or echocardiography,,Standard,No,No,N/A,N/A,N/A,N/A,N/A,
Requip,ropinirole hydrochloride,SmithKline Beecham,NDA,20658,,,Tablet,Oral,,,,,1/2/1996,9/19/1997,1997,treatment of the signs and symptoms of idiopathic Parkinson's disease,,Standard,No,No,N/A,N/A,N/A,N/A,N/A,
Corlopam,fenoldopam mesylate,Neurex,NDA,19922,,,Injectable,Injection,,,,,12/12/1988,9/23/1997,1997,"indicated for the in-hospital, short-term (up to 48 hours) use in the management of severe hypertension when rapid, but quickly reversible, emergency reduction of blood pressure is clinically indicated, including malignant hypertension with deteriorating end-organ function",,Standard,No,No,N/A,N/A,N/A,N/A,N/A,
Seroquel,quetiapine fumarate,Zeneca,NDA,20639,,,Tablet,Oral,,,,,7/29/1996,9/26/1997,1997,treatment of the manifestations of psychotic disorders,,Standard,No,No,N/A,N/A,N/A,N/A,N/A,
Gabitril,tiagabine hydrochloride,Abbott Laboratories,NDA,20646,,,Tablet,Oral,,,,,11/6/1995,9/30/1997,1997,indicated as adjunctive therapy in adults and children 12 years and older in the treatment of partial seizures,,Standard,No,No,N/A,N/A,N/A,N/A,N/A,
Avapro,irbesartan,Sanofi,NDA,20757,,,Tablet,Oral,,,,,9/26/1996,9/30/1997,1997,treatment of hypertension,,Standard,No,No,N/A,N/A,N/A,N/A,N/A,
Infergen,interferon alfacon-1,Amgen,BLA,103663,,,Injectable,Injection,,,,,4/11/1996,10/6/1997,1997,treatment of chronic hepatitis C virus (HCV) infection in patients 18 years of age or older with compensated liver disease who have anti-HCV serum antibodies and/or the presence of HCV RNA,,Standard,No,No,N/A,N/A,N/A,N/A,N/A,
Raxar,grepafloxacin hydrochloride,Glaxo Wellcome,NDA,20695,,,Tablet,Oral,,,,,11/8/1996,11/6/1997,1997,"treatment of adults with acute bacterial exacerbations of chronic bronchitis, community-acquired pneumonia, uncomplicated gonorrhea, and nongonococcal urethritis and cervicitis",,Standard,No,No,N/A,N/A,N/A,N/A,N/A,
Plavix,clopidogrel bisulfate,Sanofi,NDA,20839,,,Tablet,Oral,,,,,4/28/1997,11/17/1997,1997,"indicated for the reduction of atherosclerotic events (myocardial infarction, stroke, and vascular death) in patients with atherosclerosis documented by recent stroke, recent myocardial infarction, or established peripheral arterial disease",,Priority,No,No,N/A,N/A,N/A,N/A,N/A,
Meridia,sibutramine hydrochloride,Knoll  Pharmacuticals,NDA,20632,,,Capsule,Oral,,,,,8/9/1995,11/22/1997,1997,"indicated for the management of obesity, including weight loss and maintenance of weight loss, and should be used in conjunction with a reduced calorie diet",,Standard,No,No,N/A,No,N/A,N/A,N/A,
Neumega,oprelvekin,Genetics Institute,BLA,103694,,,Injectable,Injection,,,,,12/23/1996,11/25/1997,1997,indicated for the prevention of severe thrombocytopenia and the reduction of the need for platelet transfusions following myelosuppressive chemotherapy in patients with nonmyeloid malignancies who are at high risk of severe thrombocytopenia,,Standard,Yes,No,N/A,No,N/A,N/A,N/A,
Zomig,zolmitriptan,Zeneca,NDA,20768,,,Tablet,Oral,,,,,11/26/1996,11/25/1997,1997,treatment of acute migraine,,Standard,No,No,N/A,No,N/A,N/A,N/A,
Teslascan,mangafodipir trisodium,Nycomed,NDA,20652,,,Injectable,Injection,,,,,9/15/1995,11/26/1997,1997,"indicated as an adjunct to MRI to enhance the T1-weighted images used in the detection, localization, characterization, and evaluation of lesions of the liver",,Standard,No,No,N/A,No,N/A,N/A,N/A,
Rituxan,rituximab,Genentech,BLA,103705,,,Injectable,Injection,,,,,2/28/1997,11/26/1997,1997,"treatment of patients with relapsed or refractory low-grade or follicular, CD20 positive, B-cell non-Hodgkin’s lymphoma",,Priority,Yes,No,N/A,No,N/A,N/A,N/A,
Antizol,fomepizole,Orphan Medical,NDA,20696,,,Injectable,Injection,,,,,12/6/1996,12/4/1997,1997,"indicated as an antidote to ethylene glycol (antifreeze) poisoning in patients who have ingested, or are suspected of having ingested ethylene glycol",,Standard,Yes,No,N/A,No,N/A,N/A,N/A,
Omnicef,cefdinir,Parke-Davis,NDA,50739,50749,,Capsule,Oral,Suspension,Oral,,,9/4/1996,12/4/1997,1997,"indicated for the treatment of patients with mild to moderate infections caused by susceptible strains of designated microorganisms in the following conditions:  community-acquired pneumonia, acute exacerbations of chronic bronchitis, acute bacterial otitis media, acute maxillary sinusitis, pharyngitis/tonsillitis and uncomplicated skin and skin structure infections",,Standard,No,No,N/A,No,N/A,N/A,N/A,
Evista,raloxifene hydrochloride,Lilly,NDA,20815,,,Tablet,Oral,,,,,6/9/1997,12/9/1997,1997,prevention of osteoporosis in postmenopausal women,,Priority,No,No,N/A,No,N/A,N/A,N/A,
Zenapax,daclizumab,Roche,BLA,103749,,,Injectable,Injection,,,,,6/10/1997,12/10/1997,1997,"indicated for the prophylaxis of acute organ rejection in patients receiving renal transplants, to be used as a part of an immunosuppressive regimen that includes cyclosporine and corticosteroids",,Priority,Yes,No,N/A,No,N/A,N/A,N/A,
Regranex,becaplermin,Johnson & Johnson,BLA,103691,,,Injectable,Injection,,,,,12/16/1996,12/16/1997,1997,"indicated for treatment of lower extremity diabetic neuropathic ulcers that extend into the subcutaneous tissue or beyond, and have adequate blood supply",,Standard,No,No,N/A,No,N/A,N/A,N/A,
Trovan,alatrofloxacin mesylate,Pfizer,NDA,20760,,,Injectable,Injection,,,,,12/30/1996,12/18/1997,1997,"indicated for the treatment of patients with mild to moderate infections caused by susceptible strains of designated microorganisms in the following conditions: nosocomial pneumonia, community acquired pneumonia, acute bacterial exacerbation of chronic bronchitis, acute sinusitis, complicated intra-abdominal infections including post-surgical infections, gynecologic and pelvic infections including endomyometritis, parametritis, septic abortion and post-partum infections, prophylaxis of infection associated with elective colorectal surgery, vaginal and abdominal hysterectomy, uncomplicated skin and skin structure infection including diabetic foot infections, uncomplicated urinary tract infections, chronic bacterial prostatitis, uncomplicate urethral gonorrhea in males and endocervical and rectal gonorrhea in females, pelvic inflammatory disease",,Standard,No,No,N/A,No,N/A,N/A,N/A,
Trovan,trovafloxacin mesylate,Pfizer,NDA,20759,,,Tablet,Oral,,,,,12/30/1996,12/18/1997,1997,indicated for the treatment of infections caused by susceptible strains of designated microorganisms in the following conditions:,,Standard,No,No,N/A,No,N/A,N/A,N/A,
Teveten,eprosartan mesylate,SmithKline Beecham,NDA,20738,,,Tablet,Oral,,,,,10/11/1996,12/22/1997,1997,treatment of hypertension,,Standard,No,No,N/A,No,N/A,N/A,N/A,
Prandin,repaglinide,Novo Nordisk,NDA,20741,,,Tablet,Oral,,,,,7/1/1997,12/22/1997,1997,"indicated as an adjunct to diet and exercise to lower blood glucose in patients with non-insulin dependent (type 2) diabetes whose hyperglycemia cannot be controlled satisfactorily by diet and exercise alone; in combination with metformin to lower blood glucose in patients whose hyperglycemia cannot be controlled satisfactorily by exercise, diet, and either repaglinide or metformin alone",,Priority,No,No,N/A,No,N/A,N/A,N/A,
Sclerosol,talc,Bryan,NDA,20587,,,"Aerosol, Metered",Inhalation,,,,,8/15/1995,12/24/1997,1997,for the prevention of the recurrence of malignant pleural effusions in symptomatic patients,,Priority,Yes,No,N/A,No,N/A,N/A,N/A,
Emadine,emedastine difumarate,Alcon,NDA,20706,,,Solution/Drops,Ophthalmic,,,,,3/26/1996,12/29/1997,1997,for the temporary relief of the signs and symptoms of allergic conjunctivitis,,Standard,No,No,N/A,No,N/A,N/A,N/A,
Tasmar,tolcapone,Roche,NDA,20697,,,Tablet,Oral,,,,,6/5/1996,1/29/1998,1998,indicated as an adjunct to levodopa and carbidopa for the treatment of the signs and symptoms of idiopathic Parkinson’s disease,,Standard,No,No,N/A,No,N/A,N/A,N/A,
Amerge,naratriptan,Glaxo Wellcome,NDA,20763,,,Tablet,Oral,,,,,12/4/1996,2/10/1998,1998,acute treatment of migraine headache,,Standard,No,No,N/A,No,N/A,N/A,N/A,
Singulair,montelukast sodium,Merck,NDA,20829,20830,,Tablet,Oral,Tablet,Oral,,,2/21/1997,2/20/1998,1998,prophylaxis and chronic treatment of asthma in patients 15 years and older,,Standard,No,No,N/A,No,N/A,N/A,N/A,
Refludan,lepirudin,Hoechst Marion Roussel,NDA,20807,,,Injectable,Injection,,,,,12/31/1996,3/6/1998,1998,anticoagulation in patients with heparin-induced thrombocytopenia (HIT) and thromboembolic disease in order to prevent further thromboembolic complications,,Priority,Yes,No,N/A,No,N/A,N/A,N/A,
Lotemax; Alrex,loteprednol etabonate,Bausch & Lomb,NDA,20583,20841,20803,Suspension,Ophthalmic,Suspension,Ophthalmic,Suspension,Ophthalmic,3/31/1995,3/9/1998,1998,"Lotemax is indicated for treatment of steroid response inflammatory conditions of the palepebral and bulbar conjunctiva, cornea, and anterior segment of the eye; Lotemax is also indicated for treatment of post-operative inflammation following ocular surgery; Alrex is indicated for temporary relief of signs and symptoms of seasonal allergic conjunctivitis",,Standard,No,No,N/A,No,N/A,N/A,N/A,
Detrol,tolterodine tartrate,Pharmacia and Upjohn,NDA,20771,,,Tablet,Oral,,,,,3/25/1997,3/25/1998,1998,"treatment of patients with an overactive bladder with symptoms of urinary frequency, urgency, or urge incontinence",,Standard,No,No,N/A,No,N/A,N/A,N/A,
Actonel,risedronate sodium,Procter & Gamble,NDA,20835,,,Tablet,Oral,,,,,4/1/1997,3/27/1998,1998,treatment of Paget's disease of the bone,,Standard,No,No,N/A,No,N/A,N/A,N/A,
Viagra,sildenafil citrate,Pfizer,NDA,20895,,,Tablet,Oral,,,,,9/29/1997,3/27/1998,1998,treatment of erectile dysfunction,,Priority,No,No,N/A,No,N/A,N/A,N/A,
Azopt,brinzolamide,Alcon,NDA,20816,,,Suspension/Drops,Ophthalmic,,,,,1/28/1997,4/1/1998,1998,treatment of elevated intraocular pressure in patients with ocular hypertension or open angle glaucoma,,Standard,No,No,N/A,No,N/A,N/A,N/A,
Sucraid,sacrosidase,Orphan Medical,BLA,20772,,,Solution,Oral,,,,,5/7/1997,4/9/1998,1998,"treatment of the genetically determined sucrase deficiency, which is part of congenital sucrase-isomaltase deficiency (CSID)",,Priority,Yes,No,N/A,No,N/A,N/A,N/A,Transition Product from NDA to BLA due to BPCI : Please see page 2 of data dictionary for more information.
Zemplar,paricalcitol,Abbott Laboratories,NDA,20819,,,Solution,Intravenous,,,,,1/17/1997,4/17/1998,1998,prevention and treatment of secondary hyperparathyroidism encountered with chronic renal failure,,Standard,No,No,N/A,No,N/A,N/A,N/A,
Xeloda,capecitabine,Roche,NDA,20896,,,Tablet,Oral,,,,,10/31/1997,4/30/1998,1998,"treatment of patients with metastatic breast cancer resistant to both paclitaxel and an anthracycline-containing chemotherapy regimen or resistant to paclitaxel and for whom further anthracycline therapy may be contraindicated, e.g., patients who have received cumulative doses of 400 mg/m2 of doxorubicin or doxorubicin equivalents",,Priority,No,Yes,N/A,No,N/A,N/A,N/A,
Simulect,basiliximab,Novartis Pharmaceuticals,BLA,103764,,,Injectable,Injection,,,,,11/12/1997,5/12/1998,1998,indicated for the prophylaxis of acute organ rejection in patients receiving renal transplantation when used as part of an immunosuppressive regimen that includes cyclosporine and corticosteroids,,Priority,Yes,No,N/A,No,N/A,N/A,N/A,
Aggrastat,tirofiban hydrochloride,Merck,NDA,20912,20913,,Injectable,Injection,Injectable,Injection,,,10/31/1997,5/14/1998,1998,"in combination with heparin, for the treatment of acute coronary syndrome, including patients who are to be managed medically and those undergoing PTCA or atherectomy",,Priority,No,No,N/A,No,N/A,N/A,N/A,
Integrilin,eptifibatide,COR Therapeutics,NDA,20718,,,Injectable,Injection,,,,,4/2/1996,5/18/1998,1998,"treatment of patients with acute coronary syndrome (UA/NQMI), including patients who are to be managed medically and those undergoing percutaneous coronary intervention (PCI). In this setting, INTEGRILIN has been shown to decrease the rate of a combined endpoint of death or new myocardial infarction;  also indicated for treatment of patients undergoing PCI. In this setting, INTEGRILIN has been shown to decrease the rate of a combined endpoint of death, new myocardial infarction, or need for urgent intervention",,Priority,No,No,N/A,No,N/A,N/A,N/A,
Atacand,candesartan cilexetil,Astra Merck,NDA,20838,,,Tablet,Oral,,,,,4/30/1997,6/4/1998,1998,treatment of hypertension,,Standard,No,No,N/A,No,N/A,N/A,N/A,
Synagis,palivizumab,MedImmune,BLA,103770,,,Injectable,Injection,,,,,12/19/1997,6/19/1998,1998,"prophylaxis of serious lower respiratory tract disease, caused by respiratory syncytial virus, in pediatric patients at high risk of RSV disease",,Priority,No,No,N/A,No,N/A,N/A,N/A,
Priftin,rifapentine,Hoechst Marion Roussel,NDA,21024,,,Tablet,Oral,,,,,12/22/1997,6/22/1998,1998,treatment of pulmonary tuberculosis,,Priority,Yes,Yes,N/A,No,N/A,N/A,N/A,
Maxalt; Maxalt-MLT,rizatriptan benzoate,Merck,NDA,20864,20865,,Tablet,Oral,Tablet,Oral,,,6/30/1997,6/29/1998,1998,acute treatment of migraine headache,,Standard,No,No,N/A,No,N/A,N/A,N/A,
Infasurf,calfactant,Ony,BLA,20521,,,Suspension,Intratracheal,,,,,7/31/1995,7/1/1998,1998,prevention and treatment of Respiratory Distress Syndrome (RDS) in neonates,,Standard,Yes,No,N/A,No,N/A,N/A,N/A,Transition Product from NDA to BLA due to BPCI : Please see page 2 of data dictionary for more information.
Thalomid,thalidomide,Celgene,NDA,20785,,,Capsule,Oral,,,,,12/20/1996,7/16/1998,1998,acute treatment of the cutaneous manifestations of moderate to severe erythema nodosum leprosum (ENL) and as maintenance therapy for prevention and suppression of the cutaneous manifestations of ENL recurrences,,Priority,Yes,No,N/A,No,N/A,N/A,N/A,
Celexa,citalopram hydrobromide,Forest Laboratories,NDA,20822,,,Tablet,Oral,,,,,5/12/1997,7/17/1998,1998,treatment of depression,,Standard,No,No,N/A,No,N/A,N/A,N/A,
Remicade,infliximab,Centocor,BLA,103772,,,Injectable,Injection,,,,,12/30/1997,8/24/1998,1998,"indicated for the treatment of moderately to severely active Crohn’s disease for the reduction of the signs and symptoms, in patients who have an inadequate response to conventional therapies; and treatment of patients with fistulizing Crohn’s disease for the reduction in the number of draining enterocutaneous fistula(s)",,Priority,Yes,Yes,N/A,No,N/A,N/A,N/A,
Vitravene,fomivirsen sodium,Isis Pharm,NDA,20961,,,Injectable,Injection,,,,,4/9/1998,8/26/1998,1998,local treatment of cytomegalovirus (CMV) retinitis in patients with acquired immunodeficiency syndrome (AIDS) who are intolerant or have a contraindication to other treatments for CMV retinitis or who were insufficiently responsive to previous treatment(s) for CMV retinitis,,Priority,No,No,N/A,No,N/A,N/A,N/A,
Arava,leflunomide,Quintiles,NDA,20905,,,Tablet,Oral,,,,,3/10/1998,9/10/1998,1998,treatment of active rheumatoid arthritis (RA) to reduce signs and symptoms and to retard structural damage as evidenced by X-ray erosions and joint space narrowing,,Priority,No,No,N/A,No,N/A,N/A,N/A,
AcuTect,technetium Tc-99m apcitide,Diatide,NDA,20887,,,Injectable,Injection,,,,,8/20/1997,9/14/1998,1998,for scintigraphic imaging of acute venous thrombosis in the lower extremities of patients who have signs and symptoms of acute venous thrombosis,,Priority,No,No,N/A,No,N/A,N/A,N/A,
Sustiva,efavirenz,Dupont Pharmaceuticals,NDA,20972,,,Capsule,Oral,,,,,6/11/1998,9/17/1998,1998,provides for the use of efavirenz in combination with other antiretroviral agents for the treatment of HIV-1 infection,,Priority,No,Yes,N/A,Yes,N/A,N/A,N/A,
Herceptin,trastuzumab,Genentech,BLA,103792,,,Injectable,Injection,,,,,5/4/1998,9/25/1998,1998,treatment of patients with metastatic breast cancer whose tumors overexpress the HER2 protein and who have received one or more chemotherapy regimens for their metastatic disease; also indicated in combination with paclitaxel for treatment of patients with metastatic breast cancer whose tumors overexpress HER2 protein and who have not received chemotherapy for their metastatic disease,,Priority,No,No,N/A,Yes,N/A,N/A,N/A,
Valstar,valrubicin,Anthra Pharm,NDA,20892,,,Solution,Intravesical,,,,,12/31/1997,9/25/1998,1998,indicated for intravesical therapy of BCG-refractory carcinoma in situ (CIS) of the urinary bladder in patients for whom immediate cystectomy would be associated with unacceptable morbidity or mortality,,Priority,Yes,No,N/A,No,N/A,N/A,N/A,
Renagel,sevelamer hydrochloride,GelTex Pharm,NDA,20926,,,Capsule,Oral,,,,,11/3/1997,10/30/1998,1998,indicated for the reduction of serum phosphorus in patients with end stage renal disease who are on hemodialysis,,Standard,No,No,N/A,No,N/A,N/A,N/A,
Enbrel,etanercept,Immunex,BLA,103795,,,Injectable,Injection,,,,,5/8/1998,11/2/1998,1998,indicated for reduction in signs and symptoms of moderately to severely active rheumatoid arthritis in patients who have had an inadequate response to one or more disease-modifying antirheumatic drugs (DMARDS); Etanercept can be used in combination with methotrexate in patients who do not respond adequately to methotrexate alone,,Priority,No,No,N/A,Yes,N/A,N/A,N/A,
Micardis,telmisartan,Boehringer Ingelheim Pharmaceuticals,NDA,20850,,,Tablet,Oral,,,,,9/26/1997,11/10/1998,1998,treatment of hypertension,,Standard,No,No,N/A,No,N/A,N/A,N/A,
Thyrogen,thyrotropin alfa,Genzyme,BLA,20898,,,Injectable,Injection,,,,,12/15/1997,11/30/1998,1998,indicated for use as an adjunctive diagnostic tool for serum thyroglobulin (Tg) testing with or without radioiodine imaging in the follow-up of patients with well-differentiated thyroid cancer,,Priority,Yes,No,N/A,No,N/A,N/A,N/A,Transition Product from NDA to BLA due to BPCI : Please see page 2 of data dictionary for more information.
Ziagen,abacavir sulfate,Glaxo Wellcome,NDA,20977,20978,,Tablet,Oral,Solution ,Oral,,,6/24/1998,12/17/1998,1998,"in combination with other antiretroviral agents, for the treatment of HIV-1 infection",,Priority,No,Yes,N/A,Yes,N/A,N/A,N/A,
Provigil,modafinil,Cephalon,NDA,20717,,,Tablet,Oral,,,,,12/30/1996,12/24/1998,1998,indicated  to  improve  wakefulness  in  patients  with  excessive  daytime sleepiness associated with narcolepsy,,Standard,Yes,No,N/A,No,N/A,N/A,N/A,
Celebrex,celecoxib,Searle,NDA,20998,,,Capsule,Oral,,,,,6/30/1998,12/31/1998,1998,indicated for relief of the signs and symptoms of osteoarthritis; also indicated for relief of signs and symptoms of rheumatoid arthritis in adults,,Priority,No,No,N/A,No,N/A,N/A,N/A,
Pletal,cilostazol,Otsuka Pharmaceutical,NDA,20863,,,Tablet,Oral,,,,,9/19/1997,1/15/1999,1999,indicated for the reduction of symptoms of intermittent claudication,,Standard,No,No,N/A,No,N/A,N/A,N/A,
Panretin,alitretinoin,Ligand Pharm,NDA,20886,,,Gel,Topical,,,,,5/27/1998,2/2/1999,1999,topical treatment of cutaneous lesions in patients with AIDS-related Kaposi’s sarcoma,,Priority,Yes,No,N/A,No,N/A,N/A,N/A,
Ontak,denileukin diftitox,Seragen,BLA,103767,,,Injectable,Injection,,,,,12/9/1997,2/5/1999,1999,treatment of patients with persistent or recurrent cutaneous T-cell lymphoma whose malignant cells express the CD25 component of the IL-2 receptor,,Priority,Yes,Yes,N/A,No,N/A,N/A,N/A,
Ferrlecit,sodium ferric gluconate complex,Makoff R&D Labs,NDA,20955,,,Injectable,Injection,,,,,12/30/1997,2/18/1999,1999,treatment of iron deficiency anemia in patients undergoing chronic hemodialysis who are receiving supplemental erythropoietin therapy,,Priority,No,No,N/A,No,N/A,N/A,N/A,
Wellferon,interferon alfa-n1,Glaxo Wellcome,BLA,103760,,,Injectable,Injection,,,,,9/30/1997,3/25/1999,1999,treatment of chronic hepatitis C in patients 18 years of age or older without decompensated liver disease,,Standard,No,No,N/A,No,N/A,N/A,N/A,
Agenerase,amprenavir,Glaxo Wellcome,NDA,21007,21039,,Capsule,Oral,Solution,Oral,,,10/16/1998,4/15/1999,1999,"in combination with other antiretroviral agents, for the treatment of HIV-1 infection",,Priority,No,Yes,N/A,Yes,N/A,N/A,N/A,
Xenical,orlistat,Roche,NDA,20766,,,Capsule,Oral,,,,,11/27/1996,4/23/1999,1999,indicated for obesity management including weight loss and weight maintenance when used in conjunction with a reduced-calorie diet;  also indicated to reduce the risk for weight re-gain after prior loss,,Priority,No,No,N/A,No,N/A,N/A,N/A,
Vioxx,rofecoxib,Merck Research Laboratories,NDA,21042,21052,,Tablet,Oral,Suspension,Oral,,,11/23/1998,5/20/1999,1999,"indicated for the relief of the signs and symptoms of osteoarthritis, for the management of acute pain, and for the treatment of primary dysmenorrhea",,Priority,No,No,N/A,No,N/A,N/A,N/A,
Avandia,rosiglitazone maleate,SKB Pharms,NDA,21071,,,Tablet,Oral,,,,,11/25/1998,5/25/1999,1999,indicated as an adjunct to diet and exercise to improve glycemic control in patients with Type 2 diabetes mellitus as monotherapy or in combination with metformin,,Priority,No,No,N/A,No,N/A,N/A,N/A,
Hectorol,doxercalciferol,Bone Care,NDA,20862,,,Capsule,Oral,,,,,3/9/1998,6/9/1999,1999,indicated for the reduction of elevated iPTH levels in the management of secondary hyperparathyroidism in patients undergoing chronic renal dialysis,,Standard,No,No,N/A,No,N/A,N/A,N/A,
Zaditor,ketotifen fumarate,Ciba Vision,NDA,21066,,,Solution/Drops,Ophthalmic,,,,,1/4/1999,7/2/1999,1999,prevention of itching of the eye due to allergic conjunctivitis,,Priority,No,No,N/A,No,N/A,N/A,N/A,
Actos,pioglitazone hydrochloride,Takeda America,NDA,21073,,,Tablet,Oral,,,,,1/15/1999,7/15/1999,1999,"indicated for the improvement of glycemic control in patients with type 2 diabetes as monotherapy, or in combination with a sulfonylurea, metformin or insulin when diet and the single agent does not result in adequate glycemic control",,Priority,No,No,N/A,No,N/A,N/A,N/A,
Relenza,zanamivir,Glaxo Wellcome,NDA,21036,,,Powder,Inhalation,,,,,10/27/1998,7/26/1999,1999,treatment of uncomplicated acute illness due to influenza virus in adults and adolescents twelve years and older who have been symptomatic for no more than two days,,Priority,No,No,N/A,No,N/A,N/A,N/A,
Antagon,ganirelix acetate,Organon,NDA,21057,,,Injectable,Injection,,,,,1/29/1999,7/29/1999,1999,indicated for the inhibition of premature LH surges in women undergoing controlled ovarian hyperstimulation,,Priority,No,No,N/A,No,N/A,N/A,N/A,
NeoTect,technetium Tc 99m depreotide,Diatide,NDA,21012,,,Injectable,Injection,,,,,6/16/1998,8/3/1999,1999,indicated as a scintigraphic imaging agent that identifies somatostatin receptor-bearing pulmonary masses in patients presenting with pulmonary lesions on computed tomography and/or chest x-ray who have known malignancy or who are highly suspect for malignancy,,Priority,No,No,N/A,No,N/A,N/A,N/A,
Temodar,temozolomide,Schering,NDA,21029,,,Capsule,Oral,,,,,8/13/1998,8/11/1999,1999,"treatment of adult patients with refractory anaplastic astrocytoma, i.e., patients at first relapse who have experienced disease progression on a drug regimen containing a nitrosourea and procarbazine",,Priority,Yes,Yes,N/A,No,N/A,N/A,N/A,
Sonata,zaleplon,Wyeth-Ayerst,NDA,20859,,,Capsule,Oral,,,,,1/6/1998,8/13/1999,1999,short-term treatment of insomnia,,Standard,No,No,N/A,No,N/A,N/A,N/A,
Raplon,rapacuronium bromide,Organon,NDA,20984,,,Injectable,Injection,,,,,6/25/1998,8/18/1999,1999,"indicated for outpatients and inpatients as an adjunct to general anesthesia to facilitate tracheal intubation, and to provide skeletal muscle relaxation during surgical procedures",,Standard,No,No,N/A,No,N/A,N/A,N/A,
Aciphex,rabeprazole sodium,Eisai,NDA,20973,,,"Tablet, Delayed Release",Oral,,,,,3/31/1998,8/19/1999,1999,"indicated for: healing of erosive or ulcerative gastroesophageal reflux disease (GERD); maintenance of healing of erosive or ulcerative GERD; healing of duodenal ulcer; treatment of pathological hypersecretory conditions, including Zollinger-Ellison Syndrome",,Standard,No,No,N/A,No,N/A,N/A,N/A,
Ellence,epirubicin hydrochloride,Pharmacia and Upjohn,NDA,50778,,,Injectable,Injection,,,,,12/15/1998,9/15/1999,1999,indicated as a component of adjuvant therapy in patients with evidence of axillary node tumor involvement following resection of primary breast cancer,,Priority,Yes,No,N/A,No,N/A,N/A,N/A,
Rapamune,sirolimus,Wyeth Ayerst Research,NDA,21083,,,Solution,Oral,,,,,12/15/1998,9/15/1999,1999,prophylaxis of organ rejection in patients receiving renal transplants,,Priority,No,No,N/A,No,N/A,N/A,N/A,
Synercid,"dalfopristin, quinupristin",Rhone-Poulenc Rorer,NDA,50747,50748,,Injectable,Injection,Injectable,Injection,,,9/5/1997,9/21/1999,1999,"[A] treatment of vancomycin resistant Enterococcus faecium
[B] treatment of complicated skin and skin structure infections",,Priority (indication [A] only),No,Yes (indication [A] only),N/A,No,N/A,N/A,N/A,
Alamast,pemirolast potassium,Santen,NDA,21079,,,Solution/Drops,Ophthalmic,,,,,3/26/1999,9/24/1999,1999,prevention of itching of the eye due to allergic conjunctivitis,,Priority,No,No,N/A,No,N/A,N/A,N/A,
Tikosyn,dofetilide,Pfizer,NDA,20931,,,Capsule,Oral,,,,,3/9/1998,10/1/1999,1999,indicated for the maintenance of normal sinus rhythm (delay in time to recurrence of atrial fibrillation/atrial flutter) in patients with atrial fibrillation /atrial flutter of greater than one week duration who have been converted to normal sinus rhythm,,Standard,No,No,N/A,No,N/A,N/A,N/A,
Comtan,entacapone,Orion,NDA,20796,,,Tablet,Oral,,,,,1/2/1998,10/19/1999,1999,"indicated as an adjunct to levodopa/carbidopa to treat patients with idiopathic Parkinson’s Disease who experience the signs and symptoms of end-of-dose ""wearing-off"" (so called ""fluctuating"" patients)",,Standard,No,No,N/A,No,N/A,N/A,N/A,
Aromasin,exemestane,Pharmacia and Upjohn,NDA,20753,,,Tablet,Oral,,,,,12/21/1998,10/21/1999,1999,treatment of advanced breast cancer in postmenopausal women whose disease has progressed following tamoxifen therapy,,Standard,Yes,No,N/A,No,N/A,N/A,N/A,
Tamiflu,oseltamivir phosphate,Roche,NDA,21087,,,Capsule,Oral,,,,,4/29/1999,10/27/1999,1999,"treatment of uncomplicated acute illness due to influenza infections in adults who have been symptomatic for no more than
two days",,Priority,No,No,N/A,No,N/A,N/A,N/A,
Curosurf,poractant,Dey Laboratories,BLA,20744,,,Suspension,Intratracheal,,,,,7/3/1996,11/18/1999,1999,treatment (rescue) of Respiratory Distress Syndrome (RDS) in premature infants,,Standard,Yes,No,N/A,No,N/A,N/A,N/A,Transition Product from NDA to BLA due to BPCI : Please see page 2 of data dictionary for more information.
Keppra,levetiracetam,UCP Pharma,NDA,21035,,,Tablet,Oral,,,,,2/1/1999,11/30/1999,1999,indicated as an adjunctive therapy in the treatment of partial onset seizures in adults with epilepsy,,Standard,No,No,N/A,No,N/A,N/A,N/A,
Levulan Kerastick,aminolevulinic acid hydrochloride,Dusa,NDA,20965,,,Solution,Topical,,,,,7/1/1998,12/3/1999,1999,Levulan Kerastick plus blue light illumination using the BLU-U Blue Light Photodynamic Therapy Illuminator is indicated for the treatment of non-hyperkeratotic actinic keratoses of the face and scalp,,Standard,No,No,N/A,No,N/A,N/A,N/A,
Optimark,gadoversetamide,Mallinckrodt,NDA,20937,20975,20976,Injectable,Injection,Injectable,Injection,Injectable,Injection,3/2/1998,12/8/1999,1999,"indicated for the use with magnetic resonance imaging (MRI) in patients with an abnormal blood barrier or abnormal vascularity of the brain, spine and associated tissues; and with MRI to provide contrast enhancement and facilitate visualization of lesions with abnormal vascularity in the liver in patients who are highly suspect for liver structural abnormalities identified on computerized tomography",,Standard,No,No,N/A,No,N/A,N/A,N/A,
Solage,"mequinol, tretinoin",Bristol-Myers Squibb,NDA,20922,,,Solution,Topical,,,,,12/30/1997,12/10/1999,1999,treatment of solar lentigines,,Standard,No,No,N/A,No,N/A,N/A,N/A,
Avelox,moxifloxacin hydrochloride,Bayer,NDA,21085,,,Tablet,Oral,,,,,12/10/1998,12/10/1999,1999,"indicated for the treatment of adults with infections caused by susceptible strains of  designated microorganisms in the
following conditions: acute bacterial sinusitis, acute bacterial exacerbation of chronic bronchitis, community-acquired pneumonia",,Standard,No,No,N/A,No,N/A,N/A,N/A,
Precedex,dexmedetomidine hydrochloride,Abbott Laboratories,NDA,21038,,,Injectable,Injection,,,,,12/18/1998,12/17/1999,1999,indicated for the sedation of initially intubated and mechanically ventilated adult patients in an intensive care unit setting,,Standard,No,No,N/A,No,N/A,N/A,N/A,
Tequin,gatifloxacin,Bristol-Myers Squibb,NDA,21061,21062,,Tablet,Oral,Injectable,Injection,,,12/28/1998,12/17/1999,1999,"indicated for the treatment of infections caused by susceptible strains of designated microorganisms in the
following conditions: acute bacterial exacerbation of chronic bronchitis, acute sinusitis, community-acquired pneumonia, uncomplicated and complicated urinary tract infections, pyelonephritis, and uncomplicated gonorrhea",,Standard,No,No,N/A,No,N/A,N/A,N/A,
Inomax,nitric oxide,Ino Therapeutics,NDA,20845,,,Gas,Inhalation,,,,,6/16/1997,12/23/1999,1999,"indicated in conjunction with ventilatory support and other appropriate agents, is indicated for the treatment of term and near-term (>34 weeks) neonates with hypoxic respiratory failure associated with clinical or echocardiographic evidence or pulmonary hypertension, where it improves oxygenation and reduces the need for extracorporeal membrane oxygenation",,Priority,Yes,No,N/A,No,N/A,N/A,N/A,
Targretin,bexarotene,Ligand Pharms,NDA,21055,,,Capsule,Oral,,,,,6/23/1999,12/29/1999,1999,treatment of cutaneous manifestations of cutaneous T-cell lymphoma in patients who are refractory to at least one prior systemic therapy,,Priority,Yes,No,N/A,No,N/A,N/A,N/A,
Evoxac,cevimeline hydrochloride,Snowbrand Pharmaceuticals,NDA,20989,,,Capsule,Oral,,,,,8/27/1998,1/11/2000,2000,treatment of symptoms of dry mouth in patients with Sjögren's Syndrome,,Standard,No,No,N/A,No,N/A,N/A,N/A,
Trileptal,oxcarbazepine,Novartis Pharmaceuticals,NDA,21014,,,Tablet,Oral,,,,,9/25/1998,1/14/2000,2000,indicated for use as monotherapy or adjunctive therapy in the treatment of partial seizures in adults with epilepsy and as adjunctive therapy in the treatment of partial seizures in children ages 4-16 with epilepsy,,Standard,No,No,N/A,No,N/A,N/A,N/A,
Protonix,pantoprazole sodium,Wyeth-Ayerst Laboratories,NDA,20987,,,"Tablet, Delayed Release",Oral,,,,,6/30/1998,2/2/2000,2000,short-term treatment (up to 8 weeks) in the healing and symptomatic relief of erosive esophagitis,,Standard,No,No,N/A,No,N/A,N/A,N/A,
Lotronex,alosetron hydrochloride,Glaxo Wellcome,NDA,21107,,,Tablet,Oral,,,,,6/30/1999,2/9/2000,2000,treatment of irritable bowel syndrome (IBS) in female patients whose predominant bowel symptom is diarrhea,,Priority,No,No,N/A,No,N/A,N/A,N/A,
Skin Exposure Reduction Paste Against Chemical Warfare Agents (SERPACWA),"perfluoroalkylpolyether, polytetrafluoroethylene",US Army Medical Research and Materiel Command,NDA,21084,,,Paste,Topical,,,,,8/19/1999,2/17/2000,2000,in conjunction with Mission Oriented Protective Posture (MOPP) gear to reduce or delay the absorption of chemical warfare agents through the skin when applied prior to exposure,,Priority,No,No,N/A,No,N/A,N/A,N/A,
Zonegran,zonisamide,Elan Pharmaceuticals,NDA,20789,,,Capsule,Oral,,,,,3/19/1997,3/27/2000,2000,indicated as an adjunctive therapy in the treatment of partial seizures in adults with epilepsy,,Standard,No,No,N/A,No,N/A,N/A,N/A,
Septocaine,"articaine hydrochloride, ephinephrine",Deproco,NDA,20971,,,Injectable,Injection,,,,,3/30/1998,4/3/2000,2000,"indicated for local, infiltrative, or conductive anesthesia in both simple and complex dental and periodontal procedures",,Standard,No,No,N/A,No,N/A,N/A,N/A,
Visudyne,verteporfin,QLT Phototherapeutics,NDA,21119,,,Injectable,Injection,,,,,8/16/1999,4/12/2000,2000,treatment of age-related macular degeneration in patients with predominantly classic subfoveal choroidal neovascularization,,Priority,No,No,N/A,No,N/A,N/A,N/A,
Mobic,meloxicam,Boehringer Ingelheim Pharmaceuticals,NDA,20938,,,Tablet,Oral,,,,,12/16/1998,4/13/2000,2000,indicated for the relief of the signs and symptoms of osteoarthritis,,Standard,No,No,N/A,No,N/A,N/A,N/A,
Zyvox,linezolid,Pharmacia and Upjohn,NDA,21130,21131,21132,Tablet,Oral,Injectable,Injection,Suspension ,Oral,10/18/1999,4/18/2000,2000,"treatment of adult patients with vancomycin-resistant Enterococcus faecium infections, nosocomial pneumonia, complicated and uncomplicated skin and skin structure infections, and community-acquired pneumonia",,Priority,No,No,N/A,No,N/A,N/A,N/A,
Lantus,insulin glargine,Aventis Pharmaceuticals,BLA,21081,,,Injectable,Injection,,,,,4/23/1999,4/20/2000,2000,treatment of adult and pediatric patients with type 1 diabetes mellitus or adult patients with type 2 diabetes mellitus who require basal (long-acting) insulin for the control of hyperglycemia,,Standard,No,No,N/A,No,N/A,N/A,N/A,Transition Product from NDA to BLA due to BPCI : Please see page 2 of data dictionary for more information.
Exelon,rivastigmine tartrate,Novartis Pharmaceuticals,NDA,20823,21025,,Capsule,Oral,Solution,Oral,,,4/7/1997,4/21/2000,2000,treatment of mild to moderate dementia of the Alzheimer’s type,,Standard,No,No,N/A,No,N/A,N/A,N/A,
Mylotarg,gemtuzumab ozogamicin,Wyeth-Ayerst,NDA,21174,,,Injectable,Injection,,,,,10/29/1999,5/17/2000,2000,treatment of patients with CD33 positive acute myeloid leukemia in first relapse who are 60 years of age or older and who are not considered candidates for cytotoxic chemotherapy,,Priority,Yes,Yes,N/A,No,N/A,N/A,N/A,
Welchol,colesevelam hydrochloride,GelTex,NDA,21176,21141,,Tablet,Oral,Capsule,Oral,,,7/30/1999,5/26/2000,2000,"alone or in combination with an HMG-CoA reductase inhibitor, for the reduction of elevated LDL-cholesterol in patients with primary hypercholesterolemia (Frederickson Type IIa)",,Standard,No,No,N/A,No,N/A,N/A,N/A,
TNKase,tenecteplase,Genentech,BLA,103909,,,Injectable,Injection,,,,,8/2/1999,6/2/2000,2000,indicated for reduction of mortality associated with acute myocardial infarction (AMI),,Standard,No,No,N/A,No,N/A,N/A,N/A,
Novolog,insulin aspart recombinant,Novo Nordisk,BLA,20986,,,Injectable,Subcutaneous,,,,,9/16/1998,6/7/2000,2000,"treatment of adult patients with diabetes mellitus, for the control of hyperglycemia",,Standard,No,No,N/A,No,N/A,N/A,N/A,Transition Product from NDA to BLA due to BPCI : Please see page 2 of data dictionary for more information.
Trelstar Depot,triptorelin pamoate,Debio Recherche,NDA,20715,,,Injectable,Intramuscular,,,,,6/26/1996,6/15/2000,2000,palliative treatment of advanced prostate cancer,,Standard,No,No,N/A,No,N/A,N/A,N/A,
Acova,argatroban,Texas Biotechnology Corporation,NDA,20883,,,Injectable,Injection,,,,,8/15/1997,6/30/2000,2000,indicated as an anticoagulant for prophylaxis or treatment of thrombosis in patients with heparin-induced thrombocytopenia,,Standard,No,No,N/A,No,N/A,N/A,N/A,
Innohep,tinzaparin sodium,Dupont Pharmaceuticals,NDA,20484,,,Injectable,Injection,,,,,6/30/1999,7/14/2000,2000,treatment of acute symptomatic deep vein thrombosis with or without pulmonary embolism when administered in conjunction with warfarin sodium,,Standard,No,No,N/A,No,N/A,N/A,N/A,
Colazal,balsalazide disodium,Salix Pharmaceuticals,NDA,20610,,,Capsule,Oral,,,,,6/23/1997,7/18/2000,2000,treatment of mildly to moderate active ulcerative colitis,,Standard,No,No,N/A,No,N/A,N/A,N/A,
Abreva,docosanol,Avanir Pharmaceuticals,NDA,20941,,,Cream,Topical,,,,,12/22/1997,7/25/2000,2000,treatment of cold sores and fever blisters,,Standard,No,No,N/A,No,N/A,N/A,N/A,
Rescula,unoprostone isopropyl,Ciba Vision,NDA,21214,,,Solution/Drops,Ophthalmic,,,,,2/15/2000,8/3/2000,2000,indicated for the lowering of intraocular pressure in patients with open-angel glaucoma or ocular hypertension who are intolerant of other intraocular pressure lowering medications or insufficiently responsive (failed to achieve target IOP determined after multiple measurements over time) to another intraocular pressure lowering medication,,Priority,No,No,N/A,No,N/A,N/A,N/A,
Cetrotide,cetrorelix acetate,Asta Medica,NDA,21197,,,Injectable,Injection,,,,,10/29/1999,8/11/2000,2000,prevention of premature LH surges in women undergoing controlled ovarian stimulation,,Standard,No,No,N/A,No,N/A,N/A,N/A,
Kaletra,"lopinavir, ritonavir",Abbott Laboratories,NDA,21226,21251,,Capsule,Oral,Solution,Oral,,,6/1/2000,9/15/2000,2000,in combination with other antiretroviral agents for the treatment of HIV-1 infections in adults and pediatric patients age six months and older,,Priority,No,Yes,N/A,Yes,N/A,N/A,N/A,
Trisenox,arsenic trioxide,Cell Therapeutics,NDA,21248,,,Injectable,Injection,,,,,3/28/2000,9/25/2000,2000,"indicated for induction of remission and consolidation in patients with acute promyelocytic leukemia (APL) who are refractory to, or have relapsed from, retinoid and anthracycline chemotherapy, and whose APL is characterized by the presence of the t(15;17) translocation or PML/RAR-alpha gene expression",,Priority,Yes,No,N/A,Yes,N/A,N/A,N/A,
Mifeprex,mifepristone,Population Council,NDA,20687,,,Tablet,Oral,,,,,3/18/1996,9/28/2000,2000,indicated for medical termination of intrauterine pregnancy through 49 days’ pregnancy,,Priority,No,No,N/A,No,N/A,N/A,N/A,
Myobloc,botulinum toxin type B,Elan Pharmaceuticals,BLA,103846,,,Injectable,Injection,,,,,12/22/1998,12/8/2000,2000,treatment of patients with cervical dystonia to reduce the severity of abnormal head position and neck pain associated with cervical dystonia,,Standard,Yes,No,N/A,No,N/A,N/A,N/A,
Angiomax,bivalirudin,The Medicines Company,NDA,20873,,,Injectable,Intravenous,,,,,12/23/1997,12/15/2000,2000,indicated for use as an anticoagulant in conjunction with aspirin in patients with unstable angina undergoing percutaneous transluminal coronary angioplasty (PTCA),,Standard,No,No,N/A,No,N/A,N/A,N/A,
Starlix,nateglinide,Novartis Pharmaceuticals,NDA,21204,,,Tablet,Oral,,,,,12/17/1999,12/22/2000,2000,"indicated  as  monotherapy  to  lower  blood  glucose  in  patients  with  Type  2  diabetes (non-insulin   dependent   diabetes   mellitus,   NIDDM)   whose   hyperglycemia   cannot   be adequately controlled by diet and physical exercise and who have not been chronically treated with other anti-diabetic agents; also indicated   for   use   in   combination   with   metformin in  patients   whose hyperglycemia  is  inadequately  controlled  with  metformin,  Starlix    may  be  added  to,  but  not substituted for, metformin",,Standard,No,No,N/A,No,N/A,N/A,N/A,
Peg-Intron,peginterferon alfa-2b,Schering,BLA,103949,,,Injectable,Injection,,,,,12/23/1999,1/19/2001,2001,treatment of chronic hepatitis C in patients not previously treated with interferon alfa who have compensated liver disease and are at least 18 years of age,,Standard,No,No,N/A,No,N/A,N/A,N/A,
Cancidas,caspofungin acetate,Merck Research Laboratories,NDA,21227,,,Powder,Intravenous,,,,,7/28/2000,1/26/2001,2001,treatment of invasive aspergillosis in patients who are refractory to or intolerant of other therapies,,Priority,No,No,N/A,Yes,N/A,N/A,N/A,
Geodon,ziprasidone hydrochloride,Pfizer Central Research,NDA,20825,,,Capsule,Oral,,,,,3/17/1997,2/5/2001,2001,treatment of schizophrenia,,Standard,No,No,N/A,No,N/A,N/A,N/A,
Foradil,formoterol fumarate,Novartis Pharmaceuticals,NDA,20831,,,Powder,Inhalation,,,,,6/26/1997,2/16/2001,2001,"indicated for the long-term, administration in the maintenance treatment of asthma and in the prevention of bronchospasm in adults and children 5 years of age and older with reversible obstructive airways disease, including patients with symptoms of nocturnal asthma; also indicated for the acute prevention of exercise-induced bronchospasm (EIB) in adults and children 12 years of age and older, when administered on an occasional, as-needed basis",,Standard,No,No,N/A,No,N/A,N/A,N/A,
Reminyl,galantamine hydrobromide,Janssen Research Foundation,NDA,21169,,,Tablet,Oral,,,,,9/29/1999,2/28/2001,2001,treatment of mild to moderate dementia of the Alzheimer's type,,Standard,No,No,N/A,No,N/A,N/A,N/A,
Travatan,travoprost,Alcon Research,NDA,21257,,,Solution/Drops,Ophthalmic,,,,,7/7/2000,3/16/2001,2001,indicated for the reduction of intraocular pressure in patients with open-angle glaucoma or ocular hypertension who are intolerant of other intraocular pressure lowering medications or insufficiently responsive (failed to achieve target IOP determined after multiple measurements over time) to another intraocular pressure lowering medication,,Priority,No,No,N/A,No,N/A,N/A,N/A,
Lumigan,bimatoprost,Allergan,NDA,21275,,,Solution/Drops,Ophthalmic,,,,,9/18/2000,3/16/2001,2001,indicated for the reduction of elevated intraocular pressure in patients with open angle glaucoma or ocular hypertension who are intolerant of other intraocular pressure lowering medications or insufficiently responsive (failed to achieve target IOP determined after multiple measurements over time) to another intraocular pressure lowering medication,,Priority,No,No,N/A,No,N/A,N/A,N/A,
Campath,alemtuzumab,Millennium and ILEX Partners,BLA,103948,,,Injectable,Injection,,,,,12/23/1999,5/7/2001,2001,treatment of patients with B-cell chronic lymphocytic leukemia who have been treated with alkylating agents and who have failed fludarabine therapy,,Priority,Yes,Yes,N/A,Yes,N/A,N/A,N/A,
Axert,almotriptan malate,Pharmacia and Upjohn,NDA,21001,,,Tablet,Oral,,,,,12/20/1999,5/7/2001,2001,indicated for the acute treatment of migraine with or without aura in adults,,Standard,No,No,N/A,No,N/A,N/A,N/A,
Gleevec,imatinib mesylate,Novartis Pharmaceuticals,NDA,21335,,,Capsule,Oral,,,,,2/27/2001,5/10/2001,2001,"indicated for the treatment of patients with chronic myeloid leukemia (CML) in blast crisis, accelerated phase, or in chronic phase after failure of interferon-alpha therapy",,Priority,Yes,Yes,N/A,Yes,N/A,N/A,N/A,
Yasmin,"drospirenone,ethinyl estradiol",Berlex Laboratories,NDA,21098,,,Tablet,Oral,,,,,5/17/1999,5/11/2001,2001,indicated for the prevention of pregnancy in women who elect to use an oral contraceptive,,Standard,No,No,N/A,No,N/A,N/A,N/A,
Definity,perflutren lipid microsphere,Dupont Pharmaceuticals,NDA,21064,,,Injectable,Intravenous,,,,,12/9/1998,7/31/2001,2001,indicated for use in patients with suboptimal echocardiograms to opacify the left ventricular chamber and to improve the delineation of the left ventricular endocardial border,,Standard,No,No,N/A,No,N/A,N/A,N/A,
Natrecor,nesiritide,Scios,NDA,20920,,,For Solution,Intravenous,,,,,4/27/1998,8/10/2001,2001,treatment of patients with acutely decompensated congestive heart failure who have dyspnea at rest or with minimal activity,,Standard,No,No,N/A,No,N/A,N/A,N/A,
Zometa,zoledronic acid,Novartis Pharmaceuticals,NDA,21223,,,Injectable,Intravenous,,,,,12/21/1999,8/20/2001,2001,treatment of hypercalcemia of malignancy,,Priority,Yes,No,N/A,No,N/A,N/A,N/A,
Spectracef,cefditoren pivoxil,TAP Pharmaceutical Products,NDA,21222,,,Tablet,Oral,,,,,12/29/1999,8/29/2001,2001,"treatment of acute bacterial exacerbation of chronic bronchitis, pharyngitis/tonsillitis, and uncomplicated skin and skin structure infections",,Standard,No,No,N/A,No,N/A,N/A,N/A,
Aranesp,darbepoetin alfa,Amgen,BLA,103951,,,Injectable,Injection,,,,,12/28/1999,9/17/2001,2001,"treatment of anemia associated with chronic renal failure, including patients on dialysis and patients not on dialysis",,Standard,No,No,N/A,No,N/A,N/A,N/A,
NuvaRing,"etonogestrel, ethinyl estradiol",Organon,NDA,21187,,,Ring,Vaginal,,,,,12/28/1999,10/3/2001,2001,indicated for the prevention of pregnancy in women who elect to use this product as a method of contraception,,Standard,No,No,N/A,No,N/A,N/A,N/A,
Viread,tenofovir disoproxil fumarate,Gilead Sciences,NDA,21356,,,Tablet,Oral,,,,,5/1/2001,10/26/2001,2001,in combination with other antiretroviral agents for the treatment of HIV-1 infection in adults,,Priority,No,Yes,N/A,Yes,N/A,N/A,N/A,
Frova,frovatriptan,Elan Pharmaceuticals,NDA,21006,,,Tablet,Oral,,,,,1/29/1999,11/8/2001,2001,acute treatment of migraine,,Standard,No,No,N/A,No,N/A,N/A,N/A,
Kineret,anakinra,Amgen,BLA,103950,,,Injectable,Injection,,,,,12/28/1999,11/14/2001,2001,"indicated for the reduction in signs and symptoms of moderately to severely active rheumatoid arthritis, in patients 18 years of age or older who have failed one or more disease modifying antirheumatic drugs (DMARDs)",,Standard,No,No,N/A,No,N/A,N/A,N/A,
Bextra,valdecoxib,GD Searle,NDA,21341,,,Tablet,Oral,,,,,1/16/2001,11/16/2001,2001,indicated for the relief of signs and symptoms of osteoarthritis and adult rheumatoid arthritis and for the treatment of primary dysmenorrhea,,Standard,No,No,N/A,No,N/A,N/A,N/A,
Avodart,dutasteride,GlaxoSmithKline,NDA,21319,,,Capsule,Oral,,,,,12/21/2000,11/20/2001,2001,treatment of symptomatic benign prostatic hyperplasia in men with an enlarged prostate gland,,Standard,No,No,N/A,No,N/A,N/A,N/A,
Ortho Evra,"norelgestromin, ethinyl estradiol",RW Johnson Pharmaceutical Research,NDA,21180,,,"Film, Extended Release",Transdermal,,,,,12/21/2000,11/20/2001,2001,indicated for the prevention of pregnancy,,Standard,No,No,N/A,No,N/A,N/A,N/A,
Tracleer,bosentan,Actelion Pharmaceuticals,NDA,21290,,,Tablet,Oral,,,,,11/17/2000,11/20/2001,2001,indicated for the treatment of pulmonary arterial hypertension,,Standard,Yes,No,N/A,No,N/A,N/A,N/A,
Invanz,ertapenem sodium,Merck,NDA,21337,,,Injectable,"Intramuscular, Intravenous",,,,,11/30/2000,11/21/2001,2001,"treatment of complicated intra-abdominal infections; complicated skin and skin structure infections; community acquired pneumonia; complicated urinary tract infections including pyelonephritis; acute pelvic infections including postpartum endomyometritis, septic abortion and post surgical gynecologic infections",,Standard,No,No,N/A,No,N/A,N/A,N/A,
Xigris,drotrecogin alfa,Eli Lilly,BLA,125029,,,Injectable,Injection,,,,,1/26/2001,11/21/2001,2001,indicated for the reduction of mortality in adult patients with severe sepsis (sepsis associated with acute organ dysfunction) who have a high risk of death,,Priority,No,No,N/A,No,N/A,N/A,N/A,
Arixtra,fondaparinux sodium,Fonda BV,NDA,21345,,,Injectable,Subcutaneous,,,,,2/15/2001,12/7/2001,2001,"indicated for the prophylaxis of deep vein thrombosis, which may lead to pulmonary embolism, in patients undergoing hip fracture surgery, hip replacement surgery, or knee replacement surgery",,Priority,No,No,N/A,No,N/A,N/A,N/A,
Elidel,pimecrolimus,Novartis Pharmaceuticals,NDA,21302,,,Cream,Topical,,,,,12/15/2000,12/13/2001,2001,"short-term and intermittent long-term therapy in the treatment of mild to moderate atopic dermatitis in non-immunocompromised patients 2 years of age and older, in whom the use of alternative, conventional therapies is deemed inadvisable because of potential risks, or in the treatment of patients who are not adequately responsive to or intolerant of alternative, conventional therapies",,Standard,No,No,N/A,No,N/A,N/A,N/A,
Clarinex,desloratadine,Schering,NDA,21165,,,Tablet,Oral,,,,,10/21/1999,12/21/2001,2001,indicated for the relief of the nasal and non-nasal symptoms of seasonal allergic rhinitis in patients 12 years of age and older,,Standard,No,No,N/A,No,N/A,N/A,N/A,
Orfadin,nitisinone,Swedish Orphan,NDA,21232,,,Capsule,Oral,,,,,9/8/2000,1/18/2002,2002,indicated as adjunctive therapy to dietary restriction of tyrosine and phenylalanine in the treatment of hereditary tyrosinemia type 1,,Priority,Yes,No,N/A,Yes,N/A,N/A,N/A,
Neulasta,pegfilgrastim,Amgen,BLA,125031,,,Injectable,Injection,,,,,4/2/2001,1/31/2002,2002,"indicated to decrease the incidence of infection, as manifested by febrile neutropenia, in patients with non-myeloid malignancies receiving myelosuppressive anti-cancer drugs associated with a clinically significant incidence of febrile neutropenia",,Standard,No,No,N/A,No,N/A,N/A,N/A,
Zevalin,ibritumomab tiuxetan,Idec Pharmaceuticals,BLA,125019,,,Injectable,Injection,,,,,11/1/2000,2/19/2002,2002,"as part of a specific therapeutic regimen including Rituximab, Indium-111, Ibritumomab Tiuxetan, and Yttrium-90 Ibritumomab Tiuxetan, is indicated for the treatment of patients with relapsed or refractory low-grade, follicular, or transformed B-cell non-Hodgkin's lymphoma, including patients with Rituximab (Rituxan) refractory follicular non-Hodgkin’s lymphoma",,Priority,Yes,Yes,N/A,Yes,N/A,N/A,N/A,
Rebif,interferon beta-1a,Serono,BLA,103780,,,Injectable,Injection,,,,,2/27/1998,3/7/2002,2002,treatment of patients with relapsing forms of multiple sclerosis to decrease the frequency of clinical exacerbations and delay the accumulation of physical disability,,Standard,No,No,N/A,No,N/A,N/A,N/A,
Faslodex,fulvestrant,AstraZeneca Pharmaceuticals,NDA,21344,,,Injectable,Intramuscular,,,,,3/28/2001,4/25/2002,2002,treatment of hormone receptor positive metastatic breast cancer in postmenopausal women with disease progression following antiestrogen therapy,,Standard,No,No,N/A,No,N/A,N/A,N/A,
Benicar,olmesartan medoxomil,Sankyo,NDA,21286,,,Tablet,Oral,,,,,7/25/2000,4/25/2002,2002,treatment of hypertension,,Standard,No,No,N/A,No,N/A,N/A,N/A,
Remodulin,treprostinil sodium,United Therapeutics,NDA,21272,,,Injectable,"Iv (Infusion), Subcutaneous",,,,,10/16/2000,5/21/2002,2002,treatment of pulmonary arterial hypertension,,Priority,Yes,Yes,N/A,No,N/A,N/A,N/A,
Vfend,voriconazole,Pfizer,NDA,21266,21267,,Tablet,Oral,Injectable,Injection,,,11/17/2000,5/24/2002,2002,"treatment of invasive aspergillosis and serious fungal infections caused by Scedosporium apiospermum and Fusarium spp., including Fusarium solani, in patients intolerant of, or refractory to, other therapy",,Standard,No,No,N/A,No,N/A,N/A,N/A,
Imagent,"dimyristoylphosphatidylcholine, perflexane",Alliance Pharmaceuticals,NDA,21191,,,Injectable,Intravenous,,,,,10/14/1999,5/31/2002,2002,indicated for the use in patients with suboptimal echocardiograms to opacify the left ventricular chamber and to improve the delineation of the left ventricular endocardial border,,Standard,No,No,N/A,No,N/A,N/A,N/A,
Elitek,rasburicase,Sanofi-Synthelabo,BLA,103946,,,Injectable,Injection,,,,,12/16/1999,7/12/2002,2002,"indicated for the initial management of plasma uric acid levels in pediatric patients with leukemia, lymphoma, and solid tumor malignancies who are receiving anti-cancer therapy expected to result in tumor lysis and subsequent elevation of plasma uric acid",,Standard,Yes,No,N/A,No,N/A,N/A,N/A,
Xyrem,sodium oxybate,Orphan Medical,NDA,21196,,,Solution,Oral,,,,,10/2/2000,7/17/2002,2002,treatment of cataplexy associated with narcolepsy,,Priority,Yes,No,N/A,No,N/A,N/A,N/A,
Zelnorm,tegaserod maleate,Novartis Pharmaceuticals,NDA,21200,,,Tablet,Oral,,,,,2/11/2000,7/24/2002,2002,short-term treatment of women with irritable bowel syndrome whose primary bowel symptom is constipation,,Priority,No,No,N/A,No,N/A,N/A,N/A,
Eloxatin,oxaliplatin,Sanofi-Synthelabo,NDA,21492,,,Injectable,Intravenous,,,,,6/24/2002,8/9/2002,2002,in combination with infusional 5-FU/LV for the treatment of patients with metastatic carcinoma of the colon or rectum whose disease has recurred or progressed during or within 6 months of completion of first line therapy with the combination of bolus 5-FU/LV and irinotecan,,Priority,No,Yes,N/A,Yes,N/A,N/A,N/A,
Hepsera,adefovir dipivoxil,Gilead Sciences,NDA,21449,,,Tablet,Oral,,,,,3/21/2002,9/20/2002,2002,treatment of chronic hepatitis B in adults with evidence of active viral replication and either evidence of persistent elevations in serum alanine aminotransferase (ALT)/aspartate aminotransferase (AST) or histologically active disease,,Priority,No,No,N/A,No,N/A,N/A,N/A,
Inspra,eplerenone,GD Searle,NDA,21437,,,Tablet,Oral,,,,,11/29/2001,9/27/2002,2002,"treatment of hypertension, alone or in combination with other agents",,Standard,No,No,N/A,No,N/A,N/A,N/A,
Pegasys,peginterferon alfa-2a,Hoffmann-La Roche,BLA,103964,,,Injectable,Injection,,,,,5/22/2000,10/16/2002,2002,treatment of adults with chronic hepatitis C who have compensated liver disease and who have not been previously treated with interferon alfa,,Standard,No,No,N/A,No,N/A,N/A,N/A,
Zetia,ezetimibe,Schering,NDA,21445,,,Tablet,Oral,,,,,12/27/2001,10/25/2002,2002,"indicated as adjunctive therapy to diet for reduction of elevated total-C, LDL-C and Apo B in patients with primary (heterozygous familial and non-familial) hypercholesterolemia either alone or with an HMG-Co A reductase inhibitor; treatment of homozygous familial hypercholesterolemia in combination with either atorvastatin or simvastatin, as an adjunct to other lipid-lowering treatments (e.g., LDL apheresis) or, if such treatments are unavailable, in combination with either atorvastatin or simvastatin alone; treatment of homozygous familial sitosterolemia as adjunctive therapy to diet for the reduction of elevated sitosterol and campesterol levels",,Standard,No,No,N/A,No,N/A,N/A,N/A,
Abilify,aripiprazole,Otsuka Pharmaceutical,NDA,21436,,,Tablet,Oral,,,,,10/31/2001,11/15/2002,2002,treatment of schizophrenia,,Standard,No,No,N/A,No,N/A,N/A,N/A,
Alinia,nitazoxanide,Romark Laboratories,NDA,21498,,,For Suspension,Oral,,,,,5/29/2002,11/22/2002,2002,treatment of diarrhea caused by Cryptosporidium parvum and Giardia lamblia,,Priority,Yes,No,N/A,No,N/A,N/A,N/A,
Strattera,atomoxetine hydrochloride,Eli Lilly,NDA,21411,,,Capsule,Oral,,,,,10/12/2001,11/26/2002,2002,treatment of Attention-Deficit Hyperactivity Disorder (ADHD) for children and adolescents ages 6-18 and adults,,Standard,No,No,N/A,No,N/A,N/A,N/A,
Extraneal,icodextrin,Baxter Healthcare,NDA,21321,,,Solution,Intraperitoneal,,,,,12/22/2000,12/20/2002,2002,indicated for a single daily exchange for the long (8-16-hour) dwell during continuous ambulatory peritoneal dialysis (CAPD) or automated peritoneal dialysis (APD) for the management of chronic renal failure,,Standard,Yes,No,N/A,No,N/A,N/A,N/A,
Relpax,eletriptan hydrobromide,Pfizer,NDA,21016,,,Tablet,Oral,,,,,10/27/1998,12/26/2002,2002,acute treatment of migraine,,Standard,No,No,N/A,No,N/A,N/A,N/A,
Humira,adalimumab,Abbott Laboratories,BLA,125057,,,Injectable,Injection,,,,,3/29/2002,12/31/2002,2002,indicated for reducing signs and symptoms and inhibiting the progression of structural damage in adult patients with moderately to severely active rheumatoid arthritis who have had an inadequate response to one or more disease-modifying anti-rheumatic drugs (DMARDs),,Standard,No,No,N/A,No,N/A,N/A,N/A,
Amevive,alefacept,Biogen,BLA,125036,,,Injectable,Injection,,,,,8/6/2001,1/30/2003,2003,treatment of adult patients with moderate to severe chronic plaque psoriasis who are candidates for systemic therapy or phototherapy,,Standard,No,No,N/A,No,N/A,N/A,N/A,
Fuzeon,enfuvirtide,Hoffmann-La Roche,NDA,21481,,,Injectable,Subcutaneous,,,,,9/16/2002,3/13/2003,2003,"in combination with other antiretroviral agents, for the treatment of HIV-1 infection in treatment experienced patients with evidence of HIV-1 replication despite ongoing antiretroviral therapy",,Priority,No,Yes,N/A,Yes,N/A,N/A,N/A,
Somavert,pegvisomant,Pharmacia and Upjohn,BLA,21106,,,Injectable,Subcutaneous,,,,,12/26/2000,3/25/2003,2003,"treatment of acromegaly in patients who have an inadequate response to surgery and/or radiation therapy and/or other medical therapies, or for whom these therapies are not appropriate",,Priority,Yes,No,N/A,Yes,N/A,N/A,N/A,Transition Product from NDA to BLA due to BPCI : Please see page 2 of data dictionary for more information.
Emend,aprepitant,Merck,NDA,21549,,,Capsule,Oral,,,,,9/27/2002,3/26/2003,2003,"in combination with other antiemetic agents, for the prevention of acute and delayed nausea and vomiting associated with initial and repeat courses of highly emetogenic cancer chemotherapy, including high-dose cisplatin",,Priority,No,No,N/A,No,N/A,N/A,N/A,
Factive,gemifloxacin mesylate,LG Life Sciences,NDA,21158,,,Tablet,Oral,,,,,12/16/1999,4/4/2003,2003,treatment of community-acquired pneumonia and acute bacterial exacerbation of chronic bronchitis,,Standard,No,No,N/A,No,N/A,N/A,N/A,
Fabrazyme,agalsidase beta,Genzyme,BLA,103979,,,Injectable,Injection,,,,,6/23/2000,4/24/2003,2003,indicated for use in patients with Fabry disease to reduce globotriaosylceramide (GL-3) deposition in capillary endothelium of the kidney and certain other cell types,,Priority,Yes,Yes,N/A,Yes,N/A,N/A,N/A,
Aldurazyme,laronidase,Biomarin Pharmaceutical,BLA,125058,,,Injectable,Injection,,,,,7/29/2002,4/30/2003,2003,indicated for patients with Hurler and Hurler-Scheie forms of Mucopolysaccharidosis I (MPS I) and for patients with the Scheie form who have moderate to severe symptoms,,Priority,Yes,No,N/A,Yes,N/A,N/A,N/A,
Iressa,gefitinib,AstraZeneca Pharmaceuticals,NDA,21399,,,Tablet,Oral,,,,,8/5/2002,5/5/2003,2003,indicated as monotherapy for the treatment of patients with locally advanced or metastatic non-small cell lung cancer after failure of both platinum-based and docetaxel chemotherapies,,Priority,No,Yes,N/A,Yes,N/A,N/A,N/A,
Velcade,bortezomib,Millennium Pharmaceuticals,NDA,21602,,,Injectable,"Intravenous, Subcutaneous",,,,,1/21/2003,5/13/2003,2003,treatment of multiple myeloma patients who have received at least two prior therapies and have demonstrated disease progression on the last therapy,,Priority,Yes,Yes,N/A,Yes,N/A,N/A,N/A,
Boniva,ibandronate sodium,Hoffmann-La Roche,NDA,21455,,,Tablet,Oral,,,,,7/16/2002,5/16/2003,2003,treatment and prevention of postmenopausal osteoporosis,,Standard,No,No,N/A,No,N/A,N/A,N/A,
Uroxatral,alfuzosin hydrochloride,Sanofi-Synthelabo,NDA,21287,,,"Tablet, Extended Release",Oral,,,,,12/8/2000,6/12/2003,2003,treatment of the signs and symptoms of benign prostatic hyperplasia (BPH),,Standard,No,No,N/A,No,N/A,N/A,N/A,
Reyataz,atazanavir sulfate,Bristol-Myers Squibb,NDA,21567,,,Capsule,Oral,,,,,12/20/2002,6/20/2003,2003,in combination with other antiretroviral agents for the treatment of HIV-1 infection in adults,,Priority,No,No,N/A,No,N/A,N/A,N/A,
Xolair,omalizumab,Genentech,BLA,103976,,,Injectable,Injection,,,,,6/5/2000,6/20/2003,2003,indicated for adults and adolescents (12 years of age and above) with moderate to severe persistent asthma who have a positive skin test or in vitro reactivity to a perennial aeroallergen and whose symptoms are inadequately controlled with inhaled corticosteroids,,Standard,No,No,N/A,No,N/A,N/A,N/A,
Bexxar,"tositumomab, iodine I 131 tositumomab",Corixa,BLA,125011,,,Injectable,Injection,,,,,9/15/2000,6/27/2003,2003,"indicated for the treatment of patients with CD20 positive, follicular, non-Hodgkin's lymphoma, with and without transformation, whose disease is refractory to Rituximab and has relapsed following chemotherapy",,Priority,Yes,No,N/A,Yes,N/A,N/A,N/A,
Emtriva,emtricitabine,Gilead Sciences,NDA,21500,,,Capsule,Oral,,,,,9/3/2002,7/2/2003,2003,indicated for the treatment of HIV infection in adults,,Standard,No,No,N/A,Yes,N/A,N/A,N/A,
Aloxi,palonosetron hydrochloride,Helsinn Healthcare,NDA,21372,,,Injectable,Intravenous,,,,,9/27/2002,7/25/2003,2003,prevention of acute nausea and vomiting associated with initial and repeat courses of moderately and highly emetogenic cancer chemotherapy; prevention of delayed nausea and vomiting associated with initial and repeat courses of moderately emetogenic cancer chemotherapy,,Standard,No,No,N/A,No,N/A,N/A,N/A,
Zavesca,miglustat,Actelion Pharmaceuticals,NDA,21348,,,Capsule,Oral,,,,,8/21/2001,7/31/2003,2003,"treatment of mild to moderate Type I Gaucher disease in adults for whom enzyme replacement therapy is not a therapeutic option (e.g., due to constraints such as allergy, hypersensitivity, or poor venous access)",,Standard,Yes,No,N/A,Yes,N/A,N/A,N/A,
Crestor,rosuvastatin calcium,AstraZeneca Pharmaceuticals,NDA,21366,,,Tablet,Oral,,,,,6/26/2001,8/12/2003,2003,"indicated as an adjunct to diet to reduce elevated total-C in patients with primary hypercholesterolemia (heterozygous familial and nonfamilial) and mixed dyslipidemia (Frederickson Type IIa and IIb);  as an adjunct to diet for the treatment of patients with elevated serum TG levels (Frederickson Type IV); indicated to reduce LDL-C, total-C, and ApoB in patients with homozygous familial hypercholesterolemia as an adjunct to other lipid-lowering treatments (e.g., LDL apheresis) or if such treatments are unavailable)",,Standard,No,No,N/A,No,N/A,N/A,N/A,
Levitra,vardenafil hydrochloride,Bayer,NDA,21400,,,Tablet,Oral,,,,,9/24/2001,8/19/2003,2003,treatment of erectile dysfunction,,Standard,No,No,N/A,No,N/A,N/A,N/A,
Cubicin,daptomycin,Cubist Pharmaceuticals,NDA,21572,,,Powder,Intravenous,,,,,12/20/2002,9/12/2003,2003,treatment of complicated skin and skin structure infections caused by susceptible strains of Gram-positive microorganisms,,Priority,No,No,N/A,No,N/A,N/A,N/A,
Radiogardase,prussian blue,Heyl Chemisch-pharmazeutische Fabrik GmbH,NDA,21626,,,Capsule,Oral,,,,,3/13/2003,10/2/2003,2003,treatment of patients with known or suspected internal contamination with radioactive cesium and/or radioactive or non-radioactive thallium to increase their rates of elimination,,Priority,Yes,No,N/A,No,N/A,N/A,N/A,
Elestat,epinastine hydrochloride,Allergan,NDA,21565,,,Solution/Drops,Ophthalmic,,,,,12/20/2002,10/16/2003,2003,prevention of itching associated with allergic conjunctivitis,,Standard,No,No,N/A,No,N/A,N/A,N/A,
Namenda,memantine hydrochloride,Forest Laboratories,NDA,21487,,,Tablet,Oral,,,,,12/19/2002,10/16/2003,2003,treatment of moderate to severe dementia of the Alzheimer's type,,Standard,No,No,N/A,No,N/A,N/A,N/A,
Raptiva,efalizumab,Genentech,BLA,125075,,,Injectable,Injection,,,,,12/27/2002,10/27/2003,2003,treatment of adult patients (18 years or older) with chronic moderate to severe plaque psoriasis who are candidates for systemic therapy or phototherapy,,Standard,No,No,N/A,No,N/A,N/A,N/A,
Cialis,tadalafil,Lilly Icos,NDA,21368,,,Tablet,Oral,,,,,6/29/2001,11/21/2003,2003,treatment of erectile dysfunction,,Standard,No,No,N/A,No,N/A,N/A,N/A,
Plenaxis,abarelix,Praecis Pharmaceuticals,NDA,21320,,,Injectable,Intramuscular,,,,,12/12/2000,11/25/2003,2003,"palliative treatment of men with advanced symptomatic prostate cancer, in whom LHRH agonist therapy is not appropriate and who refuse surgical castration, and have one or more of the following:  risk of neurological compromise due to metastases, ureteral or bladder outlet obstruction due to local encroachment or metastatic disease, or severe bone pain from skeletal metastases persisting on narcotic analgesia",,Priority,No,No,N/A,No,N/A,N/A,N/A,
Ertaczo,sertaconazole nitrate,Mylan Pharmaceuticals,NDA,21385,,,Cream,Topical,,,,,9/28/2001,12/10/2003,2003,"treatment of interdigital tinea pedis in immunocompetent patients 12 years of age and older, caused by Trichophyton rubrum, Trichophyton mentagrophytes, and Epidermophyton floccosum",,Standard,No,No,N/A,No,N/A,N/A,N/A,
Spiriva Handihaler,tiotropium bromide,Boehringer Ingelheim Pharmaceuticals,NDA,21395,,,Powder,Inhalation,,,,,12/13/2001,1/30/2004,2004,"long-term, once-daily, maintenance treatment of bronchospasm associated with chronic obstructive pulmonary disease (COPD), including chronic bronchitis and emphysema",,Standard,No,No,N/A,No,N/A,N/A,N/A,
Alimta,pemetrexed disodium,Eli Lilly,NDA,21462,,,Powder,Intravenous,,,,,9/30/2003,2/4/2004,2004,treatment of patients with malignant pleural mesothelioma whose disease is either unresectable or who are otherwise not candidates for curative surgery,,Priority,Yes,No,N/A,Yes,N/A,N/A,N/A,
Erbitux,cetuximab,ImClone Systems,BLA,125084,,,Injectable,Injection,,,,,8/14/2003,2/12/2004,2004,"in combination with irinotecan for treatment of EGFR-expressing, metastatic colorectal carcinoma in patients who are refractory to irinotecan-based chemotherapy; as a single agent for treatment of EGFR-expressing, metastatic colorectal carcinoma in patients who are intolerant to irinotecan-based chemotherapy",,Priority,No,Yes,N/A,Yes,N/A,N/A,N/A,
Avastin,bevacizumab,Genentech,BLA,125085,,,Injectable,Injection,,,,,9/30/2003,2/26/2004,2004,in combination with intravenous 5-fluorouracil-based chemotherapy is indicated for the first-line treatment of patients with metastatic carcinoma of the colon and rectum,,Priority,No,No,N/A,Yes,N/A,N/A,N/A,
Sensipar,cinacalcet hydrochloride,Amgen,NDA,21688,,,Tablet,Oral,,,,,9/8/2003,3/8/2004,2004,"[A] treatment of secondary hyperparathyroidism in patients with chronic kidney disease on dialysis
[B] treatment of hypercalcemia in patients with parathyroid carcinoma",,Priority,Yes (indication [B] only),No,N/A,No,N/A,N/A,N/A,
Ketek,telithromycin,Aventis Pharmaceuticals,NDA,21144,,,Tablet,Oral,,,,,3/1/2000,4/1/2004,2004,"treatment of infections caused by susceptible strains of  designated microorganisms in the conditions listed below, for patients 18 years old and above:  acute bacterial exacerbation of chronic bronchitis,  acute bacterial sinusitis, community-acquired pneumonia (of mild to moderate severity)",,Standard,No,No,N/A,No,N/A,N/A,N/A,
ChiRhoStim,human secretin,ChiRhoClin,NDA,21256,,,For Solution,Intravenous,,,,,6/14/2001,4/9/2004,2004,"indicated for stimulation of pancreatic secretions, including bicarbonate, to aid in the diagnosis of pancreatic exocrine dysfunction; also indicated for stimulation of gastrin secretion to aid in the diagnosis of gastrinoma; also indicated for stimulation of pancreatic secretions to facilitate the identification of the ampulla of Vater and accessory papilla during endoscopic retrograde cholangiopancreatography (ERCP)",,Priority,Yes,No,N/A,No,N/A,N/A,N/A,
Apidra,insulin glulisine,Aventis Pharmaceuticals,BLA,21629,,,Injectable,"Intravenous, Subcutaneous",,,,,6/18/2003,4/16/2004,2004,treatment of adult patients with diabetes mellitus for the control of hyperglycemia,,Standard,No,No,N/A,No,N/A,N/A,N/A,Transition Product from NDA to BLA due to BPCI : Please see page 2 of data dictionary for more information.
Apokyn,apomorphine hydrochloride,Bertek Pharmaceuticals,NDA,21264,,,Injectable,Subcutaneous,,,,,1/2/2003,4/20/2004,2004,"indicated for the acute, intermittent treatment of hypomobility, ""off"" episodes (""end-of-dose wearing off"" and unpredictable ""on/off"" episodes) associated with advanced Parkinson's disease",,Priority,Yes,No,N/A,Yes,N/A,N/A,N/A,
Vitrase,hyaluronidase (ovine),Ista Pharmaceuticals,BLA,21640,,,Injectable,Injection,,,,,8/5/2003,5/5/2004,2004,indicated as an adjuvant to increase the absorption and dispersion of other injected drugs; for hypodermoclysis; and as an adjunct in subcutaneous urography for improving resorption of radiopaque agents,,Priority,No,No,N/A,No,N/A,N/A,N/A,Transition Product from NDA to BLA due to BPCI : Please see page 2 of data dictionary for more information.
Tindamax,tinidazole,Presutti Laboratories,NDA,21618,21681,21682,Tablet,Oral,Tablet,Oral,Tablet,Oral,7/17/2003,5/17/2004,2004,"[A] treatment of trichomoniasis
[B] treatment of giardiasis
[C] treatment of amebiasis and amebic liver abscess",,Standard,Yes (indication [B] and [C] only),No,N/A,No,N/A,N/A,N/A,
Vidaza,azacitidine,Pharmion,NDA,50794,,,Powder,"Intravenous, Subcutaneous",,,,,12/29/2003,5/19/2004,2004,"treatment of patients with the following myelodysplastic syndrome subtypes: refractory anemia or refractory anemia with ringed sideroblasts (if accompanied by neutropenia or thrombocytopenia and requiring transfusions), refractory anemia with excess blasts, refractory anemia with excess blasts in transformation, and chronic myelomonocytic leukemia",,Priority,Yes,No,N/A,Yes,N/A,N/A,N/A,
Xifaxan,rifaximin,Salix Pharmaceuticals,NDA,21361,,,Tablet,Oral,,,,,12/26/2001,5/25/2004,2004,treatment of patients (> 12 years of age) with travelers' diarrhea caused by noninvasive strains of Escherichia coli,,Standard,No,No,N/A,No,N/A,N/A,N/A,
Sanctura,trospium chloride,Indevus Pharmaceuticals,NDA,21595,,,Tablet,Oral,,,,,4/29/2003,5/28/2004,2004,"treatment of overactive bladder associated with symptoms of urge urinary incontinence, urgency, and urinary frequency",,Standard,No,No,N/A,No,N/A,N/A,N/A,
NutreStore,l-glutamine,Nutritional Restart Pharmaceutical,NDA,21667,,,For Solution,Oral,,,,,8/11/2003,6/10/2004,2004,treatment of short bowel syndrome in patients receiving specialized nutritional support when used in conjunction with a recombinant human growth that is approved for this indication,,Standard,Yes,No,N/A,No,N/A,N/A,N/A,
NeutroSpec,technetium Tc 99m fanolesomab,Palatin Technologies,BLA,103928,,,Injectable,Injection,,,,,11/22/1999,7/2/2004,2004,indicated for scintigraphic imaging of patients with equivocal signs and symptoms of appendicitis who are five years of age or older,,Standard,No,No,N/A,No,N/A,N/A,N/A,
Campral,acamprosate calcium,Lipha Pharmaceuticals,NDA,21431,,,"Tablet, Delayed Release",Oral,,,,,12/27/2001,7/29/2004,2004,indicated for the maintenance of abstinence from alcohol in patients with alcohol dependence who are abstinent at treatment initiation,,Priority,No,No,N/A,No,N/A,N/A,N/A,
Cymbalta,duloxetine hydrochloride,Eli Lilly,NDA,21427,,,"Capsule, Delayed Release Pellets",Oral,,,,,11/13/2001,8/3/2004,2004,treatment of major depressive disorder (MDD),,Standard,No,No,N/A,No,N/A,N/A,N/A,
[drug marketed without a proprietary name],pentetate calcium trisodium,Hameln Pharmaceuticals GmbH,NDA,21749,,,Solution,"Inhalation, Intravenous",,,,,4/28/2004,8/11/2004,2004,"treatment of internal contamination with plutonium, americium or curium to increase the rates of elimination",,Priority,Yes,No,N/A,No,N/A,N/A,N/A,
[drug marketed without a proprietary name],pentetate zinc trisodium,Hameln Pharmaceuticals GmbH,NDA,21751,,,Solution,"Inhalation, Intravenous",,,,,4/28/2004,8/11/2004,2004,"treatment of internal contamination with plutonium, americium or curium to increase the rates of elimination",,Priority,Yes,No,N/A,No,N/A,N/A,N/A,
Amphadase,hyaluronidase (bovine),Amphastar Pharmaceuticals,BLA,21665,,,Injectable,Injection,,,,,7/7/2003,10/26/2004,2004,indicated as an adjuvant to increase the absorption and dispersion of other injected drugs; for hypodermoclysis; and as an adjunct in subcutaneous urography for improving resorption of radiopaque agents,,Priority,No,No,N/A,No,N/A,N/A,N/A,Transition Product from NDA to BLA due to BPCI : Please see page 2 of data dictionary for more information.
Fosrenol,lanthanum carbonate hydrate,Shire Pharmaceutical Development,NDA,21468,,,"Tablet, Chewable",Oral,,,,,4/30/2002,10/26/2004,2004,indicated to reduce serum phosphate in patients with end stage renal disease,,Standard,No,No,N/A,No,N/A,N/A,N/A,
Omacor,omega-3-acid ethyl esters,Abbott Laboratories,NDA,21654,,,Capsule,Oral,,,,,1/12/2004,11/10/2004,2004,indicated as an adjunct to diet to reduce triglyceride (TG) levels in adult patients with TG levels > 500 mg/dL,,Standard,No,No,N/A,No,N/A,N/A,N/A,
Tarceva,erlotinib hydrochloride,OSI Pharmaceuticals,NDA,21743,,,Tablet,Oral,,,,,7/30/2004,11/18/2004,2004,treatment of locally advanced or metastatic Non Small-Cell Lung Cancer (NSCLC) after failure of at least one prior chemotherapy regimen,,Priority,No,No,N/A,Yes,N/A,N/A,N/A,
Vesicare,solifenacin succinate,Yamanouchi Pharma America,NDA,21518,,,Tablet,Oral,,,,,12/19/2002,11/19/2004,2004,"treatment of overactive bladder with symptoms of urge urinary incontinence, urgency, and urinary frequency",,Standard,No,No,N/A,No,N/A,N/A,N/A,
Multihance,gadobenate dimeglumine,Bracco Diagnostics,NDA,21357,21358,,Injectable,Intravenous,Injectable,Injection,,,4/27/2001,11/23/2004,2004,"indicated for intravenous use in magnetic resonance imaging (MRI) of the central nervous system in adults to visualize lesions with abnormal blood brain barrier or abnormal vascularity of the brain, spine, and associated tissues",,Standard,No,No,N/A,No,N/A,N/A,N/A,
Tysabri,natalizumab,Biogen Idec,BLA,125104,,,Injectable,Injection,,,,,5/24/2004,11/23/2004,2004,treatment of patients with relapsing forms of multiple sclerosis (MS) to reduce the frequency of clinical exacerbations,,Priority,No,Yes,N/A,No,N/A,N/A,N/A,
Kepivance,palifermin,Amgen,BLA,125103,,,Injectable,Injection,,,,,6/15/2004,12/15/2004,2004,indicated to decrease the incidence and duration of severe oral mucositis in patients with hematologic malignancies receiving myelotoxic therapy requiring hematopoietic stem cell support,,Priority,No,No,N/A,Yes,N/A,N/A,N/A,
Lunesta,eszopiclone,Sepracor,NDA,21476,,,Tablet,Oral,,,,,1/31/2003,12/15/2004,2004,treatment of insomnia,,Standard,No,No,N/A,No,N/A,N/A,N/A,
VisionBlue,trypan blue,Dutch Ophthalmic USA,NDA,21670,,,Solution,Ophthalmic,,,,,10/27/2003,12/16/2004,2004,indicated as an aid in ophthalmic surgery by staining the anterior capsule of the lens,,Priority,No,No,N/A,No,N/A,N/A,N/A,
Macugen,pegaptanib sodium,Eyetech Pharmaceuticals,NDA,21756,,,Injectable,Intravitreal,,,,,6/17/2004,12/17/2004,2004,treatment of neovascular (wet) age-related macular degeneration,,Priority,No,No,N/A,Yes,N/A,N/A,N/A,
Enablex,darifenacin hydrobromide,Novartis Pharmaceuticals,NDA,21513,,,"Tablet, Extended Release",Oral,,,,,12/3/2002,12/22/2004,2004,treatment of overactive bladder,,Standard,No,No,N/A,No,N/A,N/A,N/A,
Prialt,ziconotide,Elan Pharmaceuticals,NDA,21060,,,Injectable,Intrathecal,,,,,12/28/1999,12/28/2004,2004,"management of severe chronic pain in patients for whom intrathecal (IT) therapy is warranted and who are intolerant of or refractory to other treatment, such as systemic analgesics, adjunctive therapies, or IT morphine",,Priority,No,No,N/A,No,N/A,N/A,N/A,
Clolar,clofarbine,Genzyme,NDA,21673,,,Solution,Intravenous,,,,,3/30/2004,12/28/2004,2004,treatment of pediatric patients 1 to 21 years old with relapsed or refractory acute lymphoblastic leukemia after at least two prior regimens,,Priority,Yes,Yes,N/A,Yes,N/A,N/A,N/A,
Ventavis,iloprost,CoTherix,NDA,21779,,,Solution,Inhalation,,,,,6/30/2004,12/29/2004,2004,treatment of pulmonary arterial hypertension (WHO Group I) in patients with NYHA Class III or IV symptoms,,Priority,Yes,No,N/A,No,N/A,N/A,N/A,
Lyrica,pregabalin,Pfizer,NDA,21446,21723,,Capsule,Oral,Capsule,Oral,,,10/31/2003,12/30/2004,2004,"[A] management of neuropathic pain associated with diabetic peripheral neuropathy
[B] management of postherpetic neuralgia",,Priority (indication [A] only),No,No,N/A,No,N/A,N/A,N/A,
Symlin,pramlintide acetate,Amylin Pharmaceuticals,NDA,21332,,,Injectable,Subcutaneous,,,,,12/8/2000,3/16/2005,2005,"indicated for type 1 diabetes, as an adjunct treatment in patients who use mealtime insulin therapy and who have failed to achieve desired glucose control despite optimal insulin therapy; indicated for type 2 diabetes, as an adjunct treatment in patients who use mealtime insulin therapy and who have failed to achieve desired glucose control despite optimal insulin therapy, with or without a concurrent sulfonylurea agent and/or metformin",,Standard,No,No,N/A,No,N/A,N/A,N/A,
Mycamine,micafungin sodium,Fujisawa Healthcare,NDA,21506,21754,,Injectable,Intravenous,Injectable,Injection,,,4/29/2002,3/16/2005,2005,"[A] prophylaxis of Candida infections in patients undergoing hematopoietic stem cell transplantation
[B] treatment of esophageal candidiasis",,Priority (indication [A] only),No,No,N/A,No,N/A,N/A,N/A,
Baraclude,entecavir,Bristol-Myers Squibb,NDA,21797,21798,,Tablet,Oral,Solution ,Oral,,,9/29/2004,3/29/2005,2005,treatment of chronic hepatitis B virus infection in adults with evidence of active viral replication and either evidence of persistent elevations in serum aminotransferases (ALT or AST) or histologically active disease,,Priority,No,No,N/A,No,N/A,N/A,N/A,
Byetta,exenatide,Amylin Pharmaceuticals,NDA,21773,,,Injectable,Subcutaneous,,,,,6/30/2004,4/28/2005,2005,"indicated to improve glycemic control in patients with type 2 diabetes mellitus who have not achieved adequate glycemic control on metformin, a sulfonylurea, or a combination of metformin and a sulfonylurea",,Standard,No,No,N/A,No,N/A,N/A,N/A,
Naglazyme,galsulfase,Biomarin Pharmaceutical,BLA,125117,,,Injectable,Injection,,,,,11/29/2004,5/31/2005,2005,treatment of patients with Mucopolysaccharidosis VI (MPS VI),,Priority,Yes,No,N/A,Yes,N/A,N/A,N/A,
Tygacil,tigecycline,Wyeth Pharmaceuticals,NDA,21821,,,Powder,Intravenous,,,,,12/15/2004,6/15/2005,2005,treatment of Complicated Skin and Skin Structure Infections (cSSSI) and Complicated Intra-abdominal Infections (cIAI),,Priority,No,No,N/A,No,N/A,N/A,N/A,
Levemir,insulin detemir,Novo Nordisk,BLA,21536,,,Injectable,Subcutaneous,,,,,12/5/2002,6/16/2005,2005,treatment of adult patients with Type 1 or Type 2 diabetes mellitus who require basal (long-acting) insulin for the control of hyperglycemia,,Standard,No,No,N/A,No,N/A,N/A,N/A,Transition Product from NDA to BLA due to BPCI : Please see page 2 of data dictionary for more information.
Aptivus,tipranavir,Boehringer Ingelheim Pharmaceuticals,NDA,21814,,,Capsule,Oral,,,,,12/22/2004,6/22/2005,2005,"co-administered with ritonavir, is indicated for combination antiretroviral treatment of HIV-1 infected adult patients with evidence of viral replication, who are highly treatment-experienced or have HIV-1 strains resistant to multiple protease inhibitors",,Priority,No,Yes,N/A,No,N/A,N/A,N/A,
Rozerem,ramelteon,Takeda Global Research & Development Center,NDA,21782,,,Tablet,Oral,,,,,9/22/2004,7/22/2005,2005,treatment of insomnia characterized by difficulty with sleep onset,,Standard,No,No,N/A,No,N/A,N/A,N/A,
Nevanac,nepafenac,Alcon,NDA,21862,,,Suspension/Drops,Ophthalmic,,,,,2/28/2005,8/19/2005,2005,treatment of pain and inflammation associated with cataract surgery,,Priority,No,No,N/A,No,N/A,N/A,N/A,
Increlex,mecasermin (rDNA origin),Tercica,BLA,21839,,,Injectable,Subcutaneous,,,,,2/28/2005,8/30/2005,2005,long-term treatment of growth failure in children with severe primary IGF-1 deficiency (Primary IGFD) or with growth hormone (GH) gene deletion who have developed neutralizing antibodies to growth hormone,,Priority,Yes,No,N/A,No,N/A,N/A,N/A,Transition Product from NDA to BLA due to BPCI : Please see page 2 of data dictionary for more information.
Hydase,hyaluronidase (bovine),PrimaPharm,BLA,21716,,,Injectable,Injection,,,,,10/20/2003,10/25/2005,2005,indicated as an adjuvant to increase the absorption and dispersion of other injected drugs; for hypodermoclysis; and as an adjunct in subcutaneous urography for improving resorption of radiopaque agents,,Priority,No,No,N/A,No,N/A,N/A,N/A,Transition Product from NDA to BLA due to BPCI : Please see page 2 of data dictionary for more information.
Arranon,nelarabine,GlaxoSmithKline,NDA,21877,,,Injectable,Intravenous,,,,,4/29/2005,10/28/2005,2005,treatment of patients with T-cell acute lymphoblastic leukemia and T-cell lymphoblastic lymphoma whose disease has not responded to or has relapsed following treatment with at least two chemotherapy regimens,,Priority,Yes,Yes,N/A,Yes,N/A,N/A,N/A,
Exjade,deferasirox,Novartis Pharmaceuticals,NDA,21882,,,"Tablet, For Suspension",Oral,,,,,5/2/2005,11/2/2005,2005,treatment of chronic iron overload due to blood transfusions (transfusional hemosiderosis) in patients 2 years of age and older,,Priority,Yes,Yes,N/A,Yes,N/A,N/A,N/A,
Hylenex,hyaluronidase (human),Halozyme Therapeutics,BLA,21859,,,Injectable,Injection,,,,,3/23/2005,12/2/2005,2005,indicated as an adjuvant to increase the absorption and dispersion of other injected drugs; for hypodermoclysis; and as an adjunct in subcutaneous urography for improving resorption of radiopaque agents,,Priority,No,No,N/A,No,N/A,N/A,N/A,Transition Product from NDA to BLA due to BPCI : Please see page 2 of data dictionary for more information.
Iplex,mecasermin rinfabate (rDNA origin),Insmed,BLA,21884,,,Injectable,Subcutaneous,,,,,1/3/2005,12/12/2005,2005,treatment of growth failure in children with severe primary IGF-1 deficiency (Primary IGFD) or with growth hormone (GH) gene deletion who have developed neutralizing antibodies to growth hormone,,Priority,Yes,No,N/A,No,N/A,N/A,N/A,Transition Product from NDA to BLA due to BPCI : Please see page 2 of data dictionary for more information.
Nexavar,sorafenib tosylate,Bayer Pharmaceuticals,NDA,21923,,,Tablet,Oral,,,,,7/8/2005,12/20/2005,2005,treatment of patients with advanced renal cell carcinoma,,Priority,Yes,No,N/A,Yes,N/A,N/A,N/A,
Orencia,abatacept,Bristol-Myers Squibb,BLA,125118,,,Injectable,Injection,,,,,4/1/2005,12/23/2005,2005,"indicated for reducing signs and symptoms, inducing major clinical response, slowing the progression of structural damage, and improving physical function in adult patients with moderately to severely active rheumatoid arthritis who have had an inadequate response to one or more Disease Modifying Anti-Rheumatoid Drugs (DMARDs), such as methotrexate or TNF antagonists.  Abatacept may be used as monotherapy or concomitantly with DMARDs other than TNF antagonists",,Priority,No,No,N/A,Yes,N/A,N/A,N/A,
Revlimid,lenalidomide,Celgene,NDA,21880,,,Capsule,Oral,,,,,4/7/2005,12/27/2005,2005,treatment of patients with transfusion dependent anemia due to low or intermediate-1 risk myelodysplastic syndromes associated with a deletion 5q cytogenetic abnormality with or without additional cytogenetic abnormalities,,Priority,Yes,No,N/A,Yes,N/A,N/A,N/A,
Vaprisol,conivaptan hydrochloride,Astellas Pharma,NDA,21697,,,Injectable,Intravenous,,,,,1/30/2004,12/29/2005,2005,treatment of euvolemic hyponatremia in hospitalized patients,,Standard,No,No,N/A,No,N/A,N/A,N/A,
Sutent,sunitinib malate,Pfizer,NDA,21938,21968,,Capsule,Oral,Capsule,Oral,,,8/11/2005,1/26/2006,2006,"[A] treatment of gastrointestinal stromal tumor after disease progression on or intolerance to imatinib mesylate
[B] treatment of advanced renal cell carcinoma",,Priority,No,Yes (indication [B] only),N/A,Yes,N/A,N/A,N/A,
Ranexa,ranolazine,CV Therapeutics,NDA,21526,,,"Tablet, Extended Release",Oral,,,,,12/30/2002,1/27/2006,2006,treatment of chronic angina,,Standard,No,No,N/A,No,N/A,N/A,N/A,
Amitiza,lubiprostone,Sucampo Pharmaceuticals,NDA,21908,,,Capsule,Oral,,,,,3/31/2005,1/31/2006,2006,treatment of chronic idiopathic constipation in the adult population,,Standard,No,No,N/A,No,N/A,N/A,N/A,
Eraxis,anidulafungin,Pfizer,NDA,21632,21948,,Powder,Intravenous,Injectable,Injection,,,4/25/2003,2/17/2006,2006,"[A] treatment of patients with esophageal candidiasis
[B] treatment of patients with candidemia and other forms of Candida infections (intra-abdominal abscess and peritonitis)",,Priority (indication [B] only),No,No,N/A,No,N/A,N/A,N/A,
Myozyme,alglucosidase alfa,Genzyme,BLA,125141,,,Injectable,Injection,,,,,7/28/2005,4/28/2006,2006,treatment of Pompe disease (GAA deficiency),,Priority,Yes,No,N/A,Yes,N/A,N/A,N/A,
Dacogen,decitabine,MGI Pharma,NDA,21790,,,Injectable,Intravenous,,,,,11/1/2004,5/2/2006,2006,treatment of myelodysplastic syndrome (MDS),,Standard,Yes,No,N/A,Yes,N/A,N/A,N/A,
Chantix,varenicline,Pfizer,NDA,21928,,,Tablet,Oral,,,,,11/10/2005,5/10/2006,2006,indicated as an aid to smoking cessation treatment,,Priority,No,No,N/A,No,N/A,N/A,N/A,
Azilect,rasagiline mesylate,Teva Pharmaceuticals,NDA,21641,,,Tablet,Oral,,,,,9/5/2003,5/16/2006,2006,indicated for the treatment of the signs and symptoms of idiopathic Parkinson's disease as initial monotherapy and as adjunct therapy to levodopa,,Standard,No,No,N/A,No,N/A,N/A,N/A,
Prezista,darunavir,Tibotec,NDA,21976,,,Tablet,Oral,,,,,12/23/2005,6/23/2006,2006,"coadministered with ritonavir, indicated for the treatment of human immunodeficiency virus (HIV) infection in antiretroviral treatment-experienced adult patients, such as those with HIV-1 strains resistant to more than one protease inhibitor",,Priority,No,Yes,N/A,Yes,N/A,N/A,N/A,
Sprycel,dasatinib,Bristol-Myers Squibb,NDA,21986,22072,,Tablet,Oral,Tablet,Oral,,,12/28/2005,6/28/2006,2006,"[A] treatment of adults with chronic myeloid leukemia with resistance or intolerance to prior therapy including imatinib
[B] treatment of adults with Philadelphia chromosome-positive acute lymphoblastic leukemia with resistance or intolerance to prior therapy",,Priority,Yes,Yes (indication [A] only),N/A,Yes (indication [A] only),N/A,N/A,N/A,
Lucentis,ranibizumab,Genentech,BLA,125156,,,Injectable,Injection,,,,,12/30/2005,6/30/2006,2006,treatment of patients with neovascular (wet) age-related macular degeneration,,Priority,No,No,N/A,No,N/A,N/A,N/A,
Anthelios SX,"avobenzone, ecamsule, octocrylene",L'Oreal USA Products,NDA,21502,,,Cream,Topical,,,,,5/12/2005,7/21/2006,2006,prevention of sunburn and to help provide protection from UVA and UVB rays,,Standard,No,No,N/A,No,N/A,N/A,N/A,
Elaprase,idursulfase,Shire Human Genetic Therapies,BLA,125151,,,Injectable,Injection,,,,,11/23/2005,7/24/2006,2006,"treatment of patients with Hunter syndrome (Mucopolysaccharidosis II, MPS II)",,Priority,Yes,No,N/A,Yes,N/A,N/A,N/A,
Noxafil,posaconazole,Schering,NDA,22003,,,Suspension,Oral,,,,,12/22/2005,9/15/2006,2006,"prophylaxis of invasive Aspergillus and Candida infections in patients, 13 years of age and older, who are at high risk of developing these infections due to being severely immunocompromised, such as hematopoietic stem cell transplant (HSCT) recipients with Graft versus Host Disease (GVHD) or those with hematologic malignancies with prolonged neutropenia from chemotherapy",,Priority,No,No,N/A,No,N/A,N/A,N/A,
Vectibix,panitumumab,Amgen,BLA,125147,,,Injectable,Injection,,,,,3/29/2006,9/27/2006,2006,"treatment of EGFR-expressing metastatic colorectal carcinoma with disease progression on or following fluoropyrimidine, oxaliplatin, and irinotecan-containing chemotherapy regimens",,Priority,No,Yes,N/A,Yes,N/A,N/A,N/A,
Pylera,"biskalcitrate, metronidazole, tetracycline hydrochloride",Axcan Scandipharm,NDA,50786,,,Capsule,Oral,,,,,10/23/2001,9/28/2006,2006,"in combination with omeprazole, for the treatment of patients with Helicobacter pylori infection and duodenal ulcer disease (active or history of within the past 5 years) to eradicate H. pylori",,Standard,No,No,N/A,No,N/A,N/A,N/A,
Zolinza,vorinostat,Merck,NDA,21991,,,Capsule,Oral,,,,,4/7/2006,10/6/2006,2006,"treatment of cutaneous manifestations in patients with cutaneous T-cell lymphoma (CTCL) who have progressive, persistent or recurrent disease on or following two systemic therapies",,Priority,Yes,No,N/A,Yes,N/A,N/A,N/A,
Januvia,sitagliptin phosphate,Merck,NDA,21995,,,Tablet,Oral,,,,,12/16/2005,10/16/2006,2006,"indicated as an adjunct to diet and exercise to improve glycemic control in patients with type 2 diabetes mellitus as monotherapy and in combination with metformin or a PPAR? agonist (e.g., thiazolidinediones) when diet and exercise plus the single agent do not provide adequate glycemic control",,Standard,No,No,N/A,No,N/A,N/A,N/A,
Omnaris,ciclesonide,Altana Pharma,NDA,22004,,,"Spray, Metered",Nasal,,,,,12/22/2005,10/20/2006,2006,treatment of seasonal and allergic rhinitis in patients 12 years of age and older,,Standard,No,No,N/A,No,N/A,N/A,N/A,
Tyzeka,telbivudine,Idenix Pharmaceuticals,NDA,22011,,,Tablet,Oral,,,,,12/30/2005,10/25/2006,2006,treatment of chronic hepatitis B (CHB) in patients with evidence of viral replication and active liver inflammation,,Standard,No,No,N/A,No,N/A,N/A,N/A,
Veregen,kunecatechins,Medigene,NDA,21902,,,Ointment,Topical,,,,,9/30/2005,10/31/2006,2006,treatment of external genital and perianal warts (Condylomata acuminata) in immunocompetent patients 18 years and older,,Standard,No,No,N/A,No,N/A,N/A,N/A,
Invega,paliperidone,Johnson & Johnson,NDA,21999,,,"Tablet, Extended Release",Oral,,,,,11/30/2005,12/19/2006,2006,treatment of schizophrenia,,Standard,No,No,N/A,No,N/A,N/A,N/A,
Vyvanse,lisdexamfetamine dimesylate,New River Pharmaceuticals,NDA,21977,,,Capsule,Oral,,,,,12/6/2005,2/23/2007,2007,treatment of Attention-Deficit Hyperactivity Disorder (ADHD) in children 6-12 years of age,,Standard,No,No,N/A,No,N/A,N/A,N/A,
Tekturna,aliskiren,Novartis Pharmaceuticals,NDA,21985,,,Tablet,Oral,,,,,2/13/2006,3/5/2007,2007,treatment of hypertension,,Standard,No,No,N/A,No,N/A,N/A,N/A,
Tykerb,lapatinib,GlaxoSmithKline,NDA,22059,,,Tablet,Oral,,,,,9/13/2006,3/13/2007,2007,"in combination with capecitabine for the treatment of patients with advanced or metastatic breast cancer whose tumors over-express HER2 (ErbB2) and who have received prior therapy including and anthracycline, a taxane and trastuzumab",,Priority,No,No,N/A,Yes,N/A,N/A,N/A,
Soliris,eculizumab,Alexion Pharmaceuticals,BLA,125166,,,Injectable,Injection,,,,,9/15/2006,3/16/2007,2007,treatment of paroxysmal nocturnal hemoglobinuria to reduce hemolysis,,Priority,Yes,No,N/A,No,N/A,N/A,N/A,
Altabax,retapamulin,GlaxoSmithKline,NDA,22055,,,Ointment,Topical,,,,,6/12/2006,4/12/2007,2007,treatment of impetigo,,Standard,No,No,N/A,No,N/A,N/A,N/A,
Neupro,rotigotine,Schwarz BioSciences,NDA,21829,,,"Film, Extended Release",Transdermal,,,,,1/28/2005,5/9/2007,2007,treatment of the signs and symptoms of early-stage idiopathic Parkinson’s disease,,Standard,No,No,N/A,No,N/A,N/A,N/A,
Torisel,temsirolimus,Wyeth,NDA,22088,,,Solution,Intravenous,,,,,10/5/2006,5/30/2007,2007,treatment of advanced renal cell carcinoma,,Priority,Yes,No,N/A,Yes,N/A,N/A,N/A,
Letairis,ambrisentan,Gilead Sciences,NDA,22081,,,Tablet,Oral,,,,,12/18/2006,6/15/2007,2007,treatment of pulmonary arterial hypertension (WHO Group I) in patients with WHO class II or III symptoms to improve exercise capacity and delay clinical worsening,,Priority,Yes,No,N/A,Yes,N/A,N/A,N/A,
Selzentry,maraviroc,Pfizer,NDA,22128,,,Tablet,Oral,,,,,12/20/2006,8/6/2007,2007,treatment of patients infected with CCR5-tropic HIV-1,,Priority,No,Yes,N/A,Yes,N/A,N/A,N/A,
[drug marketed without a proprietary name],ammonia N 13,Feinstein Institute for Medical Research,NDA,22119,,,Injectable,Intravenous,,,,,10/25/2006,8/23/2007,2007,indicated for diagnostic Positron Emission Tomography (PET) imaging of the myocardium under rest or pharmacologic stress conditions to evaluate myocardial perfusion in patients with suspected or existing coronary artery disease,,Standard,No,No,N/A,No,N/A,N/A,N/A,
Somatuline Depot,lanreotide,Beaufour Ipsen Pharma,NDA,22074,,,Solution,Subcutaneous,,,,,10/30/2006,8/30/2007,2007,long-term treatment of acromegalic patients who have had an inadequate response to or cannot be treated with surgery and/or radiotherapy,,Standard,Yes,No,N/A,No,N/A,N/A,N/A,
Doribax,doripenem,Johnson & Johnson,NDA,22106,,,Injectable,Intravenous,,,,,12/13/2006,10/12/2007,2007,,"Doribax is indicated to reduce the development of drug-resistant bacteria and maintain the effectiveness of DORIBAX and other antibacterial drugs, DORIBAX should be used only to treat infections that are proven or strongly suspected to be caused by susceptible bacteria. When culture and susceptibility information are available, they should be considered in selecting and modifying antibacterial therapy. In the absence of such data, local epidemiology and susceptibility patterns may contribute to the empiric selection of therapy. 
DORIBAX (doripenem for injection) is indicated as a single agent for the treatment of complicated intra-abdominal infections caused by Escherichia coli, Klebsiella pneumoniae, Pseudomonas aeruginosa, Bacteroides caccae, Bacteroides fragilis, Bacteroides thetaiotaomicron, Bacteroides uniformis, Bacteroides vulgatus, Streptococcus intermedius, Streptococcus constellatus and Peptostreptococcus micros. 
DORIBAX (doripenem for injection) is indicated as a single agent for the treatment of complicated urinary tract infections, including pyelonephritis caused by Escherichia coli including cases with concurrent bacteremia, Klebsiella pneumoniae, Proteus mirabilis, Pseudomonas aeruginosa, and Acinetobacter baumannii.",Standard,No,No,N/A,No,N/A,No,No,
Isentress,raltegravir,Merck,NDA,22145,,,Tablet,Oral,,,,,4/13/2007,10/12/2007,2007,,"ISENTRESS in combination with other antiretroviral agents is indicated for the treatment of HIV-1 infection in treatment-experienced adult patients who have evidence of viral replication and HIV-1 strains resistant to multiple antiretroviral agents. 
This indication is based on analyses of plasma HIV-1 RNA levels up through 24 weeks in two controlled studies of ISENTRESS. These studies were conducted in clinically advanced, 3-class antiretroviral (NNRTI, NRTI, PI) treatment-experienced adults. 
The use of other active agents with ISENTRESS is associated with a greater likelihood of treatment response.
The safety and efficacy of ISENTRESS have not been established in treatment-naïve adult patients or pediatric patients.  
There are no study results demonstrating the effect of ISENTRESS on clinical progression of HIV-1 infection.",Priority,No,Yes,N/A,Yes,N/A,No,No,
Ixempra,ixabepilone,Bristol-Myers Squibb,NDA,22065,,,Injectable,Intravenous,,,,,4/16/2007,10/16/2007,2007,,"IXEMPRA is indicated in combination with capecitabine for the treatment of patients with metastatic or locally advanced breast cancer resistant to treatment with an anthracycline and a taxane, or whose cancer is taxane resistant and for whom further anthracycline therapy is contraindicated. Anthracycline resistance is defined as progression while on therapy or within 6 months in the adjuvant setting or 3 months in the metastatic setting. Taxane resistance is defined as progression while on therapy or within 12 months in the adjuvant setting or 4 months in the metastatic setting. 
IXEMPRA is indicated as monotherapy for the treatment of metastatic or locally advanced breast cancer in patients whose tumors are resistant or refractory to anthracyclines, taxanes, and capecitabine.",Priority,No,No,N/A,No,N/A,No,No,
Tasigna,nilotinib,Novartis Pharmaceuticals,NDA,22068,,,Capsule,Oral,,,,,9/29/2006,10/29/2007,2007,,"Tasigna (nilotinib) is indicated for the treatment of chronic phase and accelerated phase Philadelphia chromosome positive chronic myelogenous leukemia (CML) in adult patients resistant or intolerant to  prior therapy that included imatinib. The effectiveness of Tasigna is based on hematologic and cytogenetic response rates. There are no controlled trials demonstrating a clinical benefit, such as improvement in disease-related symptoms or increased survival.",Standard,Yes,Yes,N/A,Yes,N/A,No,No,
Mircera,methoxy polyethylene glycol-epoetin beta,Hoffmann-La Roche,BLA,125164,,,Injectable,Injection,,,,,4/19/2006,11/14/2007,2007,,"Mircera is indicated for the treatment of anemia associated with chronic renal failure (CRF) in adults, including patients on dialysis and not on dialysis.
Mircera is not indicated for the treatment of anemia due to cancer chemotherapy.",Standard,No,No,N/A,No,N/A,No,No,
Kuvan,sapropterin dihydrochloride,Biomarin Pharmaceutical,NDA,22181,,,Tablet,Oral,,,,,5/25/2007,12/13/2007,2007,,Kuvan is indicated to reduce blood phenylalanine (Phe) levels in patients with hyperphenylalaninemia (HPA) due to tetrahydrobiopterin- (BH4-) responsive Phenylketonuria (PKU). Kuvan is to be used in conjunction with a Phe-restricted diet.,Priority,Yes,No,N/A,Yes,N/A,No,No,
Bystolic,nebivolol,Mylan Bertek Pharmaceuticals,NDA,21742,,,Tablet,Oral,,,,,4/30/2004,12/17/2007,2007,,BYSTOLIC is indicated for the treatment of hypertension. BYSTOLIC may be used alone or in combination with other antihypertensive agents.,Standard,No,No,N/A,No,N/A,No,No,
Intelence,etravirine,Tibotec,NDA,22187,,,Tablet,Oral,,,,,7/18/2007,1/18/2008,2008,,"INTELENCE, in combination with other antiretroviral agents, is indicated for the treatment of human immunodeficiency virus type 1 (HIV-1) infection in antiretroviral treatment-experienced adult patients, who have evidence of viral replication and HIV-1 strains resistant to a non-nucleoside reverse transcriptase inhibitor (NNRTI) and other antiretroviral agents.
This indication is based on Week 24 analyses from 2 randomized, double-blind, placebo-controlled trials of INTELENCE. Both studies were conducted in clinically advanced, 3-class antiretroviral (NNRTI, N[t]RTI, PI) treatment-experienced adults. 
The following points should be considered when initiating therapy with INTELENCE: 
- Treatment history and, when available, resistance testing, should guide the use of INTELENCE. 
- The use of other active antiretroviral agents with INTELENCE is associated with an increased likelihood of treatment response. 
- In patients who have experienced virologic failure on an NNRTI-containing regimen, do not use INTELENCE in combination with only N[t]RTIs. 
- The risks and benefits of INTELENCE have not been established in pediatric patients or in treatment-naïve adult patients.",Priority,No,Yes,N/A,Yes,N/A,No,No,
Emend,fosaprepitant dimeglumine,Merck,NDA,22023,,,Powder,Intravenous,,,,,4/3/2006,1/25/2008,2008,,"EMEND for Injection, in combination with other antiemetic agents, is indicated for the: 
- prevention of acute and delayed nausea and vomiting associated with initial and repeat courses of highly emetogenic cancer chemotherapy including high-dose cisplatin 
- prevention of nausea and vomiting associated with initial and repeated courses of moderately emetogenic cancer chemotherapy.",Standard,No,No,N/A,No,N/A,No,No,
Arcalyst,rilonacept,Regeneron Pharmaceuticals,BLA,125249,,,Injectable,Injection,,,,,5/29/2007,2/27/2008,2008,,"ARCALYST (rilonacept) is an interleukin-1 blocker indicated for the treatment of Cryopyrin-Associated Periodic Syndomes (CAPS), including Familial Cold Autoinflammatory Syndrome (FCAS) and Muckle-Wells Syndrome (MWS) in adults and children 12 and older.",Priority,Yes,No,N/A,Yes,N/A,No,No,
Pristiq,desvenlafaxine,Wyeth Pharmaceuticals,NDA,21992,,,"Tablet, Extended Release",Oral,,,,,12/22/2005,2/29/2008,2008,,"Pristiq, a selective serotonin and norepinephrine reuptake inhibitor (SNRI), is indicated for the treatment of major depressive disorder (MDD). The efficacy of Pristiq has been established in four 8-week, placebo-controlled studies of outpatients who met DSM-IV criteria for major depressive disorder. 
A major depressive episode (DSM-IV) implies a prominent and relatively persistent (nearly every day for at least 2 weeks) depressed or dysphoric mood that usually interferes with daily functioning, and includes at least 5 of the following 9 symptoms: depressed mood, loss of interest in usual activities, significant change in weight and/or appetite, insomnia or hypersomnia, psychomotor agitation or retardation, increased fatigue, feelings of guilt or worthlessness, slowed thinking or impaired concentration, or a suicide attempt or suicidal ideation.",Standard,No,No,N/A,No,N/A,No,No,
Treanda,bendamustine hydrochloride,Cephalon,NDA,22249,,,Powder,Iv (Infusion),,,,,9/20/2007,3/20/2008,2008,,TREANDA (bendamustine hydrochloride) for Injection is indicated for the treatment of patients with chronic lymphocytic leukemia (CLL). Efficacy relative to first line therapies other than chlorambucil has not been established.,Priority,Yes,No,N/A,No,N/A,No,No,
Lexiscan,regadenoson,CV Therapeutics,NDA,22161,,,Solution,Intravenous,,,,,5/14/2007,4/10/2008,2008,,Lexiscan (regadenoson) injection is a pharmacologic stress agent indicated for radionuclide myocardial perfusion imaging (MPI) in patients unable to undergo adequate exercise stress.,Standard,No,No,N/A,No,N/A,No,No,
Cimzia,certolizumab pegol,UCB,BLA,125160,,,Injectable,Injection,,,,,3/1/2006,4/22/2008,2008,,CIMZIA is indicated for reducing signs and symptoms of Crohn's disease and maintaining clinical response in adult patients with moderately to severely active disease who have had an inadequate response to conventional therapy.,Standard,No,No,N/A,No,N/A,No,No,
Relistor,methylnaltrexone bromide,Progenics Pharmaceuticals,NDA,21964,,,Solution,Subcutaneous,,,,,3/30/2007,4/24/2008,2008,,"RELISTOR is indicated for the treatment of opioid-induced constipation in patients with advanced illness who are receiving palliative care, when response to laxative therapy has not been sufficient. Use of RELISTOR beyond four months has not been studied.",Standard,No,No,N/A,No,N/A,No,No,
Entereg,alvimopan,Adolor,NDA,21775,,,Capsule,Oral,,,,,6/25/2004,5/20/2008,2008,,ENTEREG is indicated to accelerate the time to upper and lower gastrointestinal recovery following partial large or small bowel resection surgery with primary anastomosis.,Standard,No,No,N/A,Yes,N/A,No,No,
Durezol,difluprednate,Sirion Therapeutics,NDA,22212,,,Emulsion,Ophthalmic,,,,,12/26/2007,6/23/2008,2008,,"Durezol (difluprednate ophthalmic emulsion) 0.05%, a topical corticosteroid, is indicated for the treatment of inflammation and pain associated with ocular surgery.",Priority,No,No,N/A,No,N/A,No,No,
Eovist,gadoxetate disodium,Bayer Healthcare Pharmaceuticals,NDA,22090,,,Solution,Intravenous,,,,,7/2/2007,7/3/2008,2008,,EOVIST Injection is a gadolinium-based contrast agent indicated for intravenous use in T1-weighted magnetic resonance imaging (MRI) of the liver to detect and characterize lesions in adults with known or suspected focal liver disease.,Standard,No,No,N/A,No,N/A,No,No,
Cleviprex,clevidipine,The Medicines Company,NDA,22156,,,Emulsion,Intravenous,,,,,7/2/2007,8/1/2008,2008,,Cleviprex is indicated for the reduction of blood pressure when oral therapy is not feasible or not desirable.,Standard,No,No,N/A,No,N/A,No,No,
Xenazine,tetrabenazine,Prestwick Pharmaceuticals,NDA,21894,,,Tablet,Oral,,,,,9/26/2005,8/15/2008,2008,,XENAZINE is indicated for the treatment of chorea associated with Huntington's disease.,Priority,Yes,No,N/A,Yes,N/A,No,No,
Nplate,romiplostim,Amgen,BLA,125268,,,Injectable,Injection,,,,,10/23/2007,8/22/2008,2008,,"Nplate is indicated for the treatment of thrombocytopenia in patients with chronic immune (idiopathic) thrombocytopenic purpura (ITP) who have had an insufficient response to corticosteroids, immunoglobulins or splenectomy. Nplate should be used only in patients with ITP whose degree of thrombocytopenia and clinical condition increases the risk for bleeding. Nplate should not be used in an attempt to normalize platelet counts.",Priority,Yes,No,N/A,Yes,N/A,No,No,
AdreView,iobenguane I 123,GE Healthcare,NDA,22290,,,Solution,Intravenous,,,,,3/21/2008,9/19/2008,2008,,AdreView is a radiopharmaceutical indicated for use in the detection of primary or metastatic pheochromocytoma or neuroblastoma as an adjunct to other diagnostic tests.,Priority,Yes,No,N/A,No,N/A,No,No,
Rapaflo,silodosin,Watson Laboratories,NDA,22206,,,Capsule,Oral,,,,,12/13/2007,10/8/2008,2008,,"RAPAFLO, a selective alpha-1 adrenergic receptor antagonist, is indicated for the treatment of the signs and symptoms of benign prostatic hyperplasia (BPH). RAPAFLO is not indicated for the treatment of hypertension.",Standard,No,No,N/A,No,N/A,No,No,
Vimpat,lacosamide,Schwarz Biosciences,NDA,22253,22254,,Tablet,Oral,Injectable,Injection,,,9/28/2007,10/28/2008,2008,,"VIMPAT (lacosamide) tablets are indicated as adjunctive therapy in the treatment of partial-onset seizures in patients with epilepsy aged 17 years and older. 
VIMPAT (lacosamide) injection for intravenous use is indicated as adjunctive therapy in the treatment of partial-onset seizures in patients with epilepsy aged 17 years and older when oral administration is temporarily not feasible.",Standard,No,No,N/A,No,N/A,No,No,
Toviaz,fesoterodine fumarate,Pfizer,NDA,22030,,,"Tablet, Extended Release",Oral,,,,,3/27/2006,10/31/2008,2008,,"Toviaz is indicated for the treatment of overactive bladder with symptoms of urge urinary incontinence, urgency, and frequency.",Standard,No,No,N/A,No,N/A,No,No,
Banzel,rufinamide,Eisai Medical Research,NDA,21911,,,Tablet,Oral,,,,,11/17/2005,11/14/2008,2008,,BANZEL (rufinamide) is indicated for adjunctive treatment of seizures associated with Lennox-Gastaut syndrome in children 4 years and older and adults.,Standard,Yes,No,N/A,No,N/A,No,No,
Promacta,eltrombopag,GlaxoSmithKline,NDA,22291,,,Tablet,Oral,,,,,12/19/2007,11/20/2008,2008,,"PROMACTA is indicated for the treatment of thrombocytopenia in patients with chronic immune (idiopathic) thrombocytopenic purpura (ITP) who have had an insufficient response to corticosteroids, immunoglobulins, or splenectomy. PROMACTA should be used only in patients with ITP whose degree of thrombocytopenia and clinical condition increases the risk for bleeding. PROMACTA should not be used in an attempt to normalize platelet counts.",Priority,Yes,Yes,N/A,No,N/A,No,No,
Nucynta,tapentadol,Johnson & Johnson,NDA,22304,,,Tablet,Oral,,,,,1/23/2008,11/20/2008,2008,,tapentadol is indicated for the relief of moderate to severe acute pain in patients 18 years of age or older.,Standard,No,No,N/A,No,N/A,No,No,
Lusedra,fospropofol disodium,Eisai Medical Research,NDA,22244,,,Solution,Intravenous,,,,,9/27/2007,12/12/2008,2008,,LUSEDRA (fospropofol disodium) injection is an intravenous sedative-hypnotic agent indicated for monitored anesthesia care (MAC) sedation in adult patients undergoing diagnostic or therapeutic procedures.,Standard,No,No,N/A,No,N/A,No,No,
Mozobil,plerixafor,Genzyme,NDA,22311,,,Solution,Subcutaneous,,,,,6/16/2008,12/15/2008,2008,,Mozobil (plerixafor injection) is indicated in combination with granulocyte-colony stimulating factor (G-CSF) to mobilize hematopoietic stem cells to the peripheral blood for collection and subsequent autologous transplantation in patients with non-Hodgkin’s lymphoma (NHL) and multiple myeloma (MM).,Priority,Yes,No,N/A,No,N/A,No,No,
Vasovist,gadofosveset trisodium,Epix Pharmaceuticals,NDA,21711,,,Solution,Intravenous,,,,,12/15/2003,12/22/2008,2008,,VASOVIST is indicated for use as a contrast agent in magnetic resonance angiography (MRA) to evaluate aortoiliac occlusive disease (AIOD) in adults with known or suspected peripheral vascular disease.,Standard,No,No,N/A,No,N/A,No,No,
Firmagon,degarelix,Ferring Pharmaceuticals,NDA,22201,,,Powder,Subcutaneous,,,,,2/28/2008,12/24/2008,2008,,degarelix is a GnRH receptor antagonist indicated for treatment of patients with advanced prostate cancer.,Standard,No,No,N/A,No,N/A,No,No,
Savella,milnacipran hydrochloride,Cypress Bioscience,NDA,22256,,,Tablet,Oral,,,,,12/18/2007,1/14/2009,2009,,"Savella is indicated for the management of fibromyalgia. 
Savella is not approved for use in pediatric patients.",Standard,No,No,N/A,No,N/A,No,No,
Uloric,febuxostat,Takeda Pharmaceuticals,NDA,21856,,,Tablet,Oral,,,,,12/15/2004,2/13/2009,2009,,"ULORIC is a xanthine oxidase (XO) inhibitor indicated for the chronic management of hyperuricemia in patients with gout. 
ULORIC is not recommended for the treatment of asymptomatic hyperuricemia.",Standard,No,No,N/A,No,N/A,No,No,
Afinitor,everolimus,Novartis Pharmaceuticals,NDA,22334,,,Tablet,Oral,,,,,6/30/2008,3/30/2009,2009,,AFINITOR is indicated for the treatment of patients with advanced renal cell carcinoma after failure of treatment with sunitinib or sorafenib.,Priority,No,No,N/A,No,N/A,No,No,
Coartem,"artemether, lumefantrine",Novartis Pharmaceuticals,NDA,22268,,,Tablet,Oral,,,,,6/27/2008,4/7/2009,2009,,"Coartem (artemether/lumefantrine) Tablets are indicated for treatment of acute, uncomplicated malaria infections due to Plasmodium falciparum in patients of 5 kg bodyweight and above. Coartem Tablets have been shown to be effective in geographical regions where resistance to chloroquine has been reported. 
Limitations of Use: 
- Coartem Tablets are not approved for patients with severe or complicated P. falciparum malaria. 
- Coartem Tablets are not approved for the prevention of malaria.",Priority,Yes,No,N/A,Yes,N/A,TD,No,
Ulesfia,benzyl alcohol,Sciele Pharma,NDA,22129,,,Lotion,Topical,,,,,6/15/2007,4/9/2009,2009,,"benzyl alcohol Lotion is indicated for the topical treatment of head lice infestation in patients 6 months of age and older. 
Limitation of Use:
benzyl alcohol Lotion does not have ovocidal activity. 
Adjunctive Measures: 
benzyl alcohol Lotion should be used in the context of an overall lice management program: 
- Wash (in hot water) or dry-clean all recently worn clothing, hats, used bedding, and towels. 
- Wash personal care items such as combs, brushes and hair clips in hot water. 
- A fine-tooth comb or special nit comb may be used to remove dead lice and nits. ",Standard,No,No,N/A,No,N/A,No,No,
Simponi,golimumab,Centocor Ortho Biotech,BLA,125289,,,Injectable,Injection,,,,,6/24/2008,4/24/2009,2009,,"SIMPONI, in combination with methotrexate, is indicated for the treatment of adult patients with moderately to severely active rheumatoid arthritis. 
SIMPONI, alone or in combination with methotrexate, is indicated for the treatment of adult patients with active psoriatic arthritis.
SIMPONI is indicated for the treatment of adult patients with active ankylosing spondylitis.",Standard,No,No,N/A,No,N/A,No,No,
Dysport,abobotulinumtoxinA,Ipsen Biopharm,BLA,125274,,,Injectable,Injection,,,,,11/29/2007,4/29/2009,2009,,"[A] DYSPORT (abobotulinumtoxinA) is an acetylcholine release inhibitor and a neuromuscular blocking agent indicated for the treatment of adults with cervical dystonia to reduce the severity of abnormal head position and neck pain in both toxin-naïve and previously treated patients. 
[B] DYSPORT (abobotulinumtoxinA) is an acetylcholine release inhibitor and a neuromuscular blocking agent indicated for the temporary improvement in the appearance of moderate to severe glabellar lines associated with procerus and corrugator muscle activity in adult patients < 65 years of age.",Standard,Yes (indication [A] only),No,N/A,No,N/A,No,No,
Fanapt,iloperidone,Vanda Pharmaceuticals,NDA,22192,,,Tablet,Oral,,,,,9/27/2007,5/6/2009,2009,,"FANAPT tablets are indicated for the acute treatment of adults with schizophrenia. 
When deciding among the alternative treatments available for this condition, the prescriber should consider the finding that FANAPT is associated with prolongation of the QTc interval. Prolongation of the QTc interval is associated in some other drugs with the ability to cause torsade de pointes-type arrhythmia, a potentially fatal polymorphic ventricular tachycardia which can result in sudden death. In many cases this would lead to the conclusion that other drugs should be tried first. Whether FANAPT will cause torsade de pointes or increase the rate of sudden death is not yet known. 
Patients must be titrated to an effective dose of FANAPT. Thus, control of symptoms may be delayed during the first 1 to 2 weeks of treatment compared to some other antipsychotic drugs that do not require a similar titration. Prescribers should be mindful of this delay when selecting an antipsychotic drug for the acute treatment of schizophrenia. 
The effectiveness of FANAPT in long-term use, that is, for more than 6 weeks, has not been systematically evaluated in controlled trials. Therefore, the physician who elects to use FANAPT for extended periods should periodically re-evaluate the long-term usefulness of the drug for the individual patient.",Standard,No,No,N/A,No,N/A,No,No,
Samsca,tolvaptan,Otsuka Pharmaceutical,NDA,22275,,,Tablet,Oral,,,,,10/23/2007,5/19/2009,2009,,"SAMSCA is indicated for the treatment of clinically significant hypervolemic and euvolemic hyponatremia (serum sodium < 125 mEq/L or less marked hyponatremia that is symptomatic and has resisted correction with fluid restriction), including patients with heart failure, cirrhosis, and Syndrome of Inappropriate Antidiuretic Hormone (SIADH). Important Limitations: Patients requiring intervention to raise serum sodium urgently to prevent or to treat serious neurological symptoms should not be treated with SAMSCA. It has not been established that raising serum sodium with SAMSCA provides a symptomatic benefit to patients.",Standard,No,No,N/A,No,N/A,No,No,
Besivance,besifloxacin,Bausch & Lomb,NDA,22308,,,Suspension/Drops,Ophthalmic,,,,,6/2/2008,5/28/2009,2009,,"Besivance (besifloxacin ophthalmic suspension) 0.6%, is indicated for the treatment of bacterial conjunctivitis caused by susceptible isolates of the following bacteria: 
CDC coryneform group G 
Corynebacterium pseudodiphtheriticum*
Corynebacterium striatum*
Haemophilus influenzae
Moraxella lacunata*
Staphylococcus aureus
Staphylococcus epidermidis
Staphylococcus hominis*
Staphylococcus lugdunensis*
Streptococcus mitis group
Streptococcus oralis
Streptococcus pneumoniae
Streptococcus salivarius*
*Efficacy for this organism was studied in fewer than 10 infections.",Standard,No,No,N/A,No,N/A,No,No,
Ilaris,canakinumab,Novartis Pharmaceuticals,BLA,125319,,,Injectable,Injection,,,,,12/17/2008,6/17/2009,2009,,"ILARIS (canakinumab) is an interleukin-1beta blocker indicated for the treatment of Cryopyrin-Associated Periodic Syndromes (CAPS), in adults and children 4 years of age and older including: 
- Familial Cold Autoinflammatory Syndrom (FCAS) 
- Muckle-Wells Syndrome (MWS)",Priority,Yes,No,N/A,Yes,N/A,No,No,
Multaq,dronedarone,Sanofi-Aventis,NDA,22425,,,Tablet,Oral,,,,,7/31/2008,7/1/2009,2009,,"MULTAQ is indicated to reduce the risk of cardiovascular hospitalization in patients with paroxysmal or persistent atrial fibrillation (AF) or atrial flutter (AFL), with a recent episode of AF/AFL and associated cardiovascular risk factors (i.e., age >70, hypertension, diabetes, prior cerebrovascular accident, left atrial diameter >= 50 mm or left ventricular ejection fraction [LVEF] < 40%), who are in sinus rhythm or who will be cardioverted.",Priority,No,No,N/A,No,N/A,No,No,
Effient,prasugrel,Eli Lilly,NDA,22307,,,Tablet,Oral,,,,,12/26/2007,7/10/2009,2009,,"Effient is indicated to reduce the rate of thrombotic cardiovascular (CV) events (including stent thrombosis) in patients with acute coronary syndrome (ACS) who are to be managed with percutaneous coronary intervention (PCI) as follows:  
- Patients with unstable angina (UA) or non-ST-elevation myocardial infarction (NSTEMI).  
- Patients with ST-elevation myocardial infarction (STEMI) when managed with either primary or delayed PCI. 
Effient has been shown to reduce the rate of a combined endpoint of cardiovascular death, nonfatal myocardial infarction (MI), or nonfatal stroke compared to clopidogrel. The difference between treatments was driven predominantly by MI, with no difference on strokes and little difference on CV death. 
It is generally recommended that antiplatelet therapy be administered promptly in the management of ACS because many cardiovascular events occur within hours of initial presentation. In the clinical trial that established the efficacy of Effient, Effient and the control drug were not administered to UA/NSTEMI patients until coronary anatomy was established. For the small fraction of patients that required urgent CABG after treatment with Effient, the risk of significant bleeding was substantial. Because the large majority of patients are managed without CABG, however, treatment can be considered before determining coronary anatomy if need for CABG is considered unlikely. The advantages of earlier treatment with Effient must then be balanced against the increased rate of bleeding in patients who do need to undergo urgent CABG.",Priority,No,No,N/A,No,N/A,No,No,
Onglyza,saxagliptin,Bristol-Myers Squibb,NDA,22350,,,Tablet,Oral,,,,,6/30/2008,7/31/2009,2009,,"Monotherapy and Combination Therapy:
ONGLYZA is indicated as an adjunct to diet and exercise to improve glycemic control in adults with type 2 diabetes mellitus. 
Important Limitations of Use: 
ONGLYZA should not be used for the treatment of type 1 diabetes mellitus or diabetic ketoacidosis, as it would not be effective in these settings. 
ONGLYZA has not been studied in combination with insulin.",Standard,No,No,N/A,No,N/A,No,No,
Livalo,pitavastatin,Kowa Research Institute,NDA,22363,,,Tablet,Oral,,,,,10/3/2008,8/3/2009,2009,,"Drug therapy should be one component of multiple-risk-factor intervention in individuals who require modifications of their lipid profile. Lipid-altering agents should be used in addition to a diet restricted in saturated fat and cholesterol only when the response to diet and other nonpharmacological measures has been inadequate. 
LIVALO is indicated as an adjunctive therapy to diet to reduce elevated total cholesterol (TC), low-density lipoprotein cholesterol (LDL-C), apolipoprotein B (Apo B), triglycerides (TG), and to increase HDL-C in adult patients with primary hyperlipidemia or mixed dyslipidemia. 
Limitations of Use: 
Doses of LIVALO greater than 4 mg once daily were associated with an increased risk for severe myopathy in premarketing clinical studies. Do not exceed 4 mg once daily dosing of LIVALO. 
The effect of LIVALO on cardiovascular morbidity and mortality has not been determined. 
LIVALO has not been studied in patients with severe renal impairment (glomerular filtration rate < 30 mL/min/1.73 m2) not on hemodialysis. LIVALO should not be used in this patient population. 
LIVALO has not been studied with the protease inhibitor combination lopinavir/ritonavir. LIVALO should not be used with this combination of protease inhibitors. 
LIVALO has not been studied in Fredrickson Type I, III, and V dyslipidemias.",Standard,No,No,N/A,No,N/A,No,No,
Saphris,asenapine,Organon,NDA,22117,,,Tablet,Oral,,,,,8/31/2007,8/13/2009,2009,,"SAPHRIS is indicated for the acute treatment of schizophrenia in adults. The physician who elects to use SAPHRIS for extended periods in schizophrenia should periodically re-evaluate the long-term risks and benefits of the drug for the individual patient. 
SAPHRIS is indicated for the acute treatment of manic or mixed episodes associated with bipolar I disorder with or without psychotic features in adults. If SAPHRIS is used for extended periods in bipolar disorder, the physician should periodically re-evaluate the long-term risks and benefits of the drug for the individual patient.",Standard,No,No,N/A,No,N/A,No,No,
Sabril,vigabatrin,Lundbeck,NDA,20427,22006,,Tablet,Oral,Solution,Oral,,,5/2/1994,8/21/2009,2009,,"[A] SABRIL is indicated as adjunctive therapy for adult patients with refractory complex partial seizures (CPS) who have inadequately responded to several alternative treatments and for whom the potential benefits outweigh the risk of vision loss. SABRIL is not indicated as a first line agent for complex partial seizures.
[B] SABRIL is indicated as monotherapy for pediatric patients with infantile spasms (IS) for whom the potential benefits outweigh the potential risk of vision loss.",Priority (indication [B] only),Yes (indication [B] only),No,N/A,No,N/A,No,No,
Bepreve,bepotastine besilate,Ista Pharmaceuticals,NDA,22288,,,Solution/Drops,Ophthalmic,,,,,11/12/2008,9/8/2009,2009,,Bepreve (bepotastine besilate ophthalmic solution) 1.5% is a histamine H1 receptor antagonist indicated for the treatment of itching associated with signs and symptoms of allergic conjunctivitis.,Standard,No,No,N/A,No,N/A,No,No,
Vibativ,telavancin,Theravance,NDA,22110,,,Powder,Intravenous,,,,,12/19/2006,9/11/2009,2009,,"To reduce the development of drug-resistant bacteria and maintain the effectiveness of VIBATIV and other antibacterial drugs, VIBATIV should be used only to treat infections that are proven or strongly suspected to be caused by susceptible bacteria. When culture and susceptibility information are available, they should be considered in selecting or modifying antibacterial therapy. In the absence of such data, local epidemiology and susceptibility patterns may contribute to the empiric selection of therapy. 
VIBATIV is indicated for the treatment of adult patients with complicated skin and skin structure infections (cSSSI) caused by susceptible isolates of the following Gram-positive microorganisms: Staphylococcus aureus (including methicillin-susceptible and -resistant isolates), Streptococcus pyogenes, Streptococcus agalactiae, Streptococcus anginosus group (includes S. anginosus, S. intermedius, and S. constellatus), or Enterococcus faecalis (vancomycin-susceptible isolates only). 
Combination therapy may be clinically indicated if the documented or presumed pathogens include Gram-negative organisms. 
Appropriate specimens for bacteriological examination should be obtained in order to isolate and identify the causative pathogens and to determine their susceptibility to telavancin. VIBATIV may be initiated as empiric therapy before results of these tests are known.",Standard,No,No,N/A,Yes,N/A,No,No,
Folotyn,pralatrexate,Allos Therapeutics,NDA,22468,,,Solution,Intravenous,,,,,3/24/2009,9/24/2009,2009,,FOLOTYN is indicated for the treatment of patients with relapsed or refractory peripheral T-cell lymphoma (PTCL). This indication is based on overall response rate. Clinical benefit such as improvement in progression free survival or overall survival has not been demonstrated.,Priority,Yes,Yes,N/A,Yes,N/A,No,No,
Stelara,ustekinumab,Centocor Ortho Biotech,BLA,125261,,,Injectable,Injection,,,,,11/29/2007,9/25/2009,2009,,STELARA is indicated for the treatment of adult patients (18 years or older) with moderate to severe plaque psoriasis who are candidates for phototherapy or systemic therapy.,Standard,No,No,N/A,No,N/A,No,No,
Votrient,pazopanib,GlaxoSmithKline,NDA,22465,,,Tablet,Oral,,,,,12/19/2008,10/19/2009,2009,,VOTRIENT is indicated for the treatment of patients with advanced renal cell carcinoma (RCC).,Standard,No,No,N/A,No,N/A,No,No,
Arzerra,ofatumumab,GlaxoSmithKline,BLA,125326,,,Injectable,Injection,,,,,1/30/2009,10/26/2009,2009,,"ARZERRA (ofatumumab) is indicated for the treatment of patients with chronic lymphocytic leukemia (CLL) refractory to fludarabine and alemtuzumab. 
The effectiveness of ARZERRA is based on the demonstration of durable objective responses. No data demonstrate an improvement in disease related symptoms or increased survival with ARZERRA.",Priority,Yes,Yes,N/A,Yes,N/A,No,No,
Istodax,romidepsin,Gloucester Pharmaceuticals,NDA,22393,,,Powder,Intravenous,,,,,1/12/2009,11/5/2009,2009,,ISTODAX is indicated for treatment of cutaneous T-cell lymphoma (CTCL) in patients who have received at least one prior systemic therapy.,Standard,Yes,No,N/A,Yes,N/A,No,No,
Qutenza,capsaicin,Neurogesx,NDA,22395,,,Patch,Topical,,,,,10/16/2008,11/16/2009,2009,,Qutenza is indicated for the management of neuropathic pain associated with postherpetic neuralgia.,Standard,Yes,No,N/A,No,N/A,No,No,
Kalbitor,ecallantide,Dyax,BLA,125277,,,Injectable,Injection,,,,,9/23/2008,12/1/2009,2009,,KALBITOR (ecallantide) is indicated for treatment of acute attacks of hereditary angioedema (HAE) in patients 16 years of age and older.,Priority,Yes,No,N/A,Yes,N/A,No,No,
Actemra,tocilizumab,Genentech,BLA,125276,,,Injectable,Injection,,,,,11/19/2007,1/8/2010,2010,,ACTEMRA (tocilizumab) is indicated for treatment of adult patients with moderately- to severely-active rheumatoid arthritis who have had an inadequate response to one or more TNF antagonist therapies.,Standard,No,No,N/A,No,N/A,No,No,
Ampyra,dalfampridine,Acorda Therapeutics,NDA,22250,,,"Tablet, Extended Release",Oral,,,,,4/22/2009,1/22/2010,2010,,AMPYRA (dalfampridine) is indicated as a treatment to improve walking in patients with multiple sclerosis (MS). This was demonstrated by an increase in walking speed.,Priority,Yes,No,N/A,No,N/A,No,No,
Victoza,liraglutide,Novo Nordisk,NDA,22341,,,Solution,Subcutaneous,,,,,5/23/2008,1/25/2010,2010,,Victoza is indicated as an adjunct to diet and exercise to improve glycemic control in adults with type 2 diabetes mellitus.,Standard,No,No,N/A,No,N/A,No,No,
Xiaflex,clostridial collagenase histolyticum,Auxilium Pharmaceuticals,BLA,125338,,,Injectable,Injection,,,,,2/27/2009,2/2/2010,2010,,XIAFLEX is indicated for the treatment of adult patients with Dupuytren's contracture with a palpable cord.,Priority,Yes,No,N/A,No,N/A,No,No,
Vpriv,velaglucerase alfa,Shire Human Genetic Therapies,BLA,22575,,,Powder,Intravenous,,,,,8/31/2009,2/26/2010,2010,,VPRIV (velaglucerase alfa for injection) is a hydrolytic lysosomal glucocerebroside-specific enzyme indicated for long-term enzyme replacement therapy (ERT) for pediatric and adult patients with type 1 Gaucher disease.,Priority,Yes,No,N/A,Yes,N/A,No,No,Transition Product from NDA to BLA due to BPCI : Please see page 2 of data dictionary for more information.
Carbaglu,carglumic acid,Orphan Europe,NDA,22562,,,Tablet,Oral,,,,,6/18/2009,3/18/2010,2010,,"Carbaglu is indicated as an adjunctive therapy in pediatric and adult patients for the treatment of acute hyperammonemia due to the deficiency of the hepatic enzyme N-acetylglutamate synthase (NAGS). During acute hyperammonemic episodes concomitant administration of Carbaglu with other ammonia lowering therapies such as alternate pathway medications, hemodialysis, and dietary protein restriction are recommended. 
Carbaglu is indicated for maintenance therapy in pediatric and adult patients for chronic hyperammonemia due to the deficiency of the hepatic enzyme N-acetylglutamate synthase (NAGS). During maintenance therapy, the concomitant use of other ammonia lowering therapies and protein restriction may be reduced or discontinued based on plasma ammonia levels.",Priority,Yes,No,N/A,Yes,N/A,No,No,
Asclera,polidocanol,"Chemische Fabrik Kreussler & Co., GmbH",NDA,21201,,,Solution,Intravenous,,,,,10/1/1999,3/30/2010,2010,,Asclera (polidocanol) is indicated to sclerose uncomplicated spider veins (varicose veins <=1 mm in diameter) and uncomplicated reticular veins (varicose veins 1 to 3 mm in diameter) in the lower extermity. Asclera has not been studied in larger varicose veins more than 3 mm in diameter.,Standard,No,No,N/A,No,N/A,No,No,
Natazia,estradiol valerate; estradiol valerate and dienogest,Bayer HealthCare Pharmaceuticals,NDA,22252,,,Tablet,Oral,,,,,7/6/2009,5/6/2010,2010,,"Natazia is indicated for use by women to prevent pregnancy. 
The efficacy of Natazia in women with a body mass index (BMI) of >30 kg/m2 has not been evaluated.",Standard,No,No,N/A,No,N/A,No,No,
Lumizyme,alglucosidase alfa,Genzyme,BLA,125291,,,Injectable,Injection,,,,,5/30/2008,5/24/2010,2010,,"LUMIZYME (alglucosidase alfa) is a lysosomal glycogen-specific enzyme indicated for patients 8 years and older with late (non-infantile) onset Pompe disease (acid alpha-glucosidase(GAA) deficiency) who do not have evidence of cardiac hypertrophy. The safety and efficacy of LUMIZYME have not been evaluated in controlled clinical trials in infantile-onset patients, or in late (non-infantile) onset patients less than 8 years of age.",Priority,Yes,No,N/A,Yes,N/A,No,No,
Prolia,denosumab,Amgen,BLA,125320,,,Injectable,Injection,,,,,12/19/2008,6/1/2010,2010,,"Prolia is indicated for the treatment of postmenopausal women with osteoporosis at high risk for fracture, defined as history of osteoporotic fracture, or multiple risk factors for fracture; or in patients who have failed or are intolerant to other available osteoporosis therapy. In postmenopausal women with osteoporosis, Prolia reduces the incidence of vertebral, nonvertebral, and hip fractures.",Standard,No,No,N/A,No,N/A,No,No,
Jevtana,cabazitaxel,Sanofi-Aventis,NDA,201023,,,Solution,Intravenous,,,,,3/31/2010,6/17/2010,2010,,JEVTANA is a microtubule inhibitor indicated in combination with prednisone for the treatment of patients with hormone-refractory metastatic prostate cancer previously treated with a docetaxel-containing treatment regimen.,Priority,No,No,N/A,Yes,N/A,No,No,
Lastacaft,alcaftadine,Vistakon Pharmaceuticals,NDA,22134,,,Solution/Drops,Ophthalmic,,,,,9/29/2009,7/28/2010,2010,,LASTACAFT is a H1 histamine receptor antagonist indicated for the prevention of itching associated with allergic conjunctivitis.,Standard,No,No,N/A,No,N/A,No,No,
Xeomin,incobotulinumtoxinA,Merz Pharmaceuticals,BLA,125360,,,Injectable,Injection,,,,,7/2/2009,7/30/2010,2010,,Xeomin (incobotulinumtoxinA) is indicated for the treatment of adults with cervical dystonia to decrease the severity of abnormal head position and neck pain in both botulinum toxin-naïve and previously treated patients. XEOMIN (incobotulinumtoxinA) is indicated for the treatment of adults with blepharospasm who were previously treated with onabotulinumtoxinA (Botox).,Standard,No,No,N/A,No,N/A,No,No,
Ella,ulipristal acetate,Laboratoire HRA Pharma,NDA,22474,,,Tablet,Oral,,,,,10/15/2009,8/13/2010,2010,,Ella is a progesterone agonist/antagonist emergency contraceptive indicated for prevention of pregnancy following unprotected intercourse or a known or suspected contraceptive failure. ella is not intended for routine use as a contraceptive.,Standard,No,No,N/A,No,N/A,No,No,
Krystexxa,pegloticase,Savient Pharmaceuticals,BLA,125293,,,Injectable,Injection,,,,,10/31/2008,9/14/2010,2010,,"KRYSTEXXA (pegloticase) is a PEGylated uric acid specific enzyme indicated for the treatment  of chronic gout in adult patients refractory to conventional therapy. 
Gout refractory to conventional therapy occurs in patients who have failed to normalize serum uric acid and whose signs and symptoms are inadequately controlled with xanthine oxidase inhibitors at the maximum medically appropriate dose or for whom these drugs are contraindicated. 
Important limitations of use: 
KRSTEXXA is not recommended for the treatment of asymptomatic hyperuricemia.",Priority,Yes,No,N/A,No,N/A,No,No,
Gilenya,fingolimod,Novartis Pharmaceuticals,NDA,22527,,,Capsule,Oral,,,,,12/21/2009,9/21/2010,2010,,GILENYA is indicated for the treatment of patients with relapsing forms of multiple sclerosis (MS) to reduce the frequency of clinical exacerbations and to delay the accumulation of physical disability.,Priority,No,No,N/A,Yes,N/A,No,No,
Pradaxa,dabigatran etexilate mesylate,Boehringer Ingelheim Pharmaceuticals,NDA,22512,,,Capsule,Oral,,,,,4/19/2010,10/19/2010,2010,,PRADAXA is indicated to reduce the risk of stroke and systemic embolism in patients with non-valvular atrial fibrillation.,Priority,No,No,N/A,No,N/A,No,No,
Latuda,lurasidone hydrochloride,Sunovion Pharmaceuticals,NDA,200603,,,Tablet,Oral,,,,,12/30/2009,10/28/2010,2010,,"LATUDA is indicated for the treatment of patients with schizophrenia. 
The efficacy of LATUDA in schizophrenia was established in four 6-week controlled studies of adult patients with schizophrenia. 
The effectiveness of LATUDA for longer-term use, that is, for more than 6 weeks, has not been established in controlled studies. Therefore, the physician who elects to use LATUDA for extended periods should periodically re-evaluate the long-term usefulness of the drug in the individual patient.",Standard,No,No,N/A,No,N/A,No,No,
Teflaro,ceftaroline fosamil,Cerexa,NDA,200327,,,Powder,Intravenous,,,,,12/30/2009,10/29/2010,2010,,"Teflaro (ceftaroline fosamil) is indicated for the treatment of patients with the following infections caused by susceptible isolates of the designated microorganisms. 
[A] Teflaro is indicated for the treatment of actute bacterial skin and skin structure infections (ABSSSI) caused by susceptible isolates of the following Gram-positive and Gram-negative microorganisms: Staphylococcus aureus (including methicillin-susceptible and -resistant isolates), Streptococcus pyogenes, Streptococcus agalactiae, Escherichia coli, Klebsiella pneumoniae, and Klebsiella oxytoca.  
[B] Teflaro is indicated for the treatment of community-acquired bacterial pneumonia (CABP) caused by susceptible isolates of the following Gram-positive and Gram-negative microorganisms: Streptococcus pneumonia (including cases with concurrent bacteremia), Staphylococcus aureus (methicillin-susceptible isolates only), Haemophilus influenzae, Klebsiella pneumoniae, Klebsiella oxytoca, and Escherichia coli. 
Usage: To reduce the development of drug-resistant bacteria and maintain the effectiveness of Teflaro and other antibacterial drugs, Teflaro should be used to treat only ABSSSI or CABP that are proven or strongly suspected to be caused by susceptible bacteria.  Appropriate specimens for microbiological examination should be obtained in order to isolate and identify the causative pathogens and to determine their susceptibility to ceftaroline.  When culture and susceptibility information are available, they should be considered in selecting or modifying antibacterial therapy. In the absence of such data, local epidemiology and susceptibility patterns may contribute to the empiric selection of therapy.",Standard,No,No,N/A,Yes (indication [A] only),N/A,No,No,
Egrifta,tesamorelin,Kendle International,BLA,22505,,,Powder,Subcutaneous,,,,,5/29/2009,11/10/2010,2010,,"EGRIFTA (tesamorelin for injection) is indicated for the reduction of excess abdominal fat in HIV-infected patients with lipodystrophy.  
Limitations of Use: 
- Since the long-term cardiovascular safety and potential long-term cardiovascular benefit of EGRIFTA treatment have not been studied and are not known, careful consideration should be given whether to continue EGRIFTA treatment in patients who do not show a clear efficacy response as judged by the degree of reduction in visceral adipose tissue measured by waist circumference or CT scan. 
- EGRIFTA is not indicated for weight loss management (weight neutral effect).  
- There are no data to support improved compliance with anti-retroviral therapies in HIV-positive patients taking EGRIFTA. ",Standard,No,No,N/A,No,N/A,No,No,Transition Product from NDA to BLA due to BPCI : Please see page 2 of data dictionary for more information.
Halaven,eribulin mesylate,Eisai,NDA,201532,,,Solution,Intravenous,,,,,3/30/2010,11/15/2010,2010,,HALAVEN is indicated for the treatment of patients with metastatic breast cancer who have previously received at least two chemotherapeutic regimens for the treatment of metastatic disease.  Prior therapy should have included an anthracycline and a taxane in either the adjuvant or metastatic setting.,Priority,No,No,N/A,Yes,N/A,No,No,
DaTscan,ioflupane I 123,GE Healthcare,NDA,22454,,,Solution,Intravenous,,,,,3/9/2009,1/14/2011,2011,,"DaTscan is a radiopharmaceutical indicated for striatal dopamine transporter visualization using single photon emission computed tomography (SPECT) brain imaging to assist in the evaluation of adult patients with suspected Parkinsonian syndromes (PS).  In these patients, DaTscan may be used to help differentiate essential tremor from tremor due to PS (idiopathic Parkinson’s disease, multiple system atrophy and progressive supranuclear palsy). DaTscan is an adjunct to other diagnostic evaluations.",Priority,No,No,N/A,No,N/A,No,No,
Natroba,spinosad,Parapro,NDA,22408,,,Suspension,Topical,,,,,1/22/2009,1/18/2011,2011,,"NATROBA (spinosad) Topical Suspension is indicated for the topical treatment of head lice infestation in patients four (4) years of age and older.  
Adjunctive Measures:
NATROBA Topical Suspension should be used in the context of an overall lice management program:  
- Wash (in hot water) or dry-clean all recently worn clothing, hats, used bedding and towels.  
- Wash personal care items such as combs, brushes and hair clips in hot water.  
- A fine-tooth comb or special nit comb may be used to remove dead lice and nits.",Standard,No,No,N/A,No,N/A,No,No,
Viibryd,vilazodone hydrochloride,Trovis Pharmaceuticals,NDA,22567,,,Tablet,Oral,,,,,3/22/2010,1/21/2011,2011,,"VIIBRYD is indicated for the treatment of major depressive disorder (MDD). The efficacy of VIIBRYD was established in two 8-week, randomized, double-blind, placebo-controlled trials in adult patients with a diagnosis of MDD. 
Major depressive disorder consists of one or more major depressive episodes. A major depressive episode (DSM-IV-TR) implies a prominent and relatively persistent (nearly every day for at least 2 weeks) depressed or dysphoric mood that usually interferes with daily functioning, and includes at least 5 of the following 9 symptoms: depressed mood, loss of interest in usual activities, significant change in weight and/or appetite, insomnia or hypersomnia, psychomotor agitation or retardation, increased fatigue, feelings of guilt or worthlessness, slowed thinking or impaired concentration, or a suicide attempt or suicidal ideation.",Standard,No,No,N/A,No,N/A,No,No,
Edarbi,azilsartan medoxomil,Takeda Pharmaceuticals,NDA,200796,,,Tablet,Oral,,,,,4/27/2010,2/25/2011,2011,,Edarbi is an angiotensin II receptor blocker (ARB) indicated for the treatment of hypertension.  It may be used alone or in combination with other antihypertensive agents.,Standard,No,No,N/A,No,N/A,No,No,
Daliresp,roflumilast,Forest Research Institute,NDA,22522,,,Tablet,Oral,,,,,7/17/2009,2/28/2011,2011,,"DALIRESP is indicated as a treatment to reduce the risk of COPD exacerbations in patients with severe COPD associated with chronic bronchitis and a history of exacerbations.  
Limitations of Use: 
DALIRESP is not a bronchodilator and is not indicated for the relief of acute bronchospasm.",Standard,No,No,N/A,No,N/A,No,No,
Benlysta,belimumab,Human Genome Sciences,BLA,125370,,,Injectable,Injection,,,,,6/9/2010,3/9/2011,2011,,"BENLYSTA (belimumab) is indicated for the treatment of adult patients with active, autoantibody-positive, systemic lupus erythematosus (SLE) who are receiving standard therapy.  
Limitations of Use:  
The efficacy of BENLYSTA has not been evaluated in patients with severe active lupus nephritis or severe active central nervous system lupus.  BENLYSTA has not been studied in combination with other biologics or intravenous cyclophosphamide. Use of BENLYSTA is not recommended in these situations.",Priority,No,No,N/A,Yes,N/A,No,No,
Gadavist,gadobutrol,Bayer HealthCare Pharmaceuticals,NDA,201277,,,Solution,Intravenous,,,,,5/14/2010,3/14/2011,2011,,Gadavast is a gadolinium-based contrast agent indicated for intravenous use in diagnostic magnetic resonance imaging (MRI) in adults and children (2 years of age and older) to detect and visualize areas with disrupted blood brain barrier (BBB) and/or abnormal vascularity of the central nervous system.,Standard,No,No,N/A,No,N/A,No,No,
Yervoy,ipilimumab,Bristol-Myers Squibb,BLA,125377,,,Injectable,Injection,,,,,6/25/2010,3/25/2011,2011,,YERVOY (ipilimumab) is indicated for the treatment of unresectable metastatic melanoma.,Priority,Yes,No,N/A,Yes,N/A,No,No,
Caprelsa,vandetanib,AstraZeneca Pharmaceuticals,NDA,22405,,,Tablet,Oral,,,,,7/7/2010,4/6/2011,2011,,"Vandetanib is indicated for the treatment of symptomatic or progressive medullary thyroid cancer in patients with unresectable locally advanced or metastatic disease.  
Use of vandetanib in patients with indolent, asymptomatic or slowly progressing disease should be carefully considered because of the treatment related risks of vandetanib.",Priority,Yes,No,N/A,Yes,N/A,No,No,
Horizant,gabapentin enacarbil,GlaxoSmithKline,NDA,22399,,,"Tablet, Extended Release",Oral,,,,,1/9/2009,4/6/2011,2011,,"HORIZANT (gabapentin enacarbil) Extended-Release Tablets are indicated for the treatment of moderate-to-severe primary Restless Legs Syndrome (RLS) in adults.  
HORIZANT is not recommended for patients who are required to sleep during the daytime and remain awake at night.",Standard,No,No,N/A,No,N/A,No,No,
Zytiga,abiraterone acetate,Ortho Biotech Oncology Research and Development,NDA,202379,,,Tablet,Oral,,,,,12/20/2010,4/28/2011,2011,,ZYTIGA in combination with prednisone is indicated for the treatment of patients with metastatic castration-resistant prostate cancer (CRPC) who have received prior chemotherapy containing docetaxel.,Priority,No,No,N/A,No,N/A,No,No,
Tradjenta,linagliptin,Boehringer Ingelheim Pharmaceuticals,NDA,201280,,,Tablet,Oral,,,,,7/2/2010,5/2/2011,2011,,"Monotherapy and Combination Therapy:
TRADJENTA tablets are indicated as an adjunct to diet and exercise to improve glycemic control in adults with type 2 diabetes mellitus. 
Important Limitations of Use:
TRADJENTA should not be used in patients with type 1 diabetes for the treatment of diabetic ketoacidosis, as it would not be effective in these settings.
TRADJENTA has not been studied in combination with insulin.",Standard,No,No,N/A,No,N/A,No,No,
Victrelis,boceprevir,Schering,NDA,202258,,,Capsule,Oral,,,,,11/15/2010,5/13/2011,2011,,"VICTRELIS (boceprevir) is indicated for the treatment of chronic hepatitis C genotype 1 infection, in combination with peginterferon alfa and ribavirin, in adult patients (18 years and older) with compensated liver disease, including cirrhosis, who are previously untreated or who have failed previous interferon and ribavirin therapy.  
The following points should be considered when initiating VICTRELIS for treatment of chronic hepatitis C infection:  
- VICTRELIS must not be used as monotherapy and should only be used in combination with peginterferon alfa and ribavirin.  
- VICTRELIS efficacy has not been studied in patients who have previously failed therapy with a treatment regimen that includes VICTRELIS or other HCV NS3/4A protease inhibitors.  
- VICTRELIS in combination with peginterferon alfa and ribavirin has not been studied in patients documented to be historical null responders (less than a 2-log10 HCV-RNA decline by treatment week 12) during prior therapy with peginterferon alfa and ribavirin. The clinical studies included subjects who were poorly interferon responsive. Subjects with less than 0.5-log10 HCV-RNA decline in viral load at Treatment Week 4 with peginterferon alfa plus ribavirin alone are predicted to have a null response (less than 2-log10 viral load decline at Treatment Week 12) to peginterferon alfa and ribavirin therapy.  
- Poorly interferon responsive patients who were treated with VICTRELIS in combination with peginterferon alfa and ribavirin have a lower likelihood of achieving a sustained virologic response (SVR), and a higher rate of detection of resistance-associated substitutions upon treatment failure, compared to patients with a greater response to peginterferon alfa and ribavirin.",Priority,No,No,N/A,Yes,N/A,No,No,
Edurant,rilpivirine,Tibotec,NDA,202022,,,Tablet,Oral,,,,,7/23/2010,5/20/2011,2011,,"EDURANT, in combination with other antiretroviral agents, is indicated for the treatment of human immunodeficiency virus type 1 (HIV-1) infection in antiretroviral treatment-naïve adult patients.  
This indication is based on Week 48 safety and efficacy analyses from 2 randomized, double-blind, active controlled, Phase 3 trials in treatment-naïve subjects and Week 96 safety and efficacy analyses from a Phase 2b trial in treatment-naïve subjects.  
The following points should be considered when initiating therapy with EDURANT:  
- More EDURANT treated subjects with HIV-1 RNA greater than 100,000 copies/mL at the start of therapy experienced virologic failure compared to subjects with HIV-1 RNA less than 100,000 copies/mL at the start of therapy.  
- The observed virologic failure rate in EDURANT treated subjects conferred a higher rate of overall treatment resistance and cross-resistance to the NNRTI class compared to efavirenze.  
- More subjects treated with EDURANT developed lamivudine/emtricitabine associated resistance compared to efavirenz.",Standard,No,No,N/A,No,N/A,No,No,
Incivek,telaprevir,Vertex Pharmaceuticals,NDA,201917,,,Tablet,Oral,,,,,11/23/2010,5/23/2011,2011,,"INCIVEK (telaprevir), in combination with peginterferon alfa and ribavirin, is indicated for the treatment of genotype 1 chronic hepatitis C in adult patients with compensated liver disease, including cirrhosis, who are treatment-naïve or who have previously been treated with interferon-based treatment, including prior null responders, partial responders, and relapsers.  
The following points should be considered when initiating treatment with INCIVEK: 
- INCIVEK must not be administered as monotherapy and must only be prescribed with both peginterferon alfa and ribavirin.  
- A high proportion of previous null responders (particularly those with cirrhosis) did not achieve a Sustained Virologic Response (SVR) and had telaprevir resistance-associated substitutions emerge on treatment with INCIVEK combination treatment. 
- INCIVEK efficacy has not been established for patients who have previously failed therapy with a treatment regimen that includes INCIVEK or other HCV NS3/4A protease inhibitors. ",Priority,No,No,N/A,Yes,N/A,No,No,
Dificid,fidaxomicin,Optimer Pharmaceuticals,NDA,201699,,,Tablet,Oral,,,,,11/30/2010,5/27/2011,2011,,"To reduce the development of drug-resistant bacteria and maintain the effectiveness of DIFICID and other antibacterial drugs, DIFICID should be used only to treat infections that are proven or strongly suspected to be caused by Clostridium difficile.  
DIFICID is a macrolide antibacterial drug indicated in adults (>=18 years of age) for treatment of Clostridium difficile-associated diarrhea (CDAD).",Priority,No,No,N/A,Yes,N/A,No,No,
Potiga,ezogabine,Valeant Pharmaceuticals,NDA,22345,,,Tablet,Oral,,,,,10/30/2009,6/10/2011,2011,,POTIGA is indicated as adjunctive treatment of partial-onset seizures in patients aged 18 years and older.,Standard,No,No,N/A,No,N/A,No,No,
Nulojix,belatacept,Bristol-Myers Squibb,BLA,125288,,,Injectable,Injection,,,,,7/1/2009,6/15/2011,2011,,"NULOJIX (belatacept) is indicated for prophylaxis of organ rejection in adult patients receiving a kidney transplant.  NULOJIX is to be used in combination with basiliximab induction, mycophenolate mofetil, and corticosteroids.  
Limitations of use:  
Use NULOJIX only in patients who are EBV seropositive.  
Use of NULOJIX for the prophylaxis of organ rejection in transplanted organs other than kidney has not been established.",Standard,Yes,No,N/A,Yes,N/A,No,No,
Arcapta Neohaler,indacaterol,Novartis Pharmaceuticals,NDA,22383,,,Powder,Inhalation,,,,,12/18/2008,7/1/2011,2011,,"ARCAPTA NEOHALER is a long-acting beta2-agonist indicated for long-term, once-daily maintenance bronchodilator treatment of airflow obstruction in patients with chronic obstructive pulmonary disease (COPD), including chronic bronchitis and/or emphysema. 
Important Limitations of Use:  
ARCAPTA NEOHALER is not indicated to treat acute deteriorations of chronic obstructive pulmonary disease.  
ARCAPTA NEOHALER is not indicated to treat asthma.  The safety and effectiveness of ARCAPTA NEOHALER in asthma have not been established.",Standard,No,No,N/A,No,N/A,No,No,
Xarelto,rivaroxaban,Johnson & Johnson,NDA,22406,,,Tablet,Oral,,,,,7/28/2008,7/1/2011,2011,,"XARELTO (rivaroxaban) Tablets are indicated for the prophylaxis of deep vein thrombosis (DVT), which may lead to pulmonary embolism (PE) in patients undergoing knee or hip replacement surgery.",Standard,No,No,N/A,No,N/A,No,No,
Brilinta,ticagrelor,AstraZeneca Pharmaceuticals,NDA,22433,,,Tablet,Oral,,,,,11/16/2009,7/20/2011,2011,,"BRILINTA is a P2Y12 platelet inhibitor indicated to reduce the rate of thrombotic cardiovascular events in patients with acute coronary syndrome (ACS) (unstable angina, non-ST elevation myocardial infarction, or ST elevation myocardial infarction). BRILINTA has been shown to reduce the rate of a combined endpoint of cardiovascular death, myocardial infarction or stroke compared to clopidogrel. The difference between treatments was driven by CV death and MI with no difference in stroke. In patients treated with PCI, it also reduces the rate of stent thrombosis.  
BRILINTA has been studied in ACS in combination with aspirin.  Maintenance doses of aspirin above 100 mg decreased the effectiveness of BRILINTA.  Avoid maintenance doses of aspirin above 100 mg daily. ",Standard,No,No,N/A,No,N/A,No,No,
Zelboraf,vemurafenib,Hoffmann-La Roche,NDA,202429,,,Tablet,Oral,,,,,4/28/2011,8/17/2011,2011,,"ZELBORAF is indicated for the treatment of patients with unresectable or metastatic melanoma with BRAFV600E mutation as detected by an FDA-approved test.  
Limitation of Use:  ZELBORAF is not recommended for use in patients with wild-type BRAF melanoma. ",Priority,Yes,No,N/A,Yes,N/A,No,No,
Adcetris,brentuximab vedotin,Seattle Genetics,BLA,125388,,,Injectable,Injection,,,,,2/28/2011,8/19/2011,2011,,"These indications are based on response rate.  There are no data available demonstrating improvement in patient reported outcomes or survival with ADCETRIS. 
[A] ADCETRIS (brentuximab vedotin) is indicated for treatment of patients with Hodgkin lymphoma (HL) after failure of autologous stem cell transplant (ASCT) or after failure of at least two prior multi-agent chemotherapy regimens in patients who are not ASCT candidates.  
[B] ADCETRIS is indicated for the treatment of patients with systemic anaplastic large cell lymphoma (sALCL) after failure of at least one prior multi-agent chemotherapy regimen.",Priority,Yes,Yes,N/A,Yes (indication [A] only),N/A,No,No,
Firazyr,icatibant,Shire Orphan Therapies,NDA,22150,,,Injectable,Subcutaneous,,,,,10/26/2007,8/25/2011,2011,,FIRAZYR (icatibant) is indicated for the treatment of acute attacts of hereditary angioedema (HAE) in adults 18 years of age and older.,Priority,Yes,No,N/A,Yes,N/A,No,No,
Xalkori,crizotinib,Pfizer,NDA,202570,,,Capsule,Oral,,,,,3/30/2011,8/26/2011,2011,,"XALKORI is indicated for the treatment of patients with locally advanced metastatic non-small cell lung cancer (NSCLC) that is anaplastic lymphoma kinase (ALK)-positive as detected by an FDA-approved test.  
This indication is based on response rate.  There are no data available demonstrating improvement in patient reported outcomes or survival with XALKORI.",Priority,Yes,Yes,N/A,Yes,N/A,No,No,
Ferriprox,deferiprone,ApoPharma,NDA,21825,,,Tablet,Oral,,,,,1/30/2009,10/14/2011,2011,,"FERRIPROX (deferiprone) is indicated for the treatment of patients with transfusional iron overload due to thalassemia syndromes when current chelation therapy is inadequate. 
Approval is based on a reduction in serum ferritin levels.  There are no controlled trials demonstrating a direct treatment benefit, such as improvement in disease-related symptoms, functioning, or increased survival.  
Limitation of Use:  
- Safety and effectiveness have not been established for the treatment of transfusional iron overload in patients with other chronic anemias.",Standard,Yes,Yes,N/A,Yes,N/A,No,No,
Onfi,clobazam,Lundbeck,NDA,202067,,,Tablet,Oral,,,,,12/23/2010,10/21/2011,2011,,ONFI (clobazam) is indicated for the adjunctive treatment of seizures associated with Lennox-Gastaut syndrome (LGS) in patients 2 years of age or older.,Standard,Yes,No,N/A,No,N/A,No,No,
Jakafi,ruxolitinib,Incyte,NDA,202192,,,Tablet,Oral,,,,,6/3/2011,11/16/2011,2011,,"Jakafi is indicated for treatment of patients with intermediate or high-risk myelofibrosis, including primary myelofibrosis, post-polycythemia vera myelofibrosis and post-essential thrombocythemia myelofibrosis.",Priority,Yes,No,N/A,Yes,N/A,No,No,
Erwinaze,asparaginase Erwinia chrysanthemi,EUSA Pharma,BLA,125359,,,Injectable,Injection,,,,,11/1/2010,11/18/2011,2011,,ERWINAZE (asparaginase Erwinia chrysanthemi) is indicated as a component of a multi-agent chemotherapeutic regimen for the treatment of patients with acute lymphoblastic leukemia (ALL) who have developed hypersensitivity to E. coli-derived asparaginase.,Priority,Yes,No,N/A,Yes,N/A,No,No,
Eylea,aflibercept,Regeneron Pharmaceuticals,BLA,125387,,,Injectable,Injection,,,,,2/18/2011,11/18/2011,2011,,EYLEA is indicated for the treatment of patients with Neovascular (Wet) Age-Related Macular Degeneration (AMD).,Priority,No,No,N/A,No,N/A,No,No,
Voraxaze,glucarpidase,BTG International,BLA,125327,,,Injectable,Injection,,,,,7/18/2011,1/17/2012,2012,,"VORAXAZE (glucarpidase) is indicated for the treatment of toxic plasma methotrexate concentrations (>1 micromole per liter) in patients with delayed methotrexate clearance due to impaired renal function.  
Limitation of Use:
VORAXAZE is not indicated for use in patients who exhibit the expected clearance of methotrexate (plasma methotrexate concentrations within 2 standard deviations of the mean methotrexate excretion curve specific for the dose of methotrexate administered) or those with normal or mildly impaired renal function because of the potential risk of subtherapeutic exposure to methotrexate.",Priority,Yes,No,N/A,Yes,N/A,No,No,
Picato,ingenol mebutate,Leo Pharma,NDA,202833,,,Gel,Topical,,,,,3/25/2011,1/23/2012,2012,,Picato gel is indicated for the topical treatment of actinic keratosis.,Standard,No,No,N/A,No,N/A,No,No,
Inlyta,axitinib,Pfizer,NDA,202324,,,Tablet,Oral,,,,,4/14/2011,1/27/2012,2012,,INLYTA is indicated for the treatment of advanced renal cell carcinoma (RCC) after failure of one prior systemic therapy.,Standard,No,No,N/A,Yes,N/A,No,No,
Erivedge,vismodegib,Genentech,NDA,203388,,,Capsule,Oral,,,,,9/8/2011,1/30/2012,2012,,"ERIVEDGE capsule is indicated for the treatment of adults with metastatic basal cell carcinoma, or with locally advanced basal cell carcinoma that has recurred following surgery or who are not candidates for surgery, and who are not candidates for radiation.  ",Priority,No,No,N/A,No,N/A,No,No,
Kalydeco,ivacaftor,Vertex Pharmaceuticals,NDA,203188,,,Tablet,Oral,,,,,10/18/2011,1/31/2012,2012,,"KALYDECO is classified as a cystic fibrosis transmembrane conductance regulator (CFTR) potentiator. KALYDECO is indicated for the treatment of cystic fibrosis (CF) in patients age 6 years and older who have a G551D mutation in the CFTR gene. If the patient’s genotype is unknown, an FDA-cleared CF mutation test should be used to detect the presence of the G551D mutation.
Limitations of Use:
KALYDECO is not effective in patients with CF who are homozygous for the F508del mutation in the CFTR gene and has not been studied in other populations of patients with CF.",Priority,Yes,No,N/A,Yes,N/A,No,No,
Zioptan,tafluprost,Merck,NDA,202514,,,Solution/Drops,Ophthalmic,,,,,1/7/2011,2/10/2012,2012,,ZIOPTAN (tafluprost ophthalmic solution) 0.0015% is indicated for reducing elevated intraocular pressure in patients with open-angle glaucoma or ocular hypertension.,Standard,No,No,N/A,No,N/A,No,No,
Surfaxin,lucinactant,Discovery Laboratories,NDA,21746,,,Suspension,Intratracheal,,,,,4/13/2004,3/6/2012,2012,,SURFAXIN (lucinactant) Intratracheal Suspension is indicated for the prevention of respiratory distress syndrome (RDS) in premature infants at high risk for RDS.  SURFAXIN reduces the incidence of RDS at 24 hours and mortality due to RDS.  ,Standard,No,No,N/A,Yes,N/A,No,No,
Omontys,peginesatide,Affymax,NDA,202799,,,Solution,"Intravenous, Subcutaneous",,,,,5/27/2011,3/27/2012,2012,,"OMONTYS is indicated for the treatment of anemia due to chronic kidney disease (CKD) in adult patients on dialysis.  
Limitations of Use:
OMONTYS is not indicated and is not recommended for use: 
- In patients with CKD not on dialysis because of safety concerns in this population.  
- In patients receiving treatment for cancer and whose anemia is not due to CKD, because ESAs have shown harm in some settings and the benefit-risk factors for OMONTYS in this setting have not been evaluated.  
- As a substitute for RBC transfusions in patients who require immediate correction of anemia.  
- OMONTYS has not been shown to improve symptoms, physical functioning or health-related quality of life.",Standard,No,No,N/A,No,N/A,No,No,
Amyvid,florbetapir F 18,Avid Radiopharmaceuticals,NDA,202008,,,Solution,Intravenous,,,,,9/17/2010,4/6/2012,2012,,"Amyvid is indicated for Positron Emission Tomography (PET) imaging of the brain to estimate beta-amyloid neuritic plaque density in adult patients with cognitive impairment who are being evaluated for Alzheimer’s Disease (AD) and other causes of cognitive decline. A negative Amyvid scan indicates sparse to no neuritic plaques and is inconsistent with a neuropathological diagnosis of AD at the time of image acquisition; a negative scan result reduces the likelihood that a patient’s cognitive impairment is due to AD. A positive Amyvid scan indicates moderate to frequent amyloid neuritic plaques; neuropathological examination has shown this amount of amyloid neuritic plaque is present in patients with AD, but may also be present in patients with other types of neurologic conditions as well as older people with normal cognition. Amyvid is an adjunct to other diagnostic evaluations.
Limitations of Use:
- A positive Amyvid scan does not establish a diagnosis of AD or other cognitive disorder. 
- Safety and effectiveness of Amyvid have not been established for: 
-- predicting development of dementia or other neurologic condition; 
-- monitoring responses to therapies.",Priority,No,No,N/A,No,N/A,No,No,
Stendra,avanafil,Vivus,NDA,202276,,,Tablet,Oral,,,,,6/29/2011,4/27/2012,2012,,STENDRA is a phosphodieasterase 5 (PDE5) inhibitor indicated for the treatment of erectile dysfunction. ,Standard,No,No,N/A,No,N/A,No,No,
Elelyso,taliglucerase alfa,Protalix,BLA,22458,,,Powder,Intravenous,,,,,4/26/2010,5/1/2012,2012,,ELELYSO (taliglucerase alfa) for injection is a hydrolytic lysosomal glucocerebroside-specific enzyme indicated for long-term enzyme replacement therapy (ERT) for adults with a confirmed diagnosis of Type 1 Gaucher disease.  ,Standard,Yes,No,N/A,Yes,N/A,No,No,Transition Product from NDA to BLA due to BPCI : Please see page 2 of data dictionary for more information.
Perjeta,pertuzumab,Genentech,BLA,125409,,,Injectable,Injection,,,,,12/8/2011,6/8/2012,2012,,PERJETA is indicated for use in combination with trastuzumab and docetaxel for the treatment of patients with HER2-positive metastatic breast cancer who have not received prior anti-HER2 therapy or chemotherapy for metastatic disease.,Priority,No,No,N/A,No,N/A,No,No,
Belviq,lorcaserin hydrochloride,Arena Pharmacueticals,NDA,22529,,,Tablet,Oral,,,,,12/22/2009,6/27/2012,2012,,"BELVIQ is indicated as an adjunct to a reduced-calorie diet and increased physical activity for chronic weight management in adult patients with an initial body mass index (BMI) of: 
- 30 kg/m2 or greater (obese), or 
- 27 kg/m2 or greater (overweight) in the presence of at least one weight related comorbid condition (e.g., hypertension, dyslipidemia, type 2 diabetes)  
Limitations of Use: 
- The safety and efficacy of coadministration of BELVIQ with other products intended for weight loss including prescription drugs (e.g., phentermine), over-the-counter drugs, and herbal preparations have not been established  
- The effect of BELVIQ on cardiovascular morbidity and mortality has not been established",Standard,No,No,N/A,No,N/A,No,No,
Myrbetriq,mirabegron,Astellas Pharma,NDA,202611,,,"Tablet, Extended Release",Oral,,,,,8/29/2011,6/28/2012,2012,,"Myrbetriq is a beta-3 adrenergic agonist indicated for the treatment of overactive bladder (OAB) with symptoms of urge urinary incontinence, urgency, and urinary frequency.",Standard,No,No,N/A,No,N/A,No,No,
Prepopik,"sodium picosulfate, magnesium oxide, citric acid",Ferring Pharmaceuticals,NDA,202535,,,For Solution,Oral,,,,,9/16/2011,7/16/2012,2012,,"PREPOPIK (sodium picosulfate, magnesium oxide and anhydrous citric acid) for oral solution is indicated for cleansing of the colon as a preparation for colonoscopy in adults.",Standard,No,No,No,No,No,No,No,
Kyprolis,carfilzomib,Onyx Pharmaceuticals,NDA,202714,,,Powder,Intravenous,,,,,9/27/2011,7/20/2012,2012,,"KYPROLIS is indicated for the treatment of patients with multiple myeloma who have received at least two prior therapies including bortezomib and an immunomodulatory agent and have demonstrated disease progression on or within 60 days of completion of the last therapy.  Approval is based on response rate.  Clinical benefit, such as improvement in survival or symptoms, has not been verified. ",Standard,Yes,Yes,No,Yes,No,No,No,
Tudorza Pressair,aclidinium bromide,Forest Laboratories,NDA,202450,,,"Powder, Metered",Inhalation,,,,,6/23/2011,7/23/2012,2012,,"TUDORZA Pressair (aclidinium bromide inhalation powder) is indicated for the long-term, maintenance treatment of bronchospasm associated with chronic obstructive pulmonary disease (COPD), including chronic bronchitis and emphysema.",Standard,No,No,No,No,No,No,No,
Zaltrap,ziv-aflibercept,Sanofi-Aventis,BLA,125418,,,Injectable,Injection,,,,,2/3/2012,8/3/2012,2012,,"ZALTRAP, in combination with 5-fluorouracil, leucovorin, irinotecan-(FOLFIRI), is indicated for patients with metastatic colorectal cancer (mCRC) that is resistant to or has progressed following an oxaliplatin-containing regimen.",Priority,No,No,No,No,N/A,No,No,
Stribild,"elvitegravir, cobicistat, emtricitabine, tenofovir disoproxil fumarate",Gilead Sciences,NDA,203100,,,Tablet,Oral,,,,,10/27/2011,8/27/2012,2012,,STRIBILD is indicated as a complete regimen for the treatment of HIV-1 infection in adults who are antiretroviral treatment-naïve. ,Standard,No,No,No,Yes,No,No,No,
Granix,tbo-filgrastim,Sicor Biotech,BLA,125294,,,Injectable,Injection,,,,,11/30/2009,8/29/2012,2012,,Tbo-filgrastim is indicated to reduce the duration of severe neutropenia in patients with non-myeloid malignancies receiving myelosuppressive anti-cancer drugs associated with a clinically significant incidence of febrile neutropenia.,Standard,No,No,No,No,N/A,No,No,
Linzess,linaclotide,Forest Laboratories,NDA,202811,,,Capsule,Oral,,,,,8/9/2011,8/30/2012,2012,,"LINZESS (linaclotide) is indicated in adults for the treatment of irritable bowel syndrome with constipation (IBS-C).  
LINZESS is indicated in adults for the treatment of chronic idiopathic constipation (CIC).",Standard,No,No,No,No,No,No,No,
Xtandi,enzalutamide,Medivation,NDA,203415,,,Capsule,Oral,,,,,5/22/2012,8/31/2012,2012,,XTANDI is indicated for the treatment of patients with metastatic castration-resistant prostate cancer who have previously received docetaxel.,Priority,No,No,No,Yes,No,No,No,
Bosulif,bosutinib,Wyeth Pharmaceuticals,NDA,203341,,,Tablet,Oral,,,,,11/17/2011,9/4/2012,2012,,"BOSULIF is indicated for the treatment of adult patients with chronic, accelerated, or blast phase Philadelphia chromosome-positive (Ph+) chronic myelogenous leukemia (CML) with resistance or intolerance to prior therapy.",Standard,Yes,No,No,No,No,No,No,
[drug marketed without a proprietary name],choline C 11,Mayo Clinic,NDA,203155,,,Injectable,Intravenous,,,,,12/12/2011,9/12/2012,2012,,"Choline C 11 Injection is indicated for positron emission tomography (PET) imaging of patients with suspected prostate cancer recurrence and non-informative bone scintigraphy, computerized tomography (CT) or magnetic resonance imaging (MRI).  In these patients, 11C-choline PET imaging may help identify potential sites of prostate cancer recurrence for subsequent histologic confirmation.  Suspected prostate recurrence is based upon elevated blood prostate specific antigen (PSA) levels following initial therapy.  In clinical studies, images were produced with PET/CT coregistration. 
Limitation of Use: 11C-choline PET imaging is not a replacement for histologic verification of recurrent prostate cancer.",Priority,No,No,No,No,No,No,No,
Aubagio,teriflunomide,Sanofi-Aventis,NDA,202992,,,Tablet,Oral,,,,,8/12/2011,9/12/2012,2012,,AUBAGIO is indicated for the treatment of patients with relapsing forms of multiple sclerosis.,Standard,No,No,No,No,No,No,No,
Stivarga,regorafenib,Bayer HealthCare Pharmaceuticals,NDA,203085,,,Tablet,Oral,,,,,4/27/2012,9/27/2012,2012,,"Stivarga is indicated for the treatment of patients with metastatic colorectal cancer (CRC) who have been previously treated with fluoropyrimidine-, oxaliplatin- and irinotecan-based chemotherapy, and anti-VEGF therapy, and, if KRAS wild type, and anti-EGFR therapy.",Priority,No,No,No,Yes,No,No,No,
Jetrea,ocriplasmin,ThromboGenics,BLA,125422,,,Injectable,Injection,,,,,4/17/2012,10/17/2012,2012,,JETREA is a proteolytic enzyme indicated for the treatment of symptomatic vitreomacular adhesion. ,Priority,No,No,No,No,N/A,No,No,
Fycompa,perampanel,Eisai,NDA,202834,,,Tablet,Oral,,,,,12/22/2011,10/22/2012,2012,,FYCOMPA (perampanel) is indicated as adjunctive therapy for the treatment of partial-onset seizures with or without secondarily generalized seizures in patients with epilepsy aged 12 years and older.,Standard,No,No,No,No,No,No,No,
Synribo,omacetaxine mepesuccinate,Ivax International GmbH,NDA,203585,,,Powder,Subcutaneous,,,,,3/30/2012,10/26/2012,2012,,SYNRIBO is indicated for the treatment of adult patients with chronic or accelerated phase chronic myeloid leukemia (CML) with resistance and/or intolerance to two or more tyrosine kinase inhibitors (TKI).  This indication is based upon response rate.  There are no trials verifying an improvement in disease-related symptoms or increased survival with SYNRIBO.,Standard,Yes,Yes,No,Yes,No,No,No,
Xeljanz,tofacitinib,Pfizer,NDA,203214,,,Tablet,Oral,,,,,10/21/2011,11/6/2012,2012,,"XELJANZ (tofacitinib) is indicated for the treatment of adult patients with moderately to severely active rheumatoid arthritis who have had an inadequate response or intolerance to methotrexate.  It may be used as monotherapy or in combination with methotrexate or other nonbiologic disease-modifying antirheumatic drugs (DMARDs).
XELJANZ should not be used in combination with biologic DMARDs or with potent immunosuppressants such as azathioprine and cyclosporine.",Standard,No,No,No,No,No,No,No,
Cometriq,cabozantinib,Exelixis,NDA,203756,,,Capsule,Oral,,,,,5/29/2012,11/29/2012,2012,,"COMETRIQ is indicated for the treatment of patients with progressive, metastatic medullary thyroid cancer (MTC).",Priority,Yes,No,No,Yes,No,No,No,
[drug marketed without a proprietary name],raxibacumab,Human Genome Sciences,BLA,125349,,,Injectable,Injection,,,,,5/14/2009,12/14/2012,2012,,"Raxibacumab is indicated for the treatment of adult and pediatric patients with inhalational anthrax due to Bacillus anthracis in combination with appropriate antibacterial drugs.  Raxibacumab is also indicated for prophylaxis of inhalational anthrax when alternative therapies are not available or are not appropriate.  
Limitations of Use:
The effectiveness of raxibacumab is based solely on efficacy studies in animal models of inhalational anthrax.  It is not ethical or feasible to conduct controlled clinical trials with intentional exposure of humans to anthrax.  
Safety and pharmacokinetics (PK) of raxibacumab have been studied in healthy volunteers.  There have been no studies of safety or PK of raxibacumab in the pediatric population.  A population PK approach was used to derive dosing regimens that are predicted to provide pediatric patients with exposure comparable to the observed exposure in adults. 
Raxibacumab binds to the protective antigen (PA) of B. anthracis; it does not have direct antibacterial activity.  Raxibacumab does not cross the blood-brain barrier and does not prevent or treat meningitis.  Raxibacumab should be used in combination with appropriate antibacterial drugs.",Priority,Yes,No,No,Yes,N/A,No,No,
Signifor,pasireotide,Novartis Pharmaceuticals,NDA,200677,,,Solution,Subcutaneous,,,,,2/17/2012,12/14/2012,2012,,SIGNIFOR is indicated for the treatment of adult patients with Cushing’s disease for whom pituitary surgery is not an option or has not been curative.,Standard,Yes,No,No,No,No,No,No,
Iclusig,ponatinib,Ariad Pharmaceuticals,NDA,203469,,,Tablet,Oral,,,,,9/27/2012,12/14/2012,2012,,"Iclusig (ponatinib) is indicated for the treatment of adult patients with chronic phase, accelerated phase, or blast phase chronic myeloid leukemia (CML) that is resistant to prior tyrosine kinase inhibitor therapy or Philadelphia chromosome positive acute lymphoblastic leukemia (Ph+ALL) that is resistant or intolerant to prior tyrosine kinase inhibitor therapy. 
This indication is based upon response rate.  There are no trials verifying an improvement in disease-related symptoms or increased survival with Iclusig.",Priority,Yes,Yes,No,Yes,No,No,No,
Juxtapid,lomitapide,Aegerion Pharmaceuticals,NDA,203858,,,Capsule,Oral,,,,,2/29/2012,12/21/2012,2012,,"JUXTAPID is indicated as an adjunct to a low-fat diet and other lipid-lowering treatments, including LDL apheresis where available, to reduce low-density lipoprotein cholesterol (LDL-C), total cholesterol (TC), apolipoprotein B (apo B), and non-high density lipoprotein cholesterol (non-HDL-C) in patients with homozygous familial hypercholesterolemia (HoFH). 
Limitations of Use: 
- The safety and effectiveness of JUXTAPID have not been established in patients with hypercholesterolemia who do not have HoFH. 
- The effect of JUXTAPID on cardiovascular morbidity and mortality has not been determined. ",Standard,Yes,No,No,No,No,No,No,
Gattex,teduglutide (rDNA origin),NPS Pharmaceuticals,NDA,203441,,,Powder,Subcutaneous,,,,,11/30/2011,12/21/2012,2012,,GATTEX (teduglutide [rDNA origin]) for injection is indicated for the treatment of adult patiens with Short Bowel Syndrome (SBS) who are dependent on parenteral support.,Standard,Yes,No,No,No,No,No,No,
Eliquis,apixaban,Bristol-Myers Squibb,NDA,202155,,,Tablet,Oral,,,,,9/28/2011,12/28/2012,2012,,ELIQUIS (apixaban) is indicated to reduce the risk of stroke and systemic embolism in patients with nonvalvular atrial fibrillation.,Priority,No,No,No,Yes,No,No,No,
Sirturo,bedaquiline,Janssen Research & Development,NDA,204384,,,Tablet,Oral,,,,,6/29/2012,12/28/2012,2012,,"SIRTURO is a diarylquinoline antimycobacterial drug indicated as part of combination therapy in adults (>= 18 years) with pulmonary multi-drug resistant tuberculosis (MDR-TB).  Reserve SIRTURO for use when an effective treatment regimen cannot otherwise be provided.  SIRTURO should be administered by directly observed therapy (DOT). 
This indication is based on analysis of time to sputum culture conversion from two controlled Phase 2 trials in patients with pulmonary MDR-TB. 
Limitations of Use: 
The safety and efficacy of SIRTURO for the treatment of latent infection due to Mycobacterium tuberculosis has not been established.  The safety and efficacy of SIRTURO for the treatment of drug-sensitive TB has not been established.  In addition, there are no data on the treatment with SIRTURO of extra-pulmonary TB (e.g., central nervous system).  Therefore, use of SIRTURO in these settings is not recommended.",Priority,Yes,Yes,No,Yes,No,TD,No,
Fulyzaq,crofelemer,Salix Pharmaceuticals,NDA,202292,,,"Tablet, Delayed Release",Oral,,,,,12/5/2011,12/31/2012,2012,,FULYZAQ is indicated for symptomatic relief of non-infectious diarrhea in patients with HIV/AIDS on anti-retroviral therapy.,Priority,No,No,No,Yes,No,No,No,
Nesina,alogliptin,Takeda Pharmaceuticals,NDA,22271,,,Tablet,Oral,,,,,12/27/2007,1/25/2013,2013,,"NESINA is indicated as an adjunct to diet and exercise to improve glycemic control in adults with type 2 diabetes mellitus in multiple clinical settings.   
Limitation of Use:
NESINA should not be used in patients with type 1 diabetes mellitus or for the treatment of diabetic ketoacidosis, as it would not be effective in these settings.",Standard,No,No,No,No,No,No,No,
Kynamro,mipomersen sodium,Genzyme,NDA,203568,,,Solution,Subcutaneous,,,,,3/29/2012,1/29/2013,2013,,"KYNAMRO is indicated as an adjunct to lipid-lowering medications and diet to reduce low density lipoprotein-cholesterol (LDL-C), apolipoprotein B (apo B), total cholesterol (TC), and non-high density lipoprotein-cholesterol (non-HDL-C) in patients with homozygous familial hypercholesterolemia (HoFH). 
Limitations of Use : 
- The safety and effectiveness of KYNAMRO have not been established in patients with hypercholesterolemia who do not have HoFH.  
- The effect of KYNAMRO on cardiovascular morbidity has not been determined.  
- The safety and effectiveness of KYNAMRO as an adjunct to LDL apheresis have not been established; therefore, the use of KYNAMRO as an adjunct to LDL apheresis is not recommended.",Standard,Yes,No,No,No,No,No,No,
Pomalyst,pomalidomide,Celgene,NDA,204026,,,Capsule,Oral,,,,,4/10/2012,2/8/2013,2013,,"POMALYST is indicated for patients with multiple myeloma who have received at least two prior therapies including lenalidomide and bortezomib and have demonstrated disease progression on or within 60 days of completion of the last therapy.  Approval is based on response rate.  Clinical benefit, such as improvement in survival or symptoms, has not been verified.",Standard,Yes,Yes,No,Yes,No,No,No,
Kadcyla,ado-trastuzumab emtansine,Genentech,BLA,125427,,,Injectable,Injection,,,,,8/27/2012,2/22/2013,2013,,"KADCYLA, as a single agent, is indicated for the treatment of patients with HER2-positive, metastatic breast cancer who previously received trastuzumab and a taxane, separately or in combination.  Patients should have either: 
- received prior therapy for metastatic disease, or, 
- developed disease recurrence during or within six months of completing adjuvant therapy.",Priority,No,No,No,Yes,N/A,No,No,
Osphena,ospemifene,Shionogi,NDA,203505,,,Tablet,Oral,,,,,4/26/2012,2/26/2013,2013,,"OSPHENA is indicated for the treatment of moderate to severe dyspareunia, a symptom of vulvar and vaginal atrophy, due to menopause.",Standard,No,No,No,No,No,No,No,
Lymphoseek,technetium Tc 99m tilmanocept,Navidea Biopharmaceuticals,NDA,202207,,,Injectable,Injection,,,,,8/10/2011,3/13/2013,2013,,Lymphoseek (technetium Tc 99m tilmanocept) Injection is indicated for lymphatic mapping with a handheld gamma counter to assist in the localization of lymph nodes draining a primary tumor site in patients with breast cancer or melanoma.,Standard,No,No,No,No,No,No,No,
Dotarem,gadoterate meglumine,Guerbet,NDA,204781,,,Solution,Intravenous,,,,,9/20/2012,3/20/2013,2013,,"DOTAREM is a gadolinium-based contrast agent indicated for intravenous use with magnetic resonance imaging (MRI) in brain (intracranial), spine and associated tissues in adult and pediatric patients (2 years of age and older) to detect and visualize areas with disruption of the blood brain barrier (BBB) and/or abnormal vascularity.",Priority,No,No,No,No,No,No,No,
Tecfidera,dimethyl fumarate,Biogen Idec,NDA,204063,,,"Capsule, Delayed Release",Oral,,,,,2/27/2012,3/27/2013,2013,,TECFIDERA is indicated for the treatment of patients with relapsing forms of multiple sclerosis.,Standard,No,No,No,No,No,No,No,
Invokana,canagliflozin,Janssen Research & Development,NDA,204042,,,Tablet,Oral,,,,,5/31/2012,3/29/2013,2013,,"INVOKANA (canagliflozin) is indicated as an adjunct to diet and exercise to improve glycemic control in adults with type 2 diabetes mellitus.  
Limitation of Use: 
INVOKANA is not recommended in patients with type 1 diabetes mellitus or for the treatment of diabetic ketoacidosis. ",Standard,No,No,No,No,No,No,No,
Breo Ellipta,fluticasone furoate and vilanterol,GlaxoSmithKline,NDA,204275,,,Powder,Inhalation,,,,,7/12/2012,5/10/2013,2013,,"BREO ELLIPTA is a combination inhaled corticosteroid/long-acting beta2-adrenergic agonist (ICS/LABA) indicated for the long-term, once-daily, maintenance treatment of airflow obstruction in patients with chronic obstructive pulmonary disease (COPD), including chronic bronchitis and/or emphysema.  BREO ELLIPTA is also indicated to reduce exacerbations of COPD in patients with history of exacerbations.  
BREO ELLIPTA is NOT indicated for the relief of acute bronchospasm or for the treatment of asthma.",Standard,No,No,No,No,No,No,No,
Xofigo,radium Ra 223 dichloride,Bayer HealthCare Pharmaceuticals,NDA,203971,,,Solution,Intravenous,,,,,12/14/2012,5/15/2013,2013,,"Xofigo is indicated for the treatment of patients with castration-resistant prostate cancer, symptomatic bone metastases and no known visceral metastatic disease.",Priority,No,No,No,Yes,No,No,No,
Tafinlar,dabrafenib,GlaxoSmithKline,NDA,202806,,,Capsule,Oral,,,,,7/30/2012,5/29/2013,2013,,"TAFINLAR is indicated for the treatment of patients with unresectable or metastatic melanoma with BRAF V600E mutation as detected by an FDA-approved test. 
TAFINLAR is not indicated for the treatment of patients with wild-type BRAF melanoma. 

Unresectable or metastatic melanoma with BRAF V600E mutation as detected
by an FDA-approved test. 
Limitation of use: TAFINLAR is not indicated for treatment of patients with
wild-type BRAF melanoma.",Standard,Yes,No,No,Yes,No,No,No,
Mekinist,trametinib,GlaxoSmithKline,NDA,204114,,,Tablet,Oral,,,,,8/3/2012,5/29/2013,2013,,"MEKINIST is indicated for the treatment of patients with unresectable or metastatic melanoma with BRAF V600E or V600K mutations, as detected by an FDA-approved test.  
MEKINIST is not indicated for treatment of patients who have received prior BRAF-inhibitor therapy.",Standard,Yes,No,No,Yes,No,No,No,
Gilotrif,afatinib,Boehringer Ingelheim Pharmaceuticals,NDA,201292,,,Tablet,Oral,,,,,11/15/2012,7/12/2013,2013,,"GILOTRIF is indicated for the first-line treatment of patients with metastatic non-small cell lung cancer (NSCLC) whose tumors have epidermal growth factor receptor (EGFR) exon 19 deletions or exon 21 (L858R) substitution mutations as detected by an FDA-approved test.  
Limitation of Use: Safety and efficacy of GILOTRIF have not been established in patients whose tumors have other EGFR mutations.",Priority,Yes,No,No,Yes,No,No,No,
Tivicay,dolutegravir,GlaxoSmithKline,NDA,204790,,,Tablet,Oral,,,,,12/17/2012,8/12/2013,2013,,"TIVICAY is indicated in combination with other antiretroviral agents for the treatment of human immunodeficiency virus type 1 (HIV-1) infection in adults and children aged 12 years and older and weighing at least 40 kg. 
The following should be considered prior to initiating treatment with TIVICAY: 
- Poor virologic response was observed in subjects treated with TIVICAY 50 mg twice daily with an integrase strand transfer inhibitor (INSTI)-resistance Q148 substitution plus 2 or more additional INSTI-resistance substitutions, including L74I/M, E138A/D/K/T, G140A/S, Y143H/R, E157Q, G163E/K/Q/R/S, or G193E/R.",Priority,No,No,No,Yes,No,No,No,
Brintellix,vortioxetine,Takeda Pharmaceuticals,NDA,204447,,,Tablet,Oral,,,,,10/2/2012,9/30/2013,2013,,BRINTELLIX is indicated for the treatment of major depressive disorder (MDD). The efficacy of BRINTELLIX was established in six 6 to 8 week studies (including one study in the elderly) and one maintenance study in adults.,Standard,No,No,No,No,No,No,No,
Duavee,conjugated estrogens and bazedoxifene,Wyeth Pharmaceuticals,NDA,22247,,,Tablet,Oral,,,,,10/3/2012,10/3/2013,2013,,"DUAVEE is indicated in women with a uterus for: 
Treatment of Moderate to Severe Vasomotor Symptoms Associated with Menopause  
Prevention of Postmenopausal Osteoporosis  
Important Limitations of Use: 
- Use DUAVEE for the shortest duration consistent with treatment goals and risks for the individual woman.  Postmenopausal women should be re-evaluated periodically as clinically appropriate to determine if treatment is still necessary.  
- When prescribing solely for the prevention of postmenopausal osteoporosis, therapy should only be considered for women at significant risk of osteoporosis and non-estrogen medication should be carefully considered.",Standard,No,No,No,No,No,No,No,
Adempas,riociguat,Bayer HealthCare Pharmaceuticals,NDA,204819,,,Tablet,Oral,,,,,2/8/2013,10/8/2013,2013,,"Adempas is indicated for the treatment of adults with persistent/recurrent chronic thromboembolic pulmonary hypertension (CTEPH), (WHO Group 4) after surgical treatment, or inoperable CTEPH, to improve exercise capacity and WHO functional class. 
Adempas is indicated for the treatment of adults with pulmonary arterial hypertension (PAH), (WHO Group 1), to improve exercise capacity, WHO functional class and to delay clinical worsening. 
Efficacy was shown in patients on Adempas monotherapy or in combination with endothelin receptor antagonists or prostanoids.  Studies establishing effectiveness including predominantly patients with WHO functional class II-III and etiologies of idiopathic or heritable PAH (61%) or PAH associated with connective tissue disease (25%). ",Priority,Yes,No,No,No,No,No,No,
Opsumit,macitentan,Actelion Pharmaceuticals,NDA,204410,,,Tablet,Oral,,,,,10/19/2012,10/18/2013,2013,,"OPSUMIT is an endothelin receptor antagonist (ERA) indicated for the treatment of pulmonary arterial hypertension (PAH, WHO Group I) to delay disease progression.  Disease progression included: death, initiation of intravenous (IV) or subcutaneous prostanoids, or clinical worsening or PAH (decreased 6-minute walk distance, worsened PAH symptoms and need for additional PAH treatment).  OPSUMIT also reduced hospitalization for PAH. 
Effectiveness was established in a long-term study in PAH patients with predominantly WHO Functional Class II-III symptoms treated for an average of 2 years.  Patients were treated with OPSUMIT monotherapy or in combination with phosphodieasterase-5 inhibitors or inhaled prostanoids.  Patients had idiopathic and heritable PAH (57%), PAH caused by connective tissue disorders (31%), and PAH caused by congenital heart disease with repaired shunts (8%).",Standard,Yes,No,No,No,No,No,No,
Vizamyl,flutemetamol F 18,GE Healthcare,NDA,203137,,,Injectable,Intravenous,,,,,10/26/2012,10/25/2013,2013,,"Vizamyl is indicated for Positron Emission Tomography (PET) imaging of the brain to estimate beta amyloid neuritic plaque density in adult patients with cognitive impairment who are being evaluated for Alzheimer’s Disease (AD) and other causes of cognitive decline. 
A negative Vizamyl scan indicates sparse to no neuritic plaques and is inconsistent with a neuropathological diagnosis of AD at the time of image acquisition; a negative scan result reduces the likelihood that a patient’s cognitive impairment is due to AD.  A positive Vizamyl scan indicates moderate to frequent amyloid neuritic plaques; neuropathological examination has shown this amount of amyloid neuritic plaque is present in patients with AD, but may also be present in patients with other types of neurologic conditions as well as in older people with normal cognition.  Vizamyl is an adjunct to other diagnostic evaluations.  
Limitations of Use: 
- A positive Vizamyl scan does not establish diagnosis of AD or other cognitive disorder.  
- Safety and effectiveness of Vizamyl have not been established for: 
-- Predicting development of dementia or other neurologic condition. 
--Monitoring responses to therapies.",Standard,No,No,No,No,No,No,No,
Gazyva,obinutuzumab,Genentech,BLA,125486,,,Injectable,Injection,,,,,4/22/2013,11/1/2013,2013,,"GAZYVA, in combination with chlorambucil, is indicated for the treatment of patients with previously untreated chronic lymphocytic leukemia (CLL).",Priority,Yes,No,Yes,No,N/A,No,No,
Aptiom,eslicarbazepine acetate,Sunovion Pharmaceuticals,NDA,22416,,,Tablet,Oral,,,,,3/30/2009,11/8/2013,2013,,APTIOM (eslicarbazepine acetate) is indicated as adjunctive treatment of partial-onset seizures.,Standard,No,No,No,No,No,No,No,
Imbruvica,ibrutinib,Pharmacyclics,NDA,205552,,,Capsule,Oral,,,,,6/28/2013,11/13/2013,2013,,IMBRUVICA is indicated for the treatment of patients with mantel cell lymphoma (MCL) who have received at least one prior therapy.  This indication is based on overall response rate.  An improvement in survival or disease-related symptoms has not been established.,Priority,Yes,Yes,Yes,Yes,No,No,No,
Luzu,luliconazole,Medicis Pharmaceutical,NDA,204153,,,Cream,Topical,,,,,12/11/2012,11/14/2013,2013,,"LUZU (luliconazole) Cream, 1% is indicated for the topical treatment of interdigital tinea pedis, tinea cruris, and tinea corporis caused by the organisms Trichophyton rubrum and Epidermophyton floccosum, in patients 18 years of age and older.",Standard,No,No,No,No,No,No,No,
Olysio,simeprevir,Janssen Research & Development,NDA,205123,,,Capsule,Oral,,,,,3/28/2013,11/22/2013,2013,,"OLYSIO is a hepatitis C virus (HCV) NS3/4A protease inhibitor indicated for the treatment of chronic hepatitis C (CHC) infection as a component of a combination antiviral treatment regimen.  
- OLYSIO efficacy has been established in combination with peginterferon alfa and ribavirin, in HCV genotype 1 infected subjects with compensated liver disease (including cirrhosis). 
The following points should be considered when initiating OLYSIO for treatment of chronic hepatitis C infection: 
- OLYSIO must not be used as monotherapy. -OLYSIO efficacy in combination with peginterferon alfa and ribavirin is influenced by baseline host and viral factors. 
- OLYSIO efficacy in combination with peginterferon alfa and ribavirin is substantially reduced in patients infected with hepatitis C virus (HCV) genotype 1a without the Q80K polymorphism.  Screening patients with HCV genotype 1a infection for the presence of virus with the NS3 Q80K polymorphism at baseline is strongly recommended.  Alternative therapy should be considered for patients infected with HCV genotype 1a containing the Q80K polymorphism. 
- OLYSIO efficacy has not been studied in patients who have previously failed therapy with a treatment regimen that includes OLYSIO or other HCV protease inhibitors.",Priority,No,No,No,Yes,No,No,No,
Sovaldi,sofosbuvir,Gilead Sciences,NDA,204671,,,Tablet,Oral,,,,,4/8/2013,12/6/2013,2013,,"SOVALDI is a hepatitis C virus (HCV) nucleotide analog NS5B polymerase inhibitor indicated for the treatment of chronic hepatitis C (CHC) infection as a component of a combination antiviral treatment regimen. 
- SOVALDI efficacy has been established in subjects with HCV genotype 1, 2, 3, or 4 infection, including those with hepatocellular carcinoma meeting Milan criteria (awaiting liver transplantation) and those with HCV/HIV-1 co-infection.  
The following points should be considered when initiating treatment with SOVALDI: 
- Monotherapy of SOVALDI is not recommended for treatment of CHC. 
- Treatment regimen and duration are dependent on both viral genotype and patient population.  
- Treatment response varies based on baseline host and viral factors.",Priority,No,No,Yes,Yes,No,No,No,
Anoro Ellipta,"umeclidinium, vilanterol",GlaxoSmithKline,NDA,203975,,,Powder,Inhalation,,,,,12/18/2012,12/18/2013,2013,,"ANORO ELLIPTA is a combination anticholinergic/long-acting beta2-adrenergic agonist (anticholinergic/LABA) indicated for the long-term, once-daily, maintenance treatment of airflow obstruction in patients with chronic obstructive pulmonary disease (COPD), including chronic bronchitis and/or emphysema. 
Important Limitations of Use: ANORO ELLIPTA is NOT indicated for the relief of acute bronchospasm or for the treatment of asthma.",Standard,No,No,No,No,No,No,No,
Farxiga,dapagliflozin,Bristol-Myers Squibb,NDA,202293,,,Tablet,Oral,,,,,12/28/2010,1/8/2014,2014,,FARXIGA is a sodium-glucose cotransporter 2 (SGLT2) inhibitor indicated as an adjunct to diet and exercise to improve glycemic control in adults with type 2 diabetes mellitus. Limitation of use: Not for treatment of type 1 diabetes mellitus or diabetic ketoacidosis.,Standard,No,No,No,No,No,No,No,
Hetlioz,tasimelteon,Vanda Pharmaceuticals,NDA,205677,,,Capsule,Oral,,,,,5/31/2013,1/31/2014,2014,,HETLIOZ is indicated for the treatment of Non-24-Hour Sleep-Wake Disorder (Non-24).,Priority,Yes,No,No,No,No,No,No,
Vimizim,elosulfase alfa,BioMarin Pharmaceutical,BLA,125460,,,Injectable,Injection,,,,,3/29/2013,2/14/2014,2014,,Vimizim (elosulfase alfa) is indicated for patients with Mucopolysaccharidosis type IVA (MPS IVA; Morquio A syndrome).,Priority,Yes,No,No,Yes,N/A,RPD,No,
Northera,droxidopa,Chelsea Therapeutics,NDA,203202,,,Capsule,Oral,,,,,9/28/2011,2/18/2014,2014,,"NORTHERA is indicated for the treatment of orthostatic dizziness, lightheadedness, or the “feeling that you are about to black out” in adult patients with symptomatic neurogenic orthostatic hypotension (NOH) caused by primary autonomic failure [Parkinson's disease (PD), multiple system atrophy and pure autonomic failure], dopamine beta-hydroxylase deficiency, and non-diabetic autonomic neuropathy. Effectiveness beyond 2 weeks of treatment has not been established. The continued effectiveness of NORTHERA should be assessed periodically.",Priority,Yes,Yes,No,Yes,No,No,No,
Myalept,metreleptin,Amylin Pharmaceuticals,BLA,125390,,,Injectable,Injection,,,,,3/27/2013,2/24/2014,2014,,"MYALEPT (metreleptin for injection) is indicated as an adjunct to diet as replacement therapy to treat the complications of leptin deficiency in patients with congenital or acquired generalized lipodystrophy.  
Limitations of Use: 
- The safety and effectiveness of MYALEPT for the treatment of complications of partial lipodystrophy have not been established.  
- The safety and effectiveness of MYALEPT for the treatment of liver disease, including nonalcoholic steatohepatitis (NASH), have not been established.  
- MYALEPT is not indicated for use in patients with HIV-related lipodystrphy.  
- MYALEPT is not indicated for use in patients with metabolic disease, including diabetes mellitus and hypertriglyceridemia, without concurrent evidence of congenital or acquired generalized lipodystrophy.",Priority,Yes,No,No,Yes,N/A,No,No,
Impavido,miltefosine,Paladin Therapeutics,NDA,204684,,,Capsule,Oral,,,,,4/19/2013,3/19/2014,2014,,"IMPAVIDO (miltefosine) capsules are indicated in adults and adolescents >= 12 years of age weighing  >= 30 kg for the treatment of: 
- Visceral leishmaniasis caused by Leishmania donovani. 
- Cutaneous leishmaniasis caused by Leishmania braziliensis, Leishmania guyanensis, and Leishmania panamensis. 
- Mucosal leishmaniasis caused by Leishmania braziliensis. 
Limitations of Use: 
- Leishmania species studied in clinical trials evaluating IMPAVIDO were based on epidemiologic data. 
- There may be geographic variation in clinical response of the same Leishmania species to IMPAVIDO. 
- The efficacy of IMPAVIDO in the treatment of other Leishmania species has not been evaluated.",Priority,Yes,No,No,Yes,No,TD,No,
Neuraceq,florbetaben F 18,Piramal Imaging,NDA,204677,,,Solution,Intravenous,,,,,12/21/2012,3/19/2014,2014,,"Neuraceq is indicated for Positron Emission Tomography (PET) imaging of the brain to estimate ß-amyloid neuritic plaque density in adult patients with cognitive impairment who are being evaluated for Alzheimer's Disease (AD) and other causes of cognitive decline.  
A negative Neuraceq scan indicates sparse to no amyloid neuritic plaques and is inconsistent with a neropathological diagnosis of AD at the time of image acquisition; a negative scan result reduces the likelihood that a patient's cognitive impairment is due to AD. A positive Neuraceq scan indicates moderate to frequent amyloid neuritic plaques; neuropathological examination has shown this amount of amyloid neuritic plaque is present in patients with AD, but may also be present in patients with other types of neurologic conditions as well as older people with normal cognition.  Neuraceq is an adjunct to other diagnostic evaluations.   
Limitations of Use: 
- A positive Neuraceq scan does not establish the diagnosis of AD or any other cognative disorder.  
- Safety and effectiveness of Neuraceq have not been established for: 
-- Predicting development of dementia or other neurologic conditions; 
-- Monitoring responses to therapies.",Standard,No,No,No,No,No,No,No,
Otezla,apremilast,Celgene,NDA,205437,,,Tablet,Oral,,,,,3/21/2013,3/21/2014,2014,,OTEZLA is indicated for the treatment of adult patients with active psoriatic arthritis.,Standard,No,No,No,No,No,No,No,
Tanzeum,albiglutide,GlaxoSmithKline,BLA,125431,,,Injectable,Injection,,,,,1/14/2013,4/15/2014,2014,,"Tanzeum is indicated as an adjunct to diet and exercise to improve glycemic control in adults with type 2 diabetes mellitus.  
Limitations of Use: 
- Tanzeum is not recommended as first-line therapy for patients inadequately controlled on diet and exercise.  
- Tanzeum has not been studied in patients with a history of pancreatitis. Consider other antidiabetic therapies in patients with a history of pancreatitis. 
- Tanzeum is not indicated in the treatment of patients with type 1 diabetes mellitus or for the treatment of patients with diabetic ketoacidosis. 
- Tanzeum has not been studied in patients with severe gastrointestinal disease, including severe gastroparesis. The use of Tanzeum is not recommended in patients with pre-existing severe gastrointestinal disease. 
- Tanzeum has not been studied in combination with prandial insulin.",Standard,No,No,No,No,N/A,No,No,
Cyramza,ramucirumab,Eli Lilly,BLA,125477,,,Injectable,Injection,,,,,8/23/2013,4/21/2014,2014,,"Cyramza as a single-agent is indicated for the treatment of patients with advanced or metastatic, gastric or gastro-esophageal junction adenocarcinoma with disease progression on or after prior fluoropyrimidine- or platinum- containing chemotherapy.",Priority,Yes,No,No,Yes,N/A,No,No,
Sylvant,siltuximab,Janssen Biotech,BLA,125496,,,Injectable,Injection,,,,,8/30/2013,4/23/2014,2014,,"SYLVANT is indicated for the treatment of patients with multicentric Castleman’s disease (MCD) who are human immunodeficiency virus (HIV) negative and human herpesvirus-8 (HHV-8) negative. 
Limitation of Use: 
SYLVANT was not studied in patients with MCD who are HIV positive or HHV-8 positive because SYLVANT did not bind to virally produced IL-6 in a nonclinical study.",Priority,Yes,No,No,No,N/A,No,No,
Zykadia,ceritinib,Novartis Pharmaceuticals,NDA,205755,,,Capsule,Oral,,,,,12/24/2013,4/29/2014,2014,,ZYKADIA is indicated for the treatment of patients with anaplastic lymphoma kinase (ALK)-positive metastatic non-small cell lung cancer (NSCLC) who have progressed on or are intolerant to crizotinib. This indication is approved under accelerated approval based on tumor response rate and duration of response. An improvement in survival or disease-related symptoms has not been established. Continued approval for this indication may be contingent upon verification and description of clinical benefit in confirmatory trials.,Priority,Yes,Yes,Yes,No,No,No,No,
Zontivity,vorapaxar,Merck Sharp & Dohme,NDA,204886,,,Tablet,Oral,,,,,5/10/2013,5/8/2014,2014,,"ZONTIVITY is indicated for the reduction of thrombotic cardiovascular events in patients with a history of myocardial infarction (MI) or with peripheral arterial disease (PAD). ZONTIVITY has been shown to reduce the rate of a combined endpoint of cardiovascular death, MI, stroke, and urgent coronary revascularization (UCR).",Standard,No,No,No,Yes,No,No,No,
Entyvio,vedolizumab,Takeda Pharmaceuticals,BLA,125476,,,Injectable,Injection,,,,,6/20/2013,5/20/2014,2014,,"Entyvio (vedolizumab) is indicated for: -inducing and maintaining clinical response, 
- inducing and maintaining clinical remission, 
- improving the endoscopic appearance of the mucosa, and 
- achieving corticosteroid-free remission 
in adult patients with moderately to severely active ulcerative colitis who have had an inadequate response with, lost response to, or were intolerant to a tumor necrosis factor (TNF) blocker or immunomodulator; or had an inadequate response with, were intolerant to, or demonstrated dependence on corticosteroids. 
Entyvio (vedolizumab) is indicated for: 
- achieving clinical response, 
- achieving clinical remission, and 
- achieving corticosteroid-free remission 
in adult patients with moderately to severely active Crohn’s disease who have had an inadequate response with, lost response to, or were intolerant to a tumor necrosis factor (TNF) blocker or immunomodulator; or had an inadequate response with, were intolerant to, or demonstrated dependence on corticosteroids.",Priority,No,No,No,Yes,N/A,No,No,
Dalvance,dalbavancin,Durata Therapeutics International,NDA,21883,,,Powder,Intravenous,,,,,12/21/2004,5/23/2014,2014,,"DALVANCE (dalbavancin) for injection is indicated for the treatment of adult patients with acute bacterial skin and skin structure infections (ABSSSI) caused by susceptible isolates of the following Gram-positive microorganisms: Staphylococcus aureus (including methicillin-susceptible and methicillin-resistant strains), Streptococcus pyogenes, Streptococcus agalactiae and Streptococcus anginosus group (including S. anginosus, S. intermedius, S. constellatus). Usage: To reduce the development of drug-resistant bacteria and maintain the effectiveness of DALVANCE and other antibacterial agents, DALVANCE should be used only to treat infections that are proven or strongly suspected to be caused by susceptible bacteria. When culture and susceptibility information are available, they should be considered in selecting or modifying antibacterial therapy. In the absence of such data, local epidemiology and susceptibility patterns may contribute to the empiric selection of therapy.",Priority,No,No,No,Yes,Yes,No,No,
Jublia,efinaconazole,Dow Pharmaceutical Sciences,NDA,203567,,,Solution,Topical,,,,,7/26/2012,6/6/2014,2014,,"Jublia (efinaconazole) topical solution, 10% is an azole antifungal indicated for the topical treatment of onychomycosis of the toenail(s) due to Trichophyton rubrum and Trichophyton mentagrophytes.",Standard,No,No,No,No,No,No,No,
Sivextro,tedizolid phosphate,Cubist Pharmaceuticals,NDA,205435,205436,,Tablet,Oral,Injectable,Injection,,,10/21/2013,6/20/2014,2014,,"SIVEXTRO is an oxazolidinone-class antibacterial indicated for the treatment of acute bacterial skin and skin structure infections (ABSSSI) caused by susceptible isolates of the following Gram-positive microorganisms: Staphylococcus aureus (including methicillin-resistant [MRSA] and methicillin-susceptible [MSSA] isolates), Streptococcus pyogenes, Streptococcus agalactiae, Streptococcus anginosus Group (including Streptococcus anginosus, Streptococcus intermedius, and Streptococcus constellatus), and Enterococcus faecalis. 
Usage: 
To reduce the development of drug-resistant bacteria and maintain the effectiveness of SIVEXTRO and other antibacterial drugs, SIVEXTRO should be used only to treat ABSSSI that are proven or strongly suspected to be caused by susceptible bacteria. When culture and susceptibility information are available, they should be considered in selecting or modifying antibacterial therapy. In the absence of such data, local epidemiology and susceptibility patterns may contribute to the empiric selection of therapy.",Priority,No,No,No,No,Yes,No,No,
Beleodaq,belinostat,Spectrum Pharmaceuticals,NDA,206256,,,Powder,Intravenous,,,,,12/9/2013,7/3/2014,2014,,"Beleodaq is indicated for the treatment of patients with relapsed or refractory peripheral T-cell lymphoma (PTCL). 
This indication is approved under accelerated approval based on tumor response rate and duration of response.  An improvement in survival or disease-related symptoms has not been established. Continued approval for this indication may be contingent upon verification and description of clinical benefit in the confirmatory trial.",Priority,Yes,Yes,No,Yes,No,No,No,
Kerydin,tavaborole,Anacor Pharmaceuticals,NDA,204427,,,Solution,Topical,,,,,7/29/2013,7/7/2014,2014,,"KERYDIN (tavaborole) topical solution, 5% is an oxaborole antifungal indicated for the treatment of onychomycosis of the toenails due to Trichophyton rubrum or Trichophyton mentagrophytes.",Standard,No,No,No,No,No,No,No,
Zydelig,idelalisib,Gilead Sciences,NDA,206545,205858,,Tablet,Oral,Tablet,Oral,,,9/11/2013,7/23/2014,2014,,"[A] Zydelig is indicated, in combination with rituximab, for the treatment of patients with relapsed chronic lymphocytic leukemia (CLL) for whom rituximab alone would be considered appropriate therapy due to other co-morbidities
[B] Zydelig is indicated for the treatment of patients with relapsed follicular B-cell non-Hodgkin lymphoma (FL) who have received at least two prior systemic therapies. Accelerated approval was granted for this indication based on Overall Response Rate.  An improvement in patient survival or disease related symptoms has not been established. Continues approval for this indication may be contingent upon verification of clinical benefit in confirmatory trials. 
[C] Zydelig is indicated for the treatment of patients with relapsed small lymphocytic lymphoma (SLL) who have received at least two prior systemic therapies.  Accelerated approval was granted for this indication based on Overall Response Rate. An improvement in patient survival or disease related symptoms has not been established. Continued approval for this indication may be contingent upon verification of clinical benefit in confirmatory trials.",Priority (indication [A] only),Yes,Yes (indications [B] and [C] only),Yes (indication [A] only),Yes (indication [A] only),No,No,No,
Striverdi Respimat,olodaterol,Boehringer Ingelheim Pharmaceuticals,NDA,203108,,,"Spray, Metered",Inhalation,,,,,5/14/2012,7/31/2014,2014,,"STRIVERDI RESPIMAT is a long-acting beta2-agonist indicated for long-term, once-daily maintenance bronchodilator treatment of airflow obstruction in patients with chronic obstructive pulmonary disease (COPD), including chronic bronchitis and/or emphysema. 
STRIVERDI RESPIMAT is not indicated to treat acute deteriorations of COPD.
STRIVERDI RESPIMAT is not indicated to treat asthma. The safety and effectiveness of STRIVERDI RESPIMAT in asthma have not been established.",Standard,No,No,No,No,No,No,No,
Jardiance,empagliflozin,Boehringer Ingelheim Pharmaceuticals,NDA,204629,,,Tablet,Oral,,,,,3/5/2013,8/1/2014,2014,,Jardiance is indicated as an adjunct to diet and exercise to improve glycemic control in adults with type 2 diabetes mellitus. Limitations of Use: Jardiance is not recommended for patients with type 1 diabetes or for the treatment of diabetic ketoacidosis.,Standard,No,No,No,No,No,No,No,
Orbactiv,oritavancin diphosphate,The Medicines Company,NDA,206334,,,Powder,Intravenous,,,,,12/6/2013,8/6/2014,2014,,"ORBACTIV (Oritavancin) for injection is indicated for the treatment of adult patients with acute bacterial skin and skin structure infections (ABSSSI) caused by susceptible isolates of the following Gram-positive microorganisms: Staphylococcus aureus (including methicillin-susceptible and methicillin-resistant isolates), Streptococcus pyogenes, Streptococcus agalactiae, Streptococcus dysgalactiae, Streptococcus anginosus group (includes S. anginosus, S. intermedius, and S. constellatus), and Enterococcus faecalis (vancomycin-susceptible isolates only). 
Usage: 
To reduce the development of drug-resistant bacteria and maintain the effectiveness of ORBACTIV and other antibacterial drugs, ORBACTIV should be used only to treat infections that are proven or strongly suspected to be caused by susceptible bacteria.  When culture and susceptibility information are available, they should be considered in selecting or modifying antibacterial therapy.  In the absence of such data, local epidemiology and susceptibility patterns may contribute to the empiric selection of therapy.",Priority,No,No,No,No,Yes,No,No,
Belsomra,suvorexant,Merck,NDA,204569,,,Tablet,Oral,,,,,8/30/2012,8/13/2014,2014,,BELSOMRA (surovexant) is indicated for the treatment of insomnia characterized by difficulties with sleep onset and/or sleep maintenance.,Standard,No,No,No,No,No,No,No,
Plegridy,peginterferon beta-1a,Biogen Idec,BLA,125499,,,Injectable,Injection,,,,,5/16/2013,8/15/2014,2014,,PLEGRIDY (peginterferon beta-1a) is indicated for the treatment of patients with relapsing forms of multiple sclerosis.,Standard,No,No,No,No,N/A,No,No,
Cerdelga,eliglustat,Genzyme,NDA,205494,,,Capsule,Oral,,,,,9/20/2013,8/19/2014,2014,,"CERDELGA is indicated for the long-term treatment of adult patients with Gaucher disease type 1 (GD1) who are CYP2D6 extensive metabolizers (EMs), intermediate metabolizers (IMs), or poor metabolizers (PMs) as detected by an FDA-cleared test. 
Limitations of Use: 
- Patients who are CYP2D6 ultra-rapid metabolizers (URMs) may not achieve adequate concentrations of CERDELGA to achieve a therapeutic effect.  
- A specific dosage cannot be recommended for those patients whose CYP2D6 genotype cannot be determined (indeterminate metabolizers).",Priority,Yes,No,No,No,No,No,No,
Keytruda,pembrolizumab,Merck Sharp & Dohme,BLA,125514,,,Injectable,Injection,,,,,2/27/2014,9/4/2014,2014,,"KEYTRUDA (pembrolizumab) is indicated for the treatment of patients with unresectable or metastatic melanoma and disease progression following ipilimumab and, if BRAF V600 mutation positive, a BRAF inhibitor. 
This indication is approved under accelerated approval based on tumor response rate and durability of response. An improvement in survival or disease-related symptoms has not yet been established. Continued approval for this indication may be contingent upon verification and description of clinical benefit in the confirmatory trials.",Priority,Yes,Yes,Yes,No,N/A,No,No,
Movantik,naloxegol,AstraZeneca Pharmaceuticals,NDA,204760,,,Tablet,Oral,,,,,9/16/2013,9/16/2014,2014,,MOVANTIK (naloxegol) is indicated for the treatment of opioid-induced constipation (OIC) in adult patients with chronic non-cancer pain.,Standard,No,No,No,No,No,No,No,
Trulicity,dulaglutide,Eli Lilly,BLA,125469,,,Injectable,Injection,,,,,9/18/2013,9/18/2014,2014,,"TRULICITY is indicated as an adjunct to diet and exercise to improve glycemic control in adults with type 2 diabetes mellitus. 
Limitations of Use: 
- TRULICITY is not recommended as a first-line therapy for patients who have inadequate glycemic control on diet and exercise. 
- TRULICITY has not been studied in patients with a history of pancreatitis. Consider other antidiabetic therapies in patients with a history of pancreatitis. 
- TRULICITY should not be used in patients with type 1 diabetes mellitus or for the treatment of diabetic ketoacidosis. TRULICITY is not a substitute for insulin. 
- TRULICITY has not been studied in patients with severe gastrointestinal disease, including severe gastroparesis. The use of TRULICITY is not recommended in patients with pre-existing severe gastrointestinal disease. 
- The concurrent use of TRULICITY and basal insulin has not been studied.",Standard,No,No,No,No,N/A,No,No,
Akynzeo,"netupitant, palonosetron",Helsinn Healthcare,NDA,205718,,,Capsule,Oral,,,,,9/27/2013,10/10/2014,2014,,"AKYNZEO is indicated for the prevention of acute and delayed nausea and vomiting associated with initial and repeat courses of cancer chemotherapy, including, but not limited to, highly emetogenic chemotherapy. AKYNZEO is an oral fixed combination of palonosetron and netupitant: palonosetron prevents nausea and vomiting during the acute phase and netupitant prevents nausea and vomiting during both the acute and delayed phase after cancer chemotherapy.",Standard,No,No,No,No,No,No,No,
Lumason,sulfur hexafluoride lipid-type A microspheres,Bracco Diagnostics,NDA,203684,,,For Suspension,Intravenous,,,,,12/21/2011,10/10/2014,2014,,Lumason is indicated for use in patients with suboptimal echocardiograms to opacify the left ventricular chamber and to improve the delineation of the left ventricular endocardial border.,Standard,No,No,No,No,No,No,No,
Harvoni,"ledipasvir, sofosbuvir",Gilead Sciences,NDA,205834,,,Tablet,Oral,,,,,2/10/2014,10/10/2014,2014,,HARVONI is indicated for the treatment of chronic hepatitis C (CHC) genotype 1 infection in adults.,Priority,No,No,Yes,Yes,No,No,No,
Esbriet,pirfenidone,Intermune,NDA,22535,,,Capsule,Oral,,,,,11/4/2009,10/15/2014,2014,,ESBRIET is indicated for the treatment of idiopathic pulmonary fibrosis (IPF),Priority,Yes,No,Yes,Yes,No,No,No,
Ofev,nintedanib,Boehringer Ingelheim Pharmaceuticals,NDA,205832,,,Capsule,Oral,,,,,5/2/2014,10/15/2014,2014,,OFEV is indicated for the treatment of idiopathic pulmonary fibrosis (IPF).,Priority,Yes,No,Yes,Yes,No,No,No,
Blincyto,blinatumomab,Amgen,BLA,125557,,,Injectable,Injection,,,,,9/19/2014,12/3/2014,2014,,"BLINCYTO is indicated for the treatment of Philadelphia chromosome-negative relapsed or refractory B-cell precursor acute lymphoblastic leukemia (ALL). 
This indication is approved under accelerated approval.  Continued approval for this indication may be contingent upon verification of clinical benefit in subsequent trials.",Priority,Yes,Yes,Yes,No,N/A,No,No,
Xtoro,finafloxacin,Alcon Research,NDA,206307,,,Suspension/Drops,Otic,,,,,4/25/2014,12/17/2014,2014,,"XTORO (finafloxacin otic suspension), 0.3% is indicated for the treatment of acute otitis externa (AOE) with or without an otowick, caused by susceptible strains of Pseudomonas aeruginosa and Staphylococcus aureus inpatients age 1 year and older.",Priority,No,No,No,No,No,No,No,
Lynparza,olaparib,AstraZeneca Pharmaceuticals,NDA,206162,,,Capsule,Oral,,,,,2/3/2014,12/19/2014,2014,,"Lynparza is indicated as monotherapy in patients with deleterious or suspected deleterious germline BRCA mutated (as detected by an FDA-approved test) advanced ovarian cancer who have been treated with three or more prior lines of chemotherapy. 
The indication is approved under accelerated approval based on objective response rate and duration of response. Continued approval for this indication may be contingent upon verification and description of clinical benefit in confirmatory trials.",Priority,Yes,Yes,No,No,No,No,No,
Zerbaxa,"ceftolozane, tazobactam",Cubist Pharmaceuticals,NDA,206829,,,Powder,Intravenous,,,,,4/21/2014,12/19/2014,2014,,"ZERBAXA (ceftolozane/tazobactam) for Injection is indicated for the treatment of patients 18 years or older with the following infections caused by designated susceptible microorganisms. 
ZERBAXA used in combination with metronidazole is indicated for the treatment of complicated intra-abdominal infections (cIAI) caused by the following Gram-negative and Gram-positive microorganisms: Enterobacter cloacae, Escherichia coli, Klebsiella oxytoca, Klebsiella pneumonia, Proteus mirabilis, Pseudomonas aeruginosa, Bacteroides fragilis, Streptococcus anginosus, Streptococcus constellatus, and Streptococcus salivarius. 
ZERBAXA is indicated for the treatment of complicated urinary tract infections (cUTI), including pyelonephritis, caused by the following Gram-negative microorganisms: Escherichia coli, Klebsiella pneumonia, Proteus mirabilis, and Pseudomonas aeruginosa. 
Usage: 
To reduce the development of drug-resistant bacteria and maintain the effectiveness of ZERBAXA and other antibacterial drugs, ZERBAXA should be used only to treat infections that are proven or strongly suspected to be caused by susceptible bacteria. When culture and susceptibility information are available, they should be considered in selecting or modifying antibacterial therapy.  In the absence of such data, local epidemiology and susceptibility patterns may contribute to the empiric selection of therapy.",Priority,No,No,No,Yes,Yes,No,No,
Rapivab,peramivir,BioCryst Pharmaceuticals,NDA,206426,,,Solution,Intravenous,,,,,12/23/2013,12/19/2014,2014,,"RAPIVAB is indicated for the treatment of acute uncomplicated influenza in patients 18 years and older who have been symptomatic for no more than 2 days. 
Limitations of Use: 
- Efficacy of RAPIVAB is based on clinical trials of naturally occurring influenza in which the predominant influenza infections were influenza A virus; a limited number of subjects infected with influenza B virus were enrolled. 
- Influenza viruses change over time. Emergence of resistance substitutions could decrease drug effectiveness.  Other factors (for example, change in viral virulence) might also diminish clinical benefit of antiviral drugs. Prescribers should consider available information on influenza drug susceptibility patters and treatment effects when deciding whether to use RAPIVAB.  
- The efficacy of RAPIVAB could not be established in patients with serious influenza requiring hospitalization.",Standard,No,No,No,Yes,No,No,No,
Viekira Pak,"ombitasvir, paritaprevir, ritonavir; dasabuvir (co-packaged)",AbbVie,NDA,206619,,,"Tablet, Tablet",Oral,,,,,4/21/2014,12/19/2014,2014,,"VIEKIRA PAK with or without ribavirin is indicated for the treatment of patients with genotype 1 chronic hepatitis C virus (HCV) infection including those with compensated cirrhosis.  
Limitation of Use:  
VIEKIRA PAK is not recommended for use in patients with decompensated liver disease.",Priority,No,No,Yes,Yes,No,No,No,
Opdivo,nivolumab,Bristol-Myers Squibb,BLA,125554,,,Injectable,Injection,,,,,7/30/2014,12/22/2014,2014,,"OPDIVO (nivolumab) is indicated for the treatment of patients with unresectable or metastatic melanoma and disease progression following ipilimumab and, if BRAF V600 mutation positive, a BRAF inhibitor. 
This indication is approved under accelerated approval based on tumor response rate and durability of response. Continued approval for this indication may be contingent upon verification and description of clinical benefit in confirmatory trials.",Priority,Yes,Yes,Yes,Yes,N/A,No,No,
Savaysa,edoxaban tosylate,Daiichi Sankyo,NDA,206316,,,Tablet,Oral,,,,,1/8/2014,1/8/2015,2015,,"SAVAYSA is indicated to reduce the risk of stroke and systemic embolism (SE) in patients with nonvalvular atrial fibrillation (NVAF). 
Limitation of Use for NVAF: 
SAVAYSA should not be used in patients with CrCL > 95 mL/min because of an increased risk of ischemic stroke compared to warfarin. SAVAYSA is indicated for the treatment of deep vein thrombosis (DVT) and pulmonary embolism (PE) following 5 to 10 days of initial therapy with a parenteral anticoagulant.",Standard,No,No,No,No,No,No,No,
Cosentyx,secukinumab,Novartis Pharmaceuticals,BLA,125504,,,Injectable,Injection,,,,,10/24/2013,1/21/2015,2015,,COSENTYX is indicated for the treatment of moderate to severe plaque psoriasis in adult patients who are candidates for systemic therapy or phototherapy.,Standard,No,No,No,No,N/A,No,No,
Natpara,parathyroid hormone,NPS Pharmaceuticals,BLA,125511,,,Injectable,Injection,,,,,10/24/2013,1/23/2015,2015,,"NATPARA is a parathyroid hormone indicated as an adjunct to calcium and vitamin D to control hypocalcemia in patients with hypoparathyroidism.  
Limitations of use: 
- Because of the potential risk of osteosarcoma, NATPARA is recommended only for patients who cannot be well-controlled on calcium supplements and active forms of vitamin D alone. 
- NATPARA was not studied in patients with hypoparathyroidism caused by calcium-sensing receptor mutations.  
- NATPARA was not studied in patients with acute post-surgical hypoparathyroidism.",Standard,Yes,No,No,No,N/A,No,No,
Ibrance,palbociclib,Pfizer,NDA,207103,,,Capsule,Oral,,,,,8/13/2014,2/3/2015,2015,,"IBRANCE is indicated in combination with letrozole for the treatment of postmenopausal women with estrogen receptor (ER)-positive, human epidermal growth factor receptor 2 (HER2)-negative advanced breast cancer as initial endocrine-based therapy for their metastatic disease. 
This indication is approved under accelerated approval based on progression-free survival (PFS). Continued approval for this indication may be contingent upon verification and description of clinical benefit in a confirmatory trial.",Priority,No,Yes,Yes,No,No,No,No,
Lenvima,lenvatinib,Eisai,NDA,206947,,,Capsule,Oral,,,,,8/14/2014,2/13/2015,2015,,"LENVIMA is indicated for the treatment of patients with locally recurrent or metastatic, progressive, radioactive iodine-refractory differentiated thyroid cancer (DTC).",Priority,Yes,No,No,No,No,No,No,
Farydak,panobinostat,Novartis Pharmaceuticals,NDA,205353,,,Capsule,Oral,,,,,3/24/2014,2/23/2015,2015,,"FARYDAK, a histone deacetylase inhibitor, in combination with bortezomin and dexamethasone, is indicated for the treatment of patients with multiple myeloma who have received at least 2 prior regimens, including bortezomib and an immunomodulatory agent.  This indication is approved under accelerated approval based on progression free survival.  Continued approval for this indication may be contingent upon verification and description of clinical benefit in confirmatory trials.",Priority,Yes,Yes,No,No,No,No,No,
Avycaz,ceftazidime and avibactam,Forest Research Institute,NDA,206494,,,Powder,Iv (Infusion),,,,,6/25/2014,2/25/2015,2015,,"AVYCAZ (ceftazidime-avibactam), in combination with metronidazole, is indicated for the treatment of complicated intra-abdominal infections (cIAI) caused by the following susceptible microorganisms: Escherichia coli, Klebsiella pneumoniae, Proteus mirabilis, Providencia stuartii, Enterobacter cloacae, Klebsiella oxytoca, and Pseudomonas aeruginosa in patients 18 years or older. 
As only limited clinical safety and efficacy data for AVYCAZ are currently available, reserve AVYCAZ for use in patients who have limited or no alternative treatment options. 
AVYCAZ (ceftazidime-avibactam) is indicated for the treatment of complicated urinary tract infections (cUTI) including pyelonephritis caused by the following susceptible microorganisms: Escherichia coli, Klebsiella pneumoniae, Citrobacter koseri, Enterobacter aerogenes, Enterobacter cloacae, Citrobacter freundii, Proteus spp., and Pseudomonas aeruginosa in patients 18 years or older. 
As only limited clinical safety and efficacy data for AVYCAZ are currently available, reserve AVYCAZ for use in patients who have limited or no alternative treatment options. 
Usage: 
To reduce the development of drug-resistant bacteria and maintain the effectiveness of AVYCAZ and other antibacterial drugs, AVYCAZ should be used to treat only indicated infections that are proven or strongly suspected to be caused by susceptible bacteria. When culture and susceptibility information are available, they should be considered in selecting or modifying antibacterial therapy. In the absence of such data, local epidemiology and susceptibility patterns may contribute to the empiric selection of therapy.",Priority,No,No,No,Yes,Yes,No,No,
Cresemba,isavuconazonium sulfate,Astellas Pharma,NDA,207500,207501,,Capsule,Oral,Injectable,Injection,,,7/8/2014,3/6/2015,2015,,"CRESEMBA is an azole antifungal indicated for patients 18 years of age and older for the treatment of invasive aspergillosis.
CRESEMBA is an azole antifungal indicated for patients 18 years of age and older for the treatment of invasive mucormycosis.
Usage:
Specimens for fungal culture and other relevant laboratory studies (including histopathology) to isolate and identify causative organism(s) should be obtained prior to initiating antifungal therapy. Therapy may be instituted before the results of the cultures and other laboratory studies are known. However, once these results become available, antifungal therapy should be adjusted accordingly.",Priority,Yes,No,No,No,Yes,No,No,
Unituxin,dinutuximab,United Therapeutics,BLA,125516,,,Injectable,Injection,,,,,4/11/2014,3/10/2015,2015,,"Unituxin (dinutuximab) is indicated, in combination with granulocyte-macrophage colonystimulating factor (GM-CSF), interleukin-2 (IL-2) and 13-cis-retinoic acid (RA), for the treatment of pediatric patients with high-risk neuroblastoma who achieve at least a partial response to prior first-line multiagent, multimodality therapy.",Priority,Yes,No,No,No,N/A,RPD,No,
Cholbam,cholic acid,Asklepion Pharmaceuticals,NDA,205750,,,Capsule,Oral,,,,,11/21/2013,3/17/2015,2015,,"CHOLBAM is indicated for the treatment of bile acid synthesis disorders due to single enzyme defects (SEDs). 
CHOLBAM is indicated for adjunctive treatment of peroxisomal disorders (PDs) including Zellweger spectrum disorders in patients who exhibit manifestations of liver disease, steatorrhea or complications from decreased fat soluble vitamin absorption. 
The safety and effectiveness of CHOLBAM on extrahepatic manifestations of bile acid synthesis disorders due to SEDs or PDs including Zellweger spectrum disorders have not been established.",Priority,Yes,No,No,No,No,RPD,No,
Corlanor,ivabradine,Amgen,NDA,206143,,,Tablet,Oral,,,,,6/27/2014,4/15/2015,2015,,"Corlanor is indicated to reduce the risk of hospitalization for worsening heart failure in patients with stable, symptomatic chronic heart failure with left ventricular ejection fraction <= 35%, who are in sinus rhythm with resting heart rate >= 70 beats per minute and either are on maximally tolerated doses of betablockers or have a contraindication to beta-blocker use.",Priority,No,No,No,Yes,No,No,No,
Kybella,deoxycholic acid,Kythera Biopharmaceuticals,NDA,206333,,,Solution,Subcutaneous,,,,,5/13/2014,4/29/2015,2015,,"KYBELLA (deoxycholic acid) injection is indicated for improvement in the appearance of moderate to severe convexity or fullness associated with submental fat in adults. 
Limitation of use:
The safe and effective use of KYBELLA for the treatment of subcutaneous fat outside the submental region has not been established and is not recommended.",Standard,No,No,No,No,No,No,No,
Viberzi,eluxadoline,Furiex Pharmaceuticals,NDA,206940,,,Tablet,Oral,,,,,6/27/2014,5/27/2015,2015,,VIBERZI is indicated in adults for the treatment of irritable bowel syndrome with diarrhea (IBS-D).,Priority,No,No,No,Yes,No,No,No,
Kengreal,cangrelor,The Medicines Company,NDA,204958,,,Powder,Intravenous,,,,,4/30/2013,6/22/2015,2015,,"KENGREAL is indicated as an adjunct to percutaneous coronary intervention (PCI) to reduce the risk of periprocedural myocardial infarction (MI), repeat coronary revascularization, and stent thrombosis (ST) in patients who have not been treated with a P2Y12 platelet inhibitor and are not being given a glycoprotein IIb/IIIa inhibitor.",Standard,No,No,No,No,No,No,No,
Orkambi,"lumacaftor, ivacaftor",Vertex Pharmaceuticals,NDA,206038,,,Tablet,Oral,,,,,11/5/2014,7/2/2015,2015,,"ORKAMBI is a combination of lumacaftor and ivacaftor indicated for the treatment of cystic fibrosis (CF) in patients age 12 years and older who are homozygous for the F508del mutation in the CFTR gene. If the patient’s genotype is unknown, an FDA-cleared CF mutation test should be used to detect the presence of the F508del mutation on both alleles of the CFTR gene.
Limitations of Use:
The efficacy and safety of ORKAMBI have not been established in patients with CF other than those homozygous for the F508del mutation.",Priority,Yes,No,Yes,Yes,No,No,No,
Entresto,"sacubitril, valsartan",Novartis Pharmaceuticals,NDA,207620,,,Tablet,Oral,,,,,12/17/2014,7/7/2015,2015,,"ENTRESTO is indicated to reduce the risk of cardiovascular death and hospitalization for heart failure in patients with chronic heart failure (NYHA Class II-IV) and reduced ejection fraction.
ENTRESTO is usually administered in conjunction with other heart failure therapies, in place of an ACE inhibitor or other ARB.",Priority,No,No,No,Yes,No,No,No,
Rexulti,brexpiprazole,Otsuka Pharmaceutical,NDA,205422,,,Tablet,Oral,,,,,7/11/2014,7/10/2015,2015,,"REXULTI is indicated for:
- Adjunctive treatment of major depressive disorder (MDD).
- Treatment of schizophrenia.",Standard,No,No,No,No,No,No,No,
Odomzo,sonidegib,Novartis Pharmaceuticals,NDA,205266,,,Capsule,Oral,,,,,9/26/2014,7/24/2015,2015,,"ODOMZO (sonidegib) is indicated for the treatment of adult patients with locally advanced basal cell carcinoma (BCC) that has recurred following surgery or radiation therapy, or those who are not candidates for surgery or radiation therapy.",Standard,No,No,No,No,No,No,No,
Praluent,alirocumab,Sanofi-Aventis,BLA,125559,,,Injectable,Injection,,,,,11/24/2014,7/24/2015,2015,,"PRALUENT is indicated as an adjunct to diet and maximally tolerated statin therapy for the treatment of adults with heterozygous familial hypercholesterolemia or clinical atherosclerotic cardiovascular disease, who require additional lowering of LDL-C.
Limitations of Use:
The effect of PRALUENT on cardiovascular morbidity and mortality has not been determined.",Priority (used priority review voucher),No,No,No,No,N/A,No,Yes,
Daklinza,daclatasvir,Bristol-Myers Squibb,NDA,206843,,,Tablet,Oral,,,,,3/31/2014,7/24/2015,2015,,"DAKLINZA is indicated for use with sofosbuvir for the treatment of patients with chronic hepatitis C virus (HCV) genotype 3 infection.
Limitations of Use:
- Sustained virologic response (SVR) rates are reduced in HCV genotype 3-infected patients with cirrhosis receiving DAKLINZA in combination with sofosbuvir for 12 weeks.",Priority,No,No,No,Yes,No,No,No,
Addyi,flibanserin,Sprout Pharmaceuticals,NDA,22526,,,Tablet,Oral,,,,,10/27/2009,8/18/2015,2015,,"ADDYI is indicated for the treatment of premenopausal women with acquired, generalized hypoactive sexual desire disorder (HSDD), as characterized by low sexual desire that causes marked distress or interpersonal difficulty and is NOT due to: 
- A co-existing medical or psychiatric condition, 
- Problems within the relationship, or 
- The effects of a medication or other drug substance. 
Acquired HSDD refers to HSDD that develops in a patient who previously had no problems with sexual desire. Generalized HSDD refers to HSDD that occurs regardless of the type of stimulation, situation or partner. 
Limitations of Use:
- ADDYI is not indicated for the treatment of HSDD in postmenopausal women or in men. 
- ADDYI is not indicated to enhance sexual performance.",Standard,No,No,No,No,No,No,No,
Repatha,evolocumab,Amgen,BLA,125522,,,Injectable,Injection,,,,,8/27/2014,8/27/2015,2015,,"[A] REPATHA is indicated as an adjunct to diet and maximally tolerated statin therapy for the treatment of adults with heterozygous familial hypercholesterolemia (HeFH) or clinical atherosclerotic cardiovascular disease (CVD), who require additional lowering of low density lipoprotein cholesterol (LDL-C). 
[B] REPATHA is indicated as an adjunct to diet and other LDL-lowering therapies (e.g., statins, ezetimibe, LDL apheresis) for the treatment of patients with homozygous familial hypercholesterolemia (HoFH) who require additional lowering of LDL-C.
Limitations of Use: 
The effect of REPATHA on cardiovascular morbidity and mortality has not been determined.",Standard,Yes (indication [B] only),No,No,No,N/A,No,No,
Varubi,rolapitant,Tesaro,NDA,206500,,,Tablet,Oral,,,,,9/5/2014,9/1/2015,2015,,"VARUBI is indicated in combination with other antiemetic agents in adults for the prevention of delayed nausea and vomiting associated with initial and repeat courses of emetogenic cancer chemotherapy, including, but not limited to, highly emetogenic chemotherapy.",Standard,No,No,No,No,No,No,No,
Xuriden,uridine triacetate,Wellstat Therapeutics,NDA,208169,,,Granule,Oral,,,,,1/8/2015,9/4/2015,2015,,XURIDEN is indicated for the treatment of hereditary orotic aciduria.,Priority,Yes,No,Yes,No,No,RPD,No,
Vraylar,cariprazine,Forest Laboratories,NDA,204370,,,Capsule,Oral,,,,,11/19/2012,9/17/2015,2015,,"VRAYLAR is indicated for the: 
- Treatment of schizophrenia.
- Acute treatment of manic or mixed episodes associated with bipolar I disorder.",Standard,No,No,No,No,No,No,No,
Lonsurf,trifluridine and tipiracil,Taiho Oncology,NDA,207981,,,Tablet,Oral,,,,,12/19/2014,9/22/2015,2015,,"LONSURF is indicated for the treatment of patients with metastatic colorectal cancer who have been previously treated with fluoropyrimidine-, oxaliplatin-and irinotecan-based chemotherapy, an anti-VEGF biological therapy, and if RAS wild-type, an anti-EGFR therapy.",Standard,No,No,No,Yes,No,No,No,
Tresiba,insulin degludec,Novo Nordisk,BLA,203314,,,Solution,Subcutaneous,,,,,9/29/2011,9/25/2015,2015,,"TRESIBA is indicated to improve glycemic control in adults with diabetes mellitus. 
Limitations of Use:
TRESIBA is not recommended for the treatment of diabetic ketoacidosis.",Standard,No,No,No,No,N/A,No,No,Transition Product from NDA to BLA due to BPCI : Please see page 2 of data dictionary for more information.
Aristada,aripiprazole lauroxil,Alkermes,NDA,207533,,,"Suspension, Extended Release",Intramuscular,,,,,8/22/2014,10/5/2015,2015,,ARISTADA is indicated for treatment of schizophrenia.,Standard,No,No,No,No,No,No,No,
Praxbind,idarucizumab,Boehringer Ingelheim Pharmaceuticals,BLA,761025,,,Injectable,Injection,,,,,2/19/2015,10/16/2015,2015,,"PRAXBIND is indicated in patients treated with Pradaxa when reversal of the anticoagulant effects of dabigatran is needed: 
- For emergency surgery/urgent procedures
- In life-threatening or uncontrolled bleeding
This indication is approved under accelerated approval based on a reduction in unbound dabigatran and normalization of coagulation parameters in healthy volunteers. Continued approval for this indication may be contingent upon the results of an ongoing cohort case series study.",Priority,Yes,Yes,Yes,No,N/A,No,No,
Veltassa,patiromer,Relypsa,NDA,205739,,,Powder,Oral,,,,,10/21/2014,10/21/2015,2015,,"Veltassa is indicated for the treatment of hyperkalemia.
Limitation of Use: Veltassa should not be used as an emergency treatment for life-threatening hyperkalemia because of its delayed onset of action.",Standard,No,No,No,No,No,No,No,
Strensiq,asfotase alfa,Alexion Pharmaceuticals,BLA,125513,,,Injectable,Injection,,,,,12/23/2014,10/23/2015,2015,,Strensiq is indicated for the treatment of patients with perinatal/infantile- and juvenile-onset hypophosphatasia (HPP).,Priority,Yes,No,Yes,Yes,N/A,RPD,No,
Yondelis,trabectedin,Janssen Products,NDA,207953,,,Powder,Intravenous,,,,,11/24/2014,10/23/2015,2015,,YONDELIS is indicated for the treatment of patients with unresectable or metastatic liposarcoma or leiomyosarcoma who received a prior anthracycline-containing regimen.,Priority,Yes,No,No,No,No,No,No,
Nucala,mepolizumab,GlaxoSmithKline,BLA,125526,,,Injectable,Injection,,,,,11/4/2014,11/4/2015,2015,,"NUCALA is indicated for the add-on maintenance treatment of patients with severe asthma aged 12 years and older, and with an eosinophilic phenotype.
Limitations of Use:
- NUCALA is not indicated for treatment of other eosinophilic conditions. 
- NUCALA is not indicated for the relief of acute bronchospasm or status asthmaticus. ",Standard,No,No,No,No,N/A,No,No,
Genvoya,"elvitegravir, cobicistat, emtricitabine, tenofovir alafenamide",Gilead Sciences,NDA,207561,,,Tablet,Oral,,,,,11/5/2014,11/5/2015,2015,,GENVOYA is indicated as a complete regimen for the treatment of HIV-1 infection in adults and pediatric patients 12 years of age and older who have no antiretroviral treatment history or to replace the current antiretroviral regimen in those who are virologically-suppressed (HIV-1 RNA less than 50 copies per mL) on a stable antiretroviral regimen for at least 6 months with no history of treatment failure and no known substitutions associated with resistance to the individual components of GENVOYA.,Standard,No,No,No,Yes,No,No,No,
Cotellic,cobimetinib,Genentech,NDA,206192,,,Tablet,Oral,,,,,12/11/2014,11/10/2015,2015,,"COTELLIC is indicated for the treatment of patients with unresectable or metastatic melanoma with a BRAF V600E or V600K mutation, in combination with vemurafenib. 
Limitation of Use: COTELLIC is not indicated for treatment of patients with wild-type BRAF melanoma.",Priority,Yes,No,No,Yes,No,No,No,
Tagrisso,osimertinib,AstraZeneca Pharmaceuticals,NDA,208065,,,Tablet,Oral,,,,,6/5/2015,11/13/2015,2015,,"TAGRISSO is indicated for the treatment of patients with metastatic epidermal growth factor receptor (EGFR) T790M mutation-positive non-small cell lung cancer (NSCLC), as detected by an FDA-approved test, who have progressed on or after EGFR tyrosine kinase inhibitor (TKI) therapy. 
This indication is approved under accelerated approval based on tumor response rate and duration of response. Continued approval for this indication may be contingent upon verification and description of clinical benefit in confirmatory trials.",Priority,Yes,Yes,Yes,Yes,No,No,No,
Darzalex,daratumumab,Janssen Biotech,BLA,761036,,,Injectable,Injection,,,,,7/9/2015,11/16/2015,2015,,"DARZALEX is indicated for the treatment of patients with multiple myeloma who have received at least three prior lines of therapy including a proteasome inhibitor (PI) and an immunomodulatory agent or who are double-refractory to a PI and an immunomodulatory agent.
This indication is approved under accelerated approval based on response rate. Continued approval for this indication may be contingent upon verification and description of clinical benefit in confirmatory trials.",Priority,Yes,Yes,Yes,Yes,N/A,No,No,
Ninlaro,ixazomib,Millennium Pharmaceuticals,NDA,208462,,,Capsule,Oral,,,,,7/10/2015,11/20/2015,2015,,NINLARO is indicated in combination with lenalidomide and dexamethasone for the treatment of patients with multiple myeloma who have received at least one prior therapy.,Priority,Yes,No,No,No,No,No,No,
Portrazza,necitumumab,Eli Lilly,BLA,125547,,,Injectable,Injection,,,,,12/2/2014,11/24/2015,2015,,"PORTRAZZA is indicated, in combination with gemcitabine and cisplatin, for first-line treatment of patients with metastatic squamous non-small cell lung cancer. 
Limitation of Use:
PORTRAZZA is not indicated for treatment of non-squamous non-small cell lung cancer.",Standard,Yes,No,No,Yes,N/A,No,No,
Empliciti,elotuzumab,Bristol-Myers Squibb,BLA,761035,,,Injectable,Injection,,,,,6/29/2015,11/30/2015,2015,,EMPLICITI is indicated in combination with lenalidomide and dexamethasone for the treatment of patients with multiple myeloma who have received one to three prior therapies.,Priority,Yes,No,Yes,No,N/A,No,No,
Kanuma,sebelipase alfa,Alexion Pharmaceuticals,BLA,125561,,,Injectable,Injection,,,,,1/8/2015,12/8/2015,2015,,KANUMA is indicated for the treatment of patients with a diagnosis of Lysosomal Acid Lipase (LAL) deficiency.,Priority,Yes,No,Yes,Yes,N/A,RPD,No,
Alecensa,alectinib,Hoffmann-La Roche,NDA,208434,,,Capsule,Oral,,,,,7/6/2015,12/11/2015,2015,,"ALECENSA is indicated for the treatment of patients with anaplastic lymphoma kinase (ALK)-positive, metastatic non-small cell lung cancer (NSCLC) who have progressed on or are intolerant to crizotinib.
This indication is approved under accelerated approval based on tumor response rate and duration of response. Continued approval for this indication may be contingent upon verification and description of clinical benefit in a confirmatory trial.",Priority,Yes,Yes,Yes,No,No,No,No,
Bridion,sugammadex,Merck,NDA,22225,,,Solution,Intravenous,,,,,10/31/2007,12/15/2015,2015,,BRIDION is indicated for the reversal of neuromuscular blockade induced by rocuronium bromide and vecuronium bromide in adults undergoing surgery.,Priority,No,No,No,No,No,No,No,
Uptravi,selexipag,Actelion Pharmaceuticals,NDA,207947,,,Tablet,Oral,,,,,12/22/2014,12/21/2015,2015,,"UPTRAVI is indicated for the treatment of pulmonary arterial hypertension (PAH, WHO Group I) to delay disease progression and reduce the risk of hospitalization for PAH.
Effectiveness was established in a long-term study in PAH patients with WHO Functional Class II-III symptoms.
Patients had idiopathic and heritable PAH (58%), PAH associated with connective tissue disease (29%), PAH associated with congenital heart disease with repaired shunts (10%).",Standard,Yes,No,No,No,No,No,No,
Zurampic,lesinurad,Ardea Biosciences,NDA,207988,,,Tablet,Oral,,,,,12/29/2014,12/22/2015,2015,,"ZURAMPIC is indicated in combination with a xanthine oxidase inhibitor for the treatment of hyperuricemia associated with gout in patients who have not achieved target serum uric acid levels with a xanthine oxidase inhibitor alone.
Limitations of Use:
ZURAMPIC is not recommended for the treatment of asymptomatic hyperuricemia. 
ZURAMPIC should not be used as monotherapy.",Standard,No,No,No,No,No,No,No,
Zepatier,elbasvir and grazoprevir,Merck,NDA,208261,,,Tablet,Oral,,,,,5/28/2015,1/28/2016,2016,,ZEPATIER is indicated with or without ribavirin for the treatment of chronic hepatitis C virus (HCV) genotypes 1 or 4 infection in adults.,Priority,No,No,Yes,No,No,No,No,
Briviact,brivaracetam,UCB,NDA,205836,205837,205838,Tablet,Oral,Injectable,Injection,Solution,Oral,11/24/2014,2/18/2016,2016,,BRIVIACT is indicated as adjunctive therapy in the treatment of partial-onset seizures in patients 16 years of age and older with epilepsy.,Standard,No,No,No,No,No,No,No,
Anthim,obiltoxaximab,Elusys Therapeutics,BLA,125509,,,Injectable,Injection,,,,,3/20/2015,3/18/2016,2016,,"ANTHIM is indicated in adult and pediatric patients for the treatment of inhalational anthrax due to Bacillus anthracis in combination with appropriate antibacterial drugs. 
ANTHIM is indicated for prophylaxis of inhalational anthrax due to B. anthracis when alternative therapies are not available or not appropriate. 
Limitations of Use:
ANTHIM should only be used for prophylaxis when its benefit for prevention of inhalational anthrax outweighs the risk of hypersensitivity and anaphylaxis.
The effectiveness of ANTHIM is based solely on efficacy studies in animal models of inhalational anthrax. It is not ethical or feasible to conduct controlled clinical trials with intentional exposure of humans to anthrax.
Safety and PK of ANTHIM have been studied in adult healthy volunteers. There have been no studies of safety or PK of ANTHIM in the pediatric population. A population PK approach was used to derive intravenous infusion dosing regimens that are predicted to provide pediatric patients with exposure comparable to the observed exposure in adults.
ANTHIM binds to the protective antigen (PA) component of B. anthracis toxin; it does not have direct antibacterial activity. ANTHIM is not expected to cross the blood-brain barrier and does not prevent or treat meningitis. ANTHIM should be used in combination with appropriate antibacterial drugs.",Standard,Yes,No,No,Yes,N/A,No,No,
Taltz,ixekizumab,Eli Lilly,BLA,125521,,,Injectable,Injection,,,,,3/23/2015,3/22/2016,2016,,TALTZ is indicated for the treatment of adults with moderate-to-severe plaque psoriasis who are candidates for systemic therapy or phototherapy.,Standard,No,No,No,No,N/A,No,No,
Cinqair,reslizumab,Teva Respiratory,BLA,761033,,,Injectable,Injection,,,,,3/30/2015,3/23/2016,2016,,"CINQAIR is indicated for the add-on maintenance treatment of patients with severe asthma aged 18 years and older with an eosinophilic phenotype.
Limitation of Use:
- CINQAIR is not indicated for treatment of other eosinophilic conditions.
- CINQAIR is not indicated for the relief of acute bronchospasm or status asthmaticus.",Standard,No,No,No,No,N/A,No,No,
Defitelio,defibrotide sodium,Jazz Pharmaceuticals,NDA,208114,,,Solution,Intravenous,,,,,7/31/2015,3/30/2016,2016,,"DEFITELIO is indicated for the treatment of adult and pediatric patients with hepatic veno-occlusive disease (VOD), also known as sinusoidal obstruction syndrome (SOS), with renal or pulmonary dysfunction following hematopoietic stem-cell transplantation (HSCT).",Priority,Yes,No,No,Yes,No,No,No,
Venclexta,venetoclax,AbbVie,NDA,208573,,,Tablet,Oral,,,,,10/29/2015,4/11/2016,2016,,"VENCLEXTA is indicated for the treatment of patients with chronic lymphocytic leukemia (CLL) with 17p deletion, as detected by an FDA approved test, who have received at least one prior therapy.
This indication is approved under accelerated approval based on overall response rate. Continued approval for this indication may be contingent upon verification and description of clinical benefit in a confirmatory trial.",Priority,Yes,Yes,Yes,No,No,No,No,
Nuplazid,pimavanserin,Acadia Pharmaceuticals,NDA,207318,,,Tablet,Oral,,,,,9/1/2015,4/29/2016,2016,,NUPLAZID is indicated for the treatment of hallucinations and delusions associated with Parkinson’s disease psychosis.,Priority,No,No,Yes,No,No,No,No,
Tecentriq,atezolizumab,Genentech,BLA,761034,,,Injectable,Injection,,,,,1/12/2016,5/18/2016,2016,,"TECENTRIQ (atezolizumab) is indicated for the treatment of patients with locally advanced or metastatic urothelial carcinoma who:
- Have disease progression during or following platinum-containing chemotherapy
- Have disease progression within 12 months of neoadjuvant or adjuvant treatment with platinum-containing chemotherapy
This indication is approved under accelerated approval based on tumor response rate and durability of response. Continued approval for this indication may be contingent upon verification and description of clinical benefit in confirmatory trials.",Priority,No,Yes,Yes,No,N/A,No,No,
Zinbryta,daclizumab,Biogen,BLA,761029,,,Injectable,Injection,,,,,2/27/2015,5/27/2016,2016,,"ZINBRYTA is indicated for the treatment of adult patients with relapsing forms of multiple sclerosis (MS). Because of its safety profile, the use of ZINBRYTA should generally be reserved for patients who have had an inadequate response to two or more drugs indicated for the treatment of MS.",Standard,No,No,No,No,N/A,No,No,
Axumin,fluciclovine F 18,Blue Earth Diagnostics,NDA,208054,,,Solution,Intravenous,,,,,9/28/2015,5/27/2016,2016,,Axumin is indicated for positron emission tomography (PET) in men with suspected prostate cancer recurrence based on elevated blood prostate specific antigen (PSA) levels following prior treatment.,Priority,No,No,No,No,No,No,No,
Ocaliva,obeticholic acid,Intercept Pharmaceuticals,NDA,207999,,,Tablet,Oral,,,,,6/29/2015,5/27/2016,2016,,"OCALIVA is indicated for the treatment of primary biliary cholangitis (PBC) in combination with ursodeoxycholic acid (UDCA) in adults with an inadequate response to UDCA, or as monotherapy in adults unable to tolerate UDCA.
This indication is approved under accelerated approval based on a reduction in alkaline phosphatase (ALP). An improvement in survival or disease-related symptoms has not been established. Continued approval for this indication may be contingent upon verification and description of clinical benefit in confirmatory trials.",Priority,Yes,Yes,No,Yes,No,No,No,
Netspot,gallium Ga 68 dotatate,Advanced Accelerator Applications,NDA,208547,,,Powder,Intravenous,,,,,7/1/2015,6/1/2016,2016,,"NETSPOT, after radiolabeling with Ga 68, is indicated for use with positron emission tomography (PET) for localization of somatostatin receptor positive neuroendocrine tumors (NETs) in adult and pediatric patients.",Priority,Yes,No,No,No,No,No,No,
Epclusa,sofosbuvir and velpatasvir,Gilead Sciences,NDA,208341,,,Tablet,Oral,,,,,10/28/2015,6/28/2016,2016,,"EPCLUSA is indicated for the treatment of adult patients with chronic hepatitis C virus (HCV) genotype 1, 2, 3, 4, 5 or 6 infection:
- without cirrhosis or with compensated cirrhosis
- with decompensated cirrhosis for use in combination with ribavirin",Priority,No,No,Yes,Yes,No,No,No,
Xiidra,lifitegrast,Shire Development,NDA,208073,,,Solution/Drops,Ophthalmic,,,,,2/25/2015,7/11/2016,2016,,Xiidra (lifitegrast ophthalmic solution) 5% is indicated for the treatment of the signs and symptoms of dry eye disease (DED).,Priority,No,No,No,No,No,No,No,
Adlyxin,lixisenatide,Sanofi,BLA,208471,,,Solution,Subcutaneous,,,,,7/27/2015,7/27/2016,2016,,"ADLYXIN is indicated as an adjunct to diet and exercise to improve glycemic control in adults with type 2 diabetes mellitus.
Limitations of Use:
- ADLYXIN has not been studied in patients with chronic pancreatitis or a history of unexplained pancreatitis. Consider other antidiabetic therapies in patients with a history of pancreatitis.
- ADLYXIN is not a substitute for insulin. ADLYXIN is not indicated for use in patients with type 1 diabetes mellitus or for treatment of diabetic ketoacidosis.
- The concurrent use of ADLYXIN with short acting insulin has not been studied and is not recommended.
- ADLYXIN has not been studied in patients with gastroparesis and is not recommended in patients with gastroparesis. ",Standard,No,No,No,No,N/A,No,No,Transition Product from NDA to BLA due to BPCI : Please see page 2 of data dictionary for more information.
Exondys 51,eteplirsen,Sarepta Therapeutics,NDA,206488,,,Solution,Intravenous,,,,,6/26/2015,9/19/2016,2016,,EXONDYS 51 is indicated for the treatment of Duchenne muscular dystrophy (DMD) in patients who have a confirmed mutation of the DMD gene that is amenable to exon 51 skipping. This indication is approved under accelerated approval based on an increase in dystrophin in skeletal muscle observed in some patients treated with EXONDYS 51. A clinical benefit of EXONDYS 51 has not been established. Continued approval for this indication may be contingent upon verification of a clinical benefit in confirmatory trials.,Priority,Yes,Yes,No,Yes,No,RPD,No,
Lartruvo,olaratumab,Eli Lilly,BLA,761038,,,Injectable,Injection,,,,,2/24/2016,10/19/2016,2016,,"LARTRUVO is indicated, in combination with doxorubicin, for the treatment of adult patients with soft tissue sarcoma (STS) with a histologic subtype for which an anthracycline-containing regimen is appropriate and which is not amenable to curative treatment with radiotherapy or surgery.
This indication is approved under accelerated approval. Continued approval for this indication may be contingent upon verification and description of clinical benefit in the confirmatory trial.",Priority,Yes,Yes,Yes,Yes,N/A,No,No,
Zinplava,bezlotoxumab,Merck,BLA,761046,,,Injectable,Injection,,,,,11/23/2015,10/21/2016,2016,,"ZINPLAVA is indicated to reduce recurrence of Clostridium difficile infection (CDI) in patients 18 years of age or older who are receiving antibacterial drug treatment of CDI and are at a high risk for CDI recurrence.
Limitation of Use:
ZINPLAVA is not indicated for the treatment of CDI. ZINPLAVA is not an antibacterial drug. ZINPLAVA should only be used in conjunction with antibacterial drug treatment of CDI.",Priority,No,No,No,Yes,N/A,No,No,
Eucrisa,crisaborole,Anacor Pharmacueticals,NDA,207695,,,Ointment,Topical,,,,,1/7/2016,12/14/2016,2016,,EUCRISA is indicated for topical treatment of mild to moderate atopic dermatitis in patients 2 years of age and older.,Standard,No,No,No,No,No,No,No,
Rubraca,rucaparib,Clovis Oncology,NDA,209115,,,Tablet,Oral,,,,,6/23/2016,12/19/2016,2016,,"Rubraca is indicated as monotherapy for the treatment of patients with deleterious BRCA mutation (germline and/or somatic) associated advanced ovarian cancer who have been treated with two or more chemotherapies. Select patients for therapy based on an FDA-approved companion diagnostic for Rubraca.
This indication is approved under accelerated approval based on objective response rate and duration of response. Continued approval for this indication may be contingent upon verification and description of clinical benefit in confirmatory trials.",Priority,Yes,Yes,Yes,No,No,No,No,
Spinraza,nusinersen,Biogen,NDA,209531,,,Solution,Intrathecal,,,,,9/23/2016,12/23/2016,2016,,SPINRAZA is indicated for the treatment of spinal muscular atrophy (SMA) in pediatric and adult patients.,Priority,Yes,No,No,Yes,No,RPD,No,
Trulance,plecanatide,Synergy Pharmaceuticals,NDA,208745,,,Tablet,Oral,,,,,1/29/2016,1/19/2017,2017,,TRULANCE is indicated in adults for the treatment of chronic idiopathic constipation (CIC).,Standard,No,No,No,No,No,No,No,
Parsabiv,etelcalcetide,Amgen,NDA,208325,,,Solution,Intravenous,,,,,8/24/2015,2/7/2017,2017,,"PARSABIV is indicated for the treatment of secondary hyperparathyroidism (HPT) in adult patients with chronic kidney disease (CKD) on hemodialysis.
Limitations of Use:
PARSABIV has not been studied in adult patients with parathyroid carcinoma, primary hyperparathyroidism, or with chronic kidney disease who are not on hemodialysis and is not recommended for use in these populations.",Standard,No,No,No,No,No,No,No,
Emflaza,deflazacort,Marathon Pharmaceuticals,NDA,208684,208685,,Tablet,Oral,Solution,Oral,,,6/9/2016,2/9/2017,2017,,EMFLAZA is indicated for the treatment of Duchenne muscular dystrophy (DMD) in patients 5 years of age and older.,Priority,Yes,No,No,Yes,No,RPD,No,
Siliq,brodalumab,Valeant Pharmaceuticals,BLA,761032,,,Injectable,Injection,,,,,11/16/2015,2/15/2017,2017,,SILIQ is indicated for the treatment of moderate to severe plaque psoriasis in adult patients who are candidates for systemic therapy or phototherapy and have failed to respond or have lost response to other systemic therapies.,Standard,No,No,No,No,N/A,No,No,
Xermelo,telotristat ethyl,Lexicon Pharmaceuticals,NDA,208794,,,Tablet,Oral,,,,,3/30/2016,2/28/2017,2017,,Xermelo is indicated for the treatment of carcinoid syndrome diarrhea in combination with somatostatin analog (SSA) therapy in adults inadequately controlled by SSA therapy.,Priority,Yes,No,No,Yes,No,No,No,
Kisqali,ribociclib,Novartis Pharmaceuticals,NDA,209092,,,Tablet,Oral,,,,,8/29/2016,3/13/2017,2017,,"KISQALI is indicated in combination with an aromatase inhibitor as initial endocrine-based therapy for the treatment of postmenopausal women with hormone receptor (HR)-positive, human epidermal growth factor receptor 2 (HER2)- negative advanced or metastatic breast cancer.",Priority,No,No,Yes,No,No,No,No,
Xadago,safinamide,Newron Pharmaceuticals,NDA,207145,,,Tablet,Oral,,,,,12/29/2014,3/21/2017,2017,,"XADAGO is indicated as adjunctive treatment to levodopa/carbidopa in patients with Parkinson’s disease (PD) experiencing “off” episodes.
Limitations of Use:
XADAGO has not been shown to be effective as monotherapy for the treatment of PD.",Standard,No,No,No,No,No,No,No,
Bavencio,avelumab,EMD Serono,BLA,761049,,,Injectable,Injection,,,,,9/23/2016,3/23/2017,2017,,"BAVENCIO is indicated for the treatment of adults and pediatric patients 12 years and older with metastatic Merkel cell carcinoma (MCC).
This indication is approved under accelerated approval based on tumor response and duration of response. Continued approval for this indication may be contingent upon verification and description of clinical benefit in confirmatory trials.",Priority,Yes,Yes,Yes,Yes,N/A,No,No,
Symproic,naldemedine,Shionogi,NDA,208854,,,Tablet,Oral,,,,,3/23/2016,3/23/2017,2017,,Symproic is indicated for the treatment of opioid-induced constipation (OIC) in adult patients with chronic non-cancer pain.,Standard,No,No,No,No,No,No,No,
Zejula,niraparib,Tesaro,NDA,208447,,,Capsule,Oral,,,,,10/31/2016,3/27/2017,2017,,"ZEJULA is indicated for the maintenance treatment of adult patients with recurrent epithelial ovarian, fallopian tube, or primary peritoneal cancer who are in a complete or partial response to platinum-based chemotherapy.",Priority,Yes,No,Yes,Yes,No,No,No,
Ocrevus,ocrelizumab,Genentech,BLA,761053,,,Injectable,Injection,,,,,4/28/2016,3/28/2017,2017,,OCREVUS is indicated for the treatment of adult patients with relapsing or primary progressive forms of multiple sclerosis.,Priority,No,No,Yes,Yes,N/A,No,No,
Dupixent,dupilumab,Regeneron Pharmaceuticals,BLA,761055,,,Injectable,Injection,,,,,7/29/2016,3/28/2017,2017,,DUPIXENT is indicated for the treatment of adult patients with moderate-to-severe atopic dermatitis whose disease is not adequately controlled with topical prescription therapies or when those therapies are not advisable. DUPIXENT can be used with or without topical corticosteroids.,Priority,No,No,Yes,No,N/A,No,No,
Austedo,deutetrabenazine,Teva Pharmaceuticals,NDA,208082,,,Tablet,Oral,,,,,5/29/2015,4/3/2017,2017,,AUSTEDO is indicated for the treatment of chorea associated with Huntington’s disease.,Standard,Yes,No,No,No,No,No,No,
Ingrezza,valbenazine,Neurocrine Biosciences,NDA,209241,,,Capsule,Oral,,,,,8/11/2016,4/11/2017,2017,,INGREZZA is indicated for the treatment of adults with tardive dyskinesia.,Priority,No,No,Yes,Yes,No,No,No,
Brineura,cerliponase alfa,BioMarin Pharmaceutical,BLA,761052,,,Injectable,Injection,,,,,5/27/2016,4/27/2017,2017,,"Brineura is indicated to slow the loss of ambulation in symptomatic pediatric patients 3 years of age and older with late infantile neuronal ceroid lipofuscinosis type 2 (CLN2), also known as tripeptidyl peptidase 1 (TPP1) deficiency.",Priority,Yes,No,Yes,No,N/A,RPD,No,
Rydapt,midostaurin,Novartis Pharmaceuticals,NDA,207997,,,Capsule,Oral,,,,,8/29/2016,4/28/2017,2017,,"[A] RYDAPT is indicated, in combination with standard cytarabine and daunorubicin induction and cytarabine consolidation chemotherapy, for the treatment of adult patients with newly diagnosed acute myeloid leukemia (AML) who are FLT3 mutation-positive, as detected by a FDA approved test.
Limitations of Use:  RYDAPT is not indicated as a single-agent induction therapy for the treatment of patients with AML.
[B] RYDAPT is indicated for the treatment of adult patients with aggressive systemic mastocytosis (ASM), systemic mastocytosis with associated hematological neoplasm (SM-AHN), or mast cell leukemia (MCL).",Priority,Yes,No,Yes (indication [A] only),Yes (indication [B] only),No,No,No,
Tymlos,abaloparatide,Radius Health,NDA,208743,,,Solution,Subcutaneous,,,,,3/30/2016,4/28/2017,2017,,"TYMLOS is indicated for the treatment of postmenopausal women with osteoporosis at high risk for fracture defined as a history of osteoporotic fracture, multiple risk factors for fracture, or patients who have failed or are intolerant to other available osteoporosis therapy. In postmenopausal women with osteoporosis, TYMLOS reduces the risk of vertebral fractures and nonvertebral fractures.
Limitations of Use:
Because of the unknown relevance of the rodent osteosarcoma findings to humans, cumulative use of TYMLOS and parathyroid hormone analogs (e.g., teriparatide) for more than 2 years during a patient’s lifetime is not recommended.",Standard,No,No,No,No,No,No,No,
Alunbrig,brigatinib,Ariad Pharmaceuticals,NDA,208772,,,Tablet,Oral,,,,,8/29/2016,4/28/2017,2017,,"ALUNBRIG is indicated for the treatment of patients with anaplastic lymphoma kinase (ALK)-positive metastatic non-small cell lung cancer (NSCLC) who have progressed on or are intolerant to crizotinib.
This indication is approved under accelerated approval based on tumor response rate and duration of response. Continued approval for this indication may be contingent upon verification and description of clinical benefit in a confirmatory trial.",Priority,Yes,Yes,Yes,No,No,No,No,
Imfinzi,durvalumab,AstraZeneca UK Limited,BLA,761069,,,Injectable,Injection,,,,,10/13/2016,5/1/2017,2017,,"IMFINZI is indicated for the treatment of patients with locally advanced or metastatic urothelial carcinoma who:
- have disease progression during or following platinum-containing chemotherapy.
- have disease progression within 12 months of neoadjuvant or adjuvant treatment with platinum-containing chemotherapy.
This indication is approved under accelerated approval based on tumor response rate and duration of response. Continued approval for this indication may be contingent upon verification and description of clinical benefit in confirmatory trials.",Priority,No,Yes,Yes,No,N/A,No,No,
Radicava,edaravone,Mitsubishi Tanabe Pharma Development,NDA,209176,,,Solution,Intravenous,,,,,6/16/2016,5/5/2017,2017,,RADICAVA is indicated for the treatment of amyotrophic lateral sclerosis (ALS).,Standard,Yes,No,No,No,No,No,No,
Kevzara,sarilumab,Sanofi,BLA,761037,,,Injectable,Injection,,,,,10/30/2015,5/22/2017,2017,,KEVZARA is indicated for treatment of adult patients with moderately to severely active rheumatoid arthritis (RA) who have had an inadequate response or intolerance to one or more disease-modifying antirheumatic drugs (DMARDs).,Standard,No,No,No,No,N/A,No,No,
Baxdela,delafloxacin,Melinta Therapeutics,NDA,208610,208611,,Tablet,Oral,Injectable,Injection,,,10/19/2016,6/19/2017,2017,,"BAXDELA is indicated in adults for the treatment of acute bacterial skin and skin structure infections (ABSSSI) caused by susceptible isolates of the following:
Gram-positive organisms: Staphylococcus aureus (including methicillin-resistant [MRSA] and methicillinsusceptible [MSSA] isolates), Staphylococcus haemolyticus, Staphylococcus lugdunensis, Streptococcus agalactiae, Streptococcus anginosus Group (including Streptococcus anginosus, Streptococcus intermedius, and Streptococcus constellatus), Streptococcus pyogenes, and Enterococcus faecalis.
Gram-negative organisms: Escherichia coli, Enterobacter cloacae, Klebsiella pneumoniae, and Pseudomonas aeruginosa.
Usage:
To reduce the development of drug-resistant bacteria and maintain the effectiveness of BAXDELA and other antibacterial drugs, BAXDELA should be used only to treat infections that are proven or strongly suspected to be caused by susceptible bacteria. When culture and susceptibility information are available, they should be considered in selecting or modifying antibacterial therapy. In the absence of such data, local epidemiology and susceptibility patterns may contribute to the empiric selection of therapy.",Priority,No,No,No,Yes,Yes,No,No,
Bevyxxa,betrixaban,Portola Pharmaceuticals,NDA,208383,,,Capsule,Oral,,,,,10/24/2016,6/23/2017,2017,,"BEVYXXA is indicated for the prophylaxis of venous thromboembolism (VTE) in adult patients hospitalized for an acute medical illness who are at risk for thromboembolic complications due to moderate or severe restricted mobility and other risk factors for VTE.
Limitations of Use:
The safety and effectiveness of BEVYXXA have not been established in patients with prosthetic heart valves because this population has not been studied.",Priority,No,No,No,Yes,No,No,No,
Tremfya,guselkumab,Janssen Biotech,BLA,761061,,,Injectable,Injection,,,,,11/16/2016,7/13/2017,2017,,TREMFYA is indicated for the treatment of adults with moderate-to-severe plaque psoriasis who are candidates for systemic therapy or phototherapy.,Priority (used priority review voucher),No,No,No,No,N/A,No,Yes,
Nerlynx,neratinib,Puma Biotechnology,NDA,208051,,,Tablet,Oral,,,,,7/19/2016,7/17/2017,2017,,"NERLYNX is indicated for the extended adjuvant treatment of adult patients with early stage HER2-overexpressed/amplified breast cancer, to follow adjuvant trastuzumab based therapy.",Standard,No,No,No,No,No,No,No,
Vosevi,"sofosbuvir, velpatasvir, voxilaprevir",Gilead Sciences,NDA,209195,,,Tablet,Oral,,,,,12/8/2016,7/18/2017,2017,,"VOSEVI is indicated for the treatment of adult patients with chronic hepatitis C virus (HCV) infection without cirrhosis or with compensated cirrhosis (Child-Pugh A) who have: 
- genotype 1, 2, 3, 4, 5, or 6 infection and have previously been treated with an HCV regimen containing an NS5A inhibitor. 
- genotype 1a or 3 infection and have previously been treated with an HCV regimen containing sofosbuvir without an NS5A inhibitor.
-- Additional benefit of VOSEVI over sofosbuvir/velpatasvir was not shown in adults with genotype 1b, 2, 4, 5, or 6 infection previously treated with sofosbuvir without an NS5A inhibitor.",Priority,No,No,No,No,No,No,No,
Idhifa,enasidenib,Celgene,NDA,209606,,,Tablet,Oral,,,,,12/30/2016,8/1/2017,2017,,IDHIFA is indicated for the treatment of adult patients with relapsed or refractory acute myeloid leukemia (AML) with an isocitrate dehydrogenase-2 (IDH2) mutation as detected by an FDA-approved test.,Priority,Yes,No,No,Yes,No,No,No,
Mavyret,"glecaprevir, pibrentasvir",AbbVie,NDA,209394,,,Tablet,Oral,,,,,12/14/2016,8/3/2017,2017,,"MAVYRET is indicated for the treatment of adult patients with chronic hepatitis C virus (HCV) genotype 1, 2, 3, 4, 5 or 6 infection without cirrhosis or with compensated cirrhosis (Child-Pugh A). MAVYRET is also indicated for the treatment of adult patients with HCV genotype 1 infection, who previously have been treated with a regimen containing an HCV NS5A inhibitor or an NS3/4A protease inhibitor (PI), but not both.",Priority,No,No,Yes,Yes,No,No,No,
Besponsa,inotuzumab ozogamicin,Pfizer,BLA,761040,,,Injectable,Injection,,,,,12/20/2016,8/17/2017,2017,,BESPONSA is indicated for the treatment of adults with relapsed or refractory B-cell precursor acute lymphoblastic leukemia (ALL).,Priority,Yes,No,Yes,No,N/A,No,No,
Vabomere,meropenem and vaborbactam,The Medicines Company,NDA,209776,,,Powder,Intravenous,,,,,12/29/2016,8/29/2017,2017,,"VABOMERE is indicated for the treatment of patients 18 years of age and older with complicated urinary tract infections (cUTI) including pyelonephritis caused by the following susceptible microorganisms: Escherichia coli, Klebsiella pneumoniae, and Enterobacter cloacae species complex.
Usage:
To reduce the development of drug-resistant bacteria and maintain the effectiveness of VABOMERE and other antibacterial drugs, VABOMERE should be used only to treat or prevent infections that are proven or strongly suspected to be caused by susceptible bacteria. When culture and susceptibility information are available, they should be considered in selecting or modifying antibacterial therapy. In the absence of such data, local epidemiology and susceptibility patterns may contribute to the empiric selection of therapy.",Priority,No,No,No,Yes,Yes,No,No,
[drug marketed without a proprietary name],benznidazole,"Chemo Research, S.L.",NDA,209570,,,Tablet,Oral,,,,,12/29/2016,8/29/2017,2017,,"Benznidazole Tablets are indicated in pediatric patients 2 to 12 years of age for the treatment of Chagas disease (American trypanosomiasis) caused by Trypanosoma cruzi.
This indication is approved under accelerated approval based on the number of treated patients who became Immunoglobulin G (IgG) antibody negative against the recombinant antigens of T. cruzi. Continued approval for this indication may be contingent upon verification and description of clinical benefit in confirmatory trials.",Priority,Yes,Yes,No,No,No,TD,No,
Aliqopa,copanlisib,Bayer HealthCare Pharmaceuticals,NDA,209936,,,Powder,Intravenous,,,,,3/16/2017,9/14/2017,2017,,"ALIQOPA is indicated for the treatment of adult patients with relapsed follicular lymphoma (FL) who have received at least two prior systemic therapies. 
Accelerated approval was granted for this indication based on overall response rate. Continued approval for this indication may be contingent upon verification and description of clinical benefit in a confirmatory trial.",Priority,Yes,Yes,No,Yes,No,No,No,
Solosec,secnidazole,Symbiomix Therapeutics,NDA,209363,,,Granule,Oral,,,,,1/17/2017,9/15/2017,2017,,"SOLOSEC is indicated for the treatment of bacterial vaginosis in adult women.
Usage:
To reduce the development of drug-resistant bacteria and maintain the effectiveness of SOLOSEC and other antibacterial drugs, SOLOSEC should be used only to treat or prevent infections that are proven or strongly suspected to be caused by susceptible bacteria. When culture and susceptibility information are available, they should be considered in selecting or modifying antibacterial therapy. In the absence of such data, local epidemiology and susceptibility patterns may contribute to the empiric selection of therapy.",Priority,No,No,No,Yes,Yes,No,No,
Verzenio,abemaciclib,Eli Lilly,NDA,208716,,,Tablet,Oral,,,,,5/5/2017,9/28/2017,2017,,"VERZENIO (abemaciclib) is indicated:
- in combination with fulvestrant for the treatment of women with hormone receptor (HR)-positive, human epidermal growth factor receptor 2 (HER2)-negative advanced or metastatic breast cancer with disease progression following endocrine therapy.
- as monotherapy for the treatment of adult patients with HR-positive, HER2-negative advanced or metastatic breast cancer with disease progression following endocrine therapy and prior chemotherapy in the metastatic setting.",Priority,No,No,Yes,Yes,No,No,No,
Calquence,acalabrutinib,Acerta Pharma B.V.,NDA,210259,,,Capsule,Oral,,,,,6/13/2017,10/31/2017,2017,,"CALQUENCE is indicated for the treatment of adult patients with mantle cell lymphoma (MCL) who have received at least one prior therapy.
This indication is approved under accelerated approval based on overall response rate. Continued approval for this indication may be contingent upon verification and description of clinical benefit in confirmatory trials.",Priority,Yes,Yes,Yes,No,No,No,No,
Vyzulta,latanoprostene bunod,Bausch & Lomb,NDA,207795,,,Solution/Drops,Ophthalmic,,,,,7/21/2015,11/2/2017,2017,,VYZULTA (latanoprostene bunod ophthalmic solution) 0.024% is indicated for the reduction of intraocular pressure (IOP) in patients with open-angle glaucoma or ocular hypertension.,Standard,No,No,No,No,No,No,No,
Prevymis,letermovir,Merck,NDA,209939,209940,,Tablet,Oral,Injectable,Injection,,,3/8/2017,11/8/2017,2017,,PREVYMIS is indicated for prophylaxis of cytomegalovirus (CMV) infection and disease in adult CMV-seropositive recipients [R+] of an allogeneic hematopoietic stem cell transplant (HSCT).,Priority,Yes,No,Yes,Yes,No,No,No,
Fasenra,benralizumab,AstraZeneca Pharmaceuticals,BLA,761070,,,Injectable,Injection,,,,,11/16/2016,11/14/2017,2017,,"FASENRA is indicated for the add-on maintenance treatment of patients with severe asthma aged 12 years and older, and with an eosinophilic phenotype.
Limitations of use:
- FASENRA is not indicated for treatment of other eosinophilic conditions.
- FASENRA is not indicated for the relief of acute bronchospasm or status asthmaticus.",Standard,No,No,No,No,N/A,No,No,
Mepsevii,vestronidase alfa-vjbk,Ultragenyx Pharmaceutical,BLA,761047,,,Injectable,Injection,,,,,3/16/2017,11/15/2017,2017,,"MEPSEVII is indicated in pediatric and adult patients for the treatment of Mucopolysaccharidosis VII (MPS VII, Sly syndrome).
Limitations of Use:
The effect of MEPSEVII on the central nervous system manifestations of MPS VII has not been determined.",Priority,Yes,No,No,Yes,N/A,RPD,No,
Hemlibra,emicizumab-kxwh,Genentech,BLA,761083,,,Injectable,Injection,,,,,6/23/2017,11/16/2017,2017,,HEMLIBRA is indicated for routine prophylaxis to prevent or reduce the frequency of bleeding episodes in adult and pediatric patients with hemophilia A (congenital factor VIII deficiency) with factor VIII inhibitors.,Priority,Yes,No,Yes,No,N/A,No,No,
Ozempic,semaglutide,Novo Nordisk,NDA,209637,,,Solution,Subcutaneous,,,,,12/5/2016,12/5/2017,2017,,"OZEMPIC is indicated as an adjunct to diet and exercise to improve glycemic control in adults with type 2 diabetes mellitus.
Limitations of Use:
- OZEMPIC is not recommended as a first-line therapy for patients who have inadequate glycemic control on diet and exercise because of the uncertain relevance of rodent C-cell tumor findings to humans.
- OZEMPIC has not been studied in patients with a history of pancreatitis. Consider other antidiabetic therapies in patients with a history of pancreatitis.
- OZEMPIC is not a substitute for insulin. OZEMPIC is not indicated for use in patients with type 1 diabetes mellitus or for the treatment of patients with diabetic ketoacidosis, as it would not be effective in these settings.",Standard,No,No,No,No,No,No,No,
Xepi,ozenoxacin,Ferrer Internacional S.A.,NDA,208945,,,Cream,Topical,,,,,6/23/2016,12/11/2017,2017,,XEPI is indicated for the topical treatment of impetigo due to Staphylococcus aureus or Streptococcus pyogenes in adult and pediatric patients 2 months of age and older.,Standard,No,No,No,No,No,No,No,
Rhopressa,netarsudil,Aerie Pharmaceuticals,NDA,208254,,,Solution/Drops,Ophthalmic,,,,,2/28/2017,12/18/2017,2017,,RHOPRESSA (netarsudil ophthalmic solution) 0.02% is indicated for the reduction of elevated intraocular pressure (IOP) in patients with open-angle glaucoma or ocular hypertension.,Standard,No,No,No,No,No,No,No,
Steglatro,ertugliflozin,Merck Sharp & Dohme,NDA,209803,,,Tablet,Oral,,,,,12/19/2016,12/19/2017,2017,,"STEGLATRO is indicated as an adjunct to diet and exercise to improve glycemic control in adults with type 2 diabetes mellitus.
Limitations of Use:
- STEGLATRO is not recommended in patients with type 1 diabetes mellitus or for the treatment of diabetic ketoacidosis.",Standard,No,No,No,No,No,No,No,
Macrilen,macimorelin,Aeterna Zentaris GmBH,NDA,205598,,,For Solution,Oral,,,,,11/5/2013,12/20/2017,2017,,"MACRILEN is indicated for the diagnosis of adult growth hormone deficiency (AGHD).
Limitations of Use:
The safety and diagnostic performance of MACRILEN have not been established for subjects with a body mass index (BMI) > 40 kg/m2.",Standard,Yes,No,No,No,No,No,No,
Giapreza,angiotensin II,La Jolla Pharmaceuticals,NDA,209360,,,Solution,Intravenous,,,,,6/29/2017,12/21/2017,2017,,GIAPREZA increases blood pressure in adults with septic or other distributive shock.,Priority,No,No,No,No,No,No,No,
Lutathera,lutetium Lu 177 dotatate,Advanced Accelerator Applications,NDA,208700,,,Solution,Intravenous,,,,,4/28/2016,1/26/2018,2018,,"LUTATHERA is indicated for the treatment of somatostatin receptor-positive gastroenteropancreatic neuroendocrine tumors (GEP-NETs), including foregut, midgut, and hindgut neuroendocrine tumors in adults.",Priority,Yes,No,No,Yes,No,No,No,
Biktarvy,"bictegravir, emtricitabine, tenofovir alafenamide",Gilead Sciences,NDA,210251,,,Tablet,Oral,,,,,6/12/2017,2/7/2018,2018,,BIKTARVY is indicated as a complete regimen for the treatment of human immunodeficiency virus type 1 (HIV-1) infection in adults who have no antiretroviral treatment history or to replace the current antiretroviral regimen in those who are virologically-suppressed (HIV-1 RNA less than 50 copies per mL) on a stable antiretroviral regimen for at least 3 months with no history of treatment failure and no known substitutions associated with resistance to the individual components of BIKTARVY.,Priority (used priority review voucher),No,No,No,No,No,No,Yes,
Symdeko,"tezacaftor, ivacaftor; ivacaftor (co-packaged)",Vertex Pharmaceuticals,NDA,210491,,,"Tablet, Tablet",Oral,,,,,6/28/2017,2/12/2018,2018,,"SYMDEKO is indicated for the treatment of patients with cystic fibrosis (CF) aged 12 years and older who are homozygous for the F508del mutation or who have at least one mutation in the cystic fibrosis transmembrane conductance regulator (CFTR) gene that is responsive to tezacaftor/ivacaftor based on in vitro data and/or clinical evidence.
If the patient’s genotype is unknown, an FDA-cleared CF mutation test should be used to detect the presence of a CFTR mutation followed by verification with bi-directional sequencing when recommended by the mutation test instructions for use.",Priority,Yes,No,Yes,Yes,No,RPD,No,
Erleada,apalutamide,Janssen Biotech,NDA,210951,,,Tablet,Oral,,,,,10/10/2017,2/14/2018,2018,,"ERLEADA is indicated for the treatment of patients with non-metastatic, castration-resistant prostate cancer (NM-CRPC).",Priority,No,No,No,Yes,No,No,No,
Trogarzo,ibalizumab-uiyk,TaiMed Biologics,BLA,761065,,,Injectable,Injection,,,,,5/3/2017,3/6/2018,2018,,"TROGARZO, in combination with other antiretroviral(s), is indicated for the treatment of human immunodeficiency virus type 1 (HIV-1) infection in heavily treatment-experienced adults with multidrug resistant HIV-1 infection failing their current antiretroviral regimen.",Priority,Yes,No,Yes,Yes,N/A,No,No,
Ilumya,tildrakizumab-asmn,Merck Sharp & Dohme,BLA,761067,,,Injectable,Injection,,,,,3/23/2017,3/20/2018,2018,,ILUMYA is indicated for the treatment of adults with moderate-to-severe plaque psoriasis who are candidates for systemic therapy or phototherapy.,Standard,No,No,No,No,N/A,No,No,
Crysvita,burosumab-twza,Ultragenyx Pharmaceutical,BLA,761068,,,Injectable,Injection,,,,,8/17/2017,4/17/2018,2018,,CRYSVITA is indicated for the treatment of X-linked hypophosphatemia (XLH) in adult and pediatric patients 1 year of age and older.,Priority,Yes,No,Yes,Yes,N/A,RPD,No,
Tavalisse,fostamatinib disodium hexahydrate,Rigel Pharmaceuticals,NDA,209299,,,Tablet,Oral,,,,,4/17/2017,4/17/2018,2018,,TAVALISSE is indicated for the treatment of thrombocytopenia in adult patients with chronic immune thrombocytopenia (ITP) who have had an insufficient response to a previous treatment.,Standard,Yes,No,No,No,No,No,No,
Akynzeo,fosnetupitant and palonosetron,Helsinn Healthcare,NDA,210493,,,Powder,Intravenous,,,,,4/20/2017,4/19/2018,2018,,"AKYNZEO capsules is indicated in combination with dexamethasone in adults for the prevention of acute and delayed nausea and vomiting associated with initial and repeat courses of cancer chemotherapy, including, but not limited to, highly emetogenic chemotherapy. AKYNZEO capsules is a combination of palonosetron and netupitant: palonosetron prevents nausea and vomiting during the acute phase and netupitant prevents nausea and vomiting during both the acute and delayed phase after cancer chemotherapy.
AKYNZEO for injection is indicated in combination with dexamethasone in adults for the prevention of acute and delayed nausea and vomiting associated with initial and repeat courses of highly emetogenic cancer chemotherapy. AKYNZEO for injection is a combination of palonosetron and fosnetupitant, a prodrug of netupitant: palonosetron prevents nausea and vomiting during the acute phase and fosnetupitant prevents nausea and vomiting during both the acute and delayed phase after cancer chemotherapy.
Limitations of Use:
AKYNZEO for injection has not been studied for the prevention of nausea and vomiting associated with anthracycline plus cyclophosphamide chemotherapy.",Standard,No,No,No,No,No,No,No,
Lucemyra,lofexidine,US World Meds,NDA,209229,,,Tablet,Oral,,,,,9/26/2017,5/16/2018,2018,,LUCEMYRA is indicated for mitigation of opioid withdrawal symptoms to facilitate abrupt opioid discontinuation in adults.,Priority,No,No,No,Yes,No,No,No,
Aimovig,erenumab-aooe,Amgen,BLA,761077,,,Injectable,Injection,,,,,5/17/2017,5/17/2018,2018,,AIMOVIG is indicated for the preventive treatment of migraine in adults.,Standard,No,No,No,No,N/A,No,No,
Lokelma,sodium zirconium cyclosilicate,AstraZeneca Pharmaceuticals,NDA,207078,,,For Suspension,Oral,,,,,5/26/2015,5/18/2018,2018,,"LOKELMA is indicated for the treatment of hyperkalemia in adults.
Limitation of Use:
LOKELMA should not be used as an emergency treatment for life-threatening hyperkalemia because of its delayed onset of action.",Standard,No,No,No,No,No,No,No,
Doptelet,avatrombopag,Dova Pharmaceuticals,NDA,210238,,,Tablet,Oral,,,,,9/21/2017,5/21/2018,2018,,DOPTELET (avatrombopag) is indicated for the treatment of thrombocytopenia in adult patients with chronic liver disease who are scheduled to undergo a procedure.,Priority,No,No,No,No,No,No,No,
Palynziq,pegvaliase-pqpz,BioMarin Pharmaceutical,BLA,761079,,,Injectable,Injection,,,,,6/30/2017,5/24/2018,2018,,Palynziq is indicated to reduce blood phenylalanine concentrations in adult patients with phenylketonuria (PKU) who have uncontrolled blood phenylalanine concentrations greater than 600 micromol/L on existing management.,Priority,Yes,No,No,Yes,N/A,No,No,
Olumiant,baricitinib,Eli Lilly,NDA,207924,,,Tablet,Oral,,,,,1/15/2016,5/31/2018,2018,,"OLUMIANT (baricitinib) is indicated for the treatment of adult patients with moderately to severely active rheumatoid arthritis who have had an inadequate response to one or more tumor necrosis factor (TNF) antagonist therapies.
Limitation of Use: Use of OLUMIANT in combination with other JAK inhibitors, biologic disease-modifying antirheumatic drugs (DMARDs), or with potent immunosuppressants such as azathioprine and cyclosporine is not recommended.",Standard,No,No,No,No,No,No,No,
[drug marketed without a proprietary name],moxidectin,Medicines Development For Global Health,NDA,210867,,,Tablet,Oral,,,,,10/13/2017,6/13/2018,2018,,"Moxidectin Tablets are indicated for the treatment of onchocerciasis due to Onchocerca volvulus in patients aged 12 years and older.
Limitations of Use:
Moxidectin Tablets do not kill adult O. volvulus. Follow-up evaluation is advised.
The safety and efficacy of repeat administration of Moxidectin Tablets in patients with O. volvulus has not been studied.",Priority,Yes,No,No,No,No,TD,No,
Zemdri,plazomicin,Achaogen,NDA,210303,,,Solution,Intravenous,,,,,10/25/2017,6/25/2018,2018,,"ZEMDRI is indicated in patients 18 years of age or older for the treatment of complicated urinary tract infections (cUTI), including pyelonephritis caused by the following susceptible microorganism(s): Escherichia coli, Klebsiella pneumoniae, Proteus mirabilis, and Enterobacter cloacae.
As only limited clinical safety and efficacy data for ZEMDRI are currently available, reserve ZEMDRI for use in cUTI patients who have limited or no alternative treatment options.
Usage:
To reduce the development of drug resistant bacteria and maintain the effectiveness of ZEMDRI and other antibacterial drugs, ZEMDRI should be used only to treat or prevent infections that are proven or strongly suspected to be caused by susceptible bacteria. When culture and susceptibility information are available, they should be considered in selecting or modifying antibacterial therapy. In the absence of such data, local epidemiology and susceptibility patterns may contribute to the empiric selection of therapy.",Priority,No,No,No,No,Yes,No,No,
Epidiolex,cannabidiol,GW Pharmaceuticals,NDA,210365,,,Solution,Oral,,,,,10/27/2017,6/25/2018,2018,,EPIDIOLEX is indicated for the treatment of seizures associated with [A] Lennox-Gastaut syndrome (LGS) or [B] Dravet syndrome (DS) in patients 2 years of age and older.,Priority,Yes,No,No,Yes (indication [B] only),No,RPD,No,
Braftovi,encorafenib,Array Biopharma,NDA,210496,,,Capsule,Oral,,,,,6/30/2017,6/27/2018,2018,,"BRAFTOVI is indicated, in combination with binimetinib, for the treatment of patients with unresectable or metastatic melanoma with a BRAF V600E or V600K mutation, as detected by an FDA-approved test.
Limitations of Use: BRAFTOVI is not indicated for treatment of patients with wild-type BRAF melanoma.",Standard,Yes,No,No,No,No,No,No,
Mektovi,binimetinib,Array Biopharma,NDA,210498,,,Tablet,Oral,,,,,6/30/2017,6/27/2018,2018,,"MEKTOVI is indicated, in combination with encorafenib, for the treatment of patients with unresectable or metastatic melanoma with a BRAF V600E or V600K mutation, as detected by an FDA-approved test.",Standard,Yes,No,No,No,No,No,No,
Tpoxx,tecovirimat,SIGA Technologies,NDA,208627,,,Capsule,Oral,,,,,12/8/2017,7/13/2018,2018,,"TPOXX is indicated for the treatment of human smallpox disease caused by variola virus in adults and pediatric patients weighing at least 13 kg.
Limitations of Use:
The effectiveness of TPOXX for treatment of smallpox disease has not been determined in humans because adequate and well-controlled field trials have not been feasible, and inducing smallpox disease in humans to study the drug’s efficacy is not ethical.
TPOXX efficacy may be reduced in immunocompromised patients based on studies demonstrating reduced efficacy in immunocompromised animal models.",Priority,Yes,No,No,Yes,No,MTMC,No,
Krintafel,tafenoquine,GlaxoSmithKline,NDA,210795,,,Tablet,Oral,,,,,11/22/2017,7/20/2018,2018,,"KRINTAFEL is indicated for the radical cure (prevention of relapse) of Plasmodium vivax malaria in patients aged 16 years and older who are receiving appropriate antimalarial therapy for acute P. vivax infection.
Limitation of Use:
KRINTAFEL is NOT indicated for the treatment of acute P. vivax malaria.",Priority,Yes,No,Yes,No,No,TD,No,
Tibsovo,ivosidenib,Agios Pharmaceuticals,NDA,211192,,,Tablet,Oral,,,,,12/21/2017,7/20/2018,2018,,TIBSOVO is indicated for the treatment of adult patients with relapsed or refractory acute myeloid leukemia (AML) with a susceptible isocitrate dehydrogenase-1 (IDH1) mutation as detected by an FDA-approved test.,Priority,Yes,No,No,Yes,No,No,No,
Orilissa,elagolix,AbbVie,NDA,210450,,,Tablet,Oral,,,,,8/23/2017,7/23/2018,2018,,ORILISSA is indicated for the management of moderate to severe pain associated with endometriosis.,Priority,No,No,No,No,No,No,No,
Omegaven,fish oil triglycerides,Fresenius Kabi,NDA,210589,,,Emulsion,Intravenous,,,,,12/1/2017,7/27/2018,2018,,"Omegaven is indicated as a source of calories and fatty acids in pediatric patients with parenteral nutrition-associated cholestasis (PNAC).
Limitations of Use:
- Omegaven is not indicated for the prevention of PNAC. It has not been demonstrated that Omegaven prevents PNAC in parenteral nutrition (PN)-dependent patients.
- It has not been demonstrated that the clinical outcomes observed in patients treated with Omegaven are a result of the omega-6:omega-3 fatty acid ratio of the product.",Priority,Yes,No,No,Yes,No,No,No,
Mulpleta,lusutrombopag,Shionogi,NDA,210923,,,Tablet,Oral,,,,,12/26/2017,7/31/2018,2018,,MULPLETA is indicated for the treatment of thrombocytopenia in adult patients with chronic liver disease who are scheduled to undergo a procedure.,Priority,No,No,No,Yes,No,No,No,
Poteligeo,mogamulizumab-kpkc,Kyowa Kirin Pharmaceutical Development,BLA,761051,,,Injectable,Injection,,,,,10/4/2017,8/8/2018,2018,,POTELIGEO is indicated for the treatment of adult patients with relapsed or refractory mycosis fungoides (MF) or Sezary syndrome (SS) after at least one prior systemic therapy.,Priority,Yes,No,Yes,No,N/A,No,No,
Galafold,migalastat,Amicus Therapeutics,NDA,208623,,,Capsule,Oral,,,,,12/13/2017,8/10/2018,2018,,"GALAFOLD is indicated for the treatment of adults with a confirmed diagnosis of Fabry disease and an amenable galactosidase alpha gene (GLA) variant based on in vitro assay data.
This indication is approved under accelerated approval based on reduction in kidney interstitial capillary cell globotriaosylceramide (KIC GL-3) substrate. Continued approval for this indication may be contingent upon verification and description of clinical benefit in confirmatory trials.",Priority,Yes,Yes,No,Yes,No,No,No,
Annovera,"segesterone acetate, ethinyl estradiol",The Population Council,NDA,209627,,,Ring,Vaginal,,,,,8/17/2017,8/10/2018,2018,,"ANNOVERA is indicated for use by females of reproductive potential to prevent pregnancy.
Limitation of Use:
ANNOVERA has not been adequately studied in females with a BMI >29 kg/m2.",Standard,No,No,No,No,No,No,No,
Onpattro,patisiran,Alnylam Pharmaceuticals,NDA,210922,,,Solution,Intravenous,,,,,12/11/2017,8/10/2018,2018,,ONPATTRO is indicated for the treatment of the polyneuropathy of hereditary transthyretin-mediated amyloidosis in adults.,Priority,Yes,No,Yes,Yes,No,No,No,
Diacomit,stiripentol,Biocodex SA,NDA,206709,207223,,Capsule,Oral,Suspension,Oral,,,12/20/2017,8/20/2018,2018,,DIACOMIT is indicated for the treatment of seizures associated with Dravet syndrome (DS) in patients 2 years of age and older taking clobazam. There are no clinical data to support the use of DIACOMIT as monotherapy in Dravet syndrome.,Priority,Yes,No,No,No,No,No,No,
Oxervate,cenegermin-bkbj,Dompé farmaceutici S.p.A.,BLA,761094,,,Solution/Drops,Ophthalmic,,,,,12/22/2017,8/22/2018,2018,,OXERVATE (cenegermin-bkbj) ophthalmic solution 0.002% is indicated for the treatment of neurotrophic keratitis.,Priority,Yes,No,Yes,Yes,N/A,No,No,
Takhzyro,lanadelumab-flyo,Dyax Corporation,BLA,761090,,,Injectable,Injection,,,,,12/26/2017,8/23/2018,2018,,TAKHZYRO is indicated for prophylaxis to prevent attacks of hereditary angioedema (HAE) in patients 12 years and older.,Priority,Yes,No,Yes,Yes,N/A,No,No,
Xerava,eravacycline,Tetraphase Pharmaceuticals,NDA,211109,,,Powder,Intravenous,,,,,12/28/2017,8/27/2018,2018,,"XERAVA is indicated for the treatment of complicated intra-abdominal infections (cIAI) caused by susceptible microorganisms: Escherichia coli, Klebsiella pneumoniae, Citrobacter freundii, Enterobacter cloacae, Klebsiella oxytoca, Enterococcus faecalis, Enterococcus faecium, Staphylococcus aureus, Streptococcus anginosus group, Clostridium perfringens, Bacteroides species, and Parabacteroides distasonis in patients 18 years or older.
Limitations of Use:
XERAVA is not indicated for the treatment of complicated urinary tract infections (cUTI).
Usage:
To reduce the development of drug-resistant bacteria and maintain the effectiveness of XERAVA and other antibacterial drugs, XERAVA should be used only to treat or prevent infections that are proven or strongly suspected to be caused by susceptible bacteria. When culture and susceptibility information are available, they should be considered in selecting or modifying antibacterial therapy. In the absence of such data, local epidemiology and susceptibility patterns may contribute to the empiric selection of therapy.",Priority,No,No,No,Yes,Yes,No,No,
Pifeltro,doravirine,Merck Sharp & Dohme,NDA,210806,,,Tablet,Oral,,,,,10/23/2017,8/30/2018,2018,,PIFELTRO is indicated in combination with other antiretroviral agents for the treatment of HIV-1 infection in adult patients with no prior antiretroviral treatment history.,Standard,No,No,No,No,No,No,No,
Lumoxiti,moxetumomab pasudotox-tdfk,AstraZeneca Pharmaceuticals,BLA,761104,,,Injectable,Injection,,,,,1/29/2018,9/13/2018,2018,,"LUMOXITI is indicated for the treatment of adult patients with relapsed or refractory hairy cell leukemia (HCL) who received at least two prior systemic therapies, including treatment with a purine nucleoside analog (PNA).
Limitations of Use:
LUMOXITI is not recommended in patients with severe renal impairment (CrCl = 29 mL/min).",Priority,Yes,No,No,Yes,N/A,No,No,
Ajovy,fremanezumab-vfrm,Teva Pharmaceuticals,BLA,761089,,,Injectable,Injection,,,,,10/16/2017,9/14/2018,2018,,AJOVY is indicated for the preventive treatment of migraine in adults.,Priority (used priority review voucher),No,No,No,No,N/A,No,Yes,
Copiktra,duvelisib,Verastem,NDA,211155,,,Capsule,Oral,,,,,2/5/2018,9/24/2018,2018,,"[A] COPIKTRA is indicated for the treatment of adult patients with relapsed or refractory CLL or SLL after at least two prior therapies.
[B] COPIKTRA is indicated for the treatment of adult patients with relapsed or refractory FL after at least two prior systemic therapies.
This indication is approved under accelerated approval based on overall response rate (ORR); continued approval for this indication may be contingent upon verification and description of clinical benefit in confirmatory trials.",Priority,Yes,Yes (indication [B] only),No,Yes,No,No,No,
Emgality,galcanezumab-gnlm,Eli Lilly,BLA,761063,,,Injectable,Injection,,,,,9/27/2017,9/27/2018,2018,,EMGALITY is indicated for the preventive treatment of migraine in adults.,Standard,No,No,No,No,N/A,No,No,
Vizimpro,dacomitinib,Pfizer,NDA,211288,,,Tablet,Oral,,,,,1/31/2018,9/27/2018,2018,,VIZIMPRO is indicated for the first-line treatment of patients with metastatic non-small cell lung cancer (NSCLC) with epidermal growth factor receptor (EGFR) exon 19 deletion or exon 21 L858R substitution mutations as detected by an FDA-approved test.,Priority,Yes,No,No,No,No,No,No,
Libtayo,cemiplimab-rwlc,Regeneron Pharmaceuticals,BLA,761097,,,Injectable,Injection,,,,,2/28/2018,9/28/2018,2018,,LIBTAYO is indicated for the treatment of patients with metastatic cutaneous squamous cell carcinoma (CSCC) or locally advanced CSCC who are not candidates for curative surgery or curative radiation.,Priority,No,No,Yes,No,N/A,No,No,
Seysara,sarecycline,Allergan,NDA,209521,,,Tablet,Oral,,,,,10/20/2017,10/1/2018,2018,,"SEYSARA (sarecycline) tablet, is indicated for the treatment of inflammatory lesions of non-nodular moderate to severe acne vulgaris in patients 9 years of age and older.
Limitations of Use:
Efficacy of SEYSARA beyond 12 weeks and safety beyond 12 months have not been established. SEYSARA has not been evaluated in the treatment of infections.
To reduce the development of drug-resistant bacteria as well as to maintain the effectiveness of other antibacterial drugs, SEYSARA should be used only as indicated.",Standard,No,No,No,No,No,No,No,
Nuzyra,omadacycline,Paratek Pharmacueticals,NDA,209816,209817,,Tablet,Oral,Injectable,Injection,,,2/2/2018,10/2/2018,2018,,"NUZYRA is indicated for the treatment of adult patients with community-acquired bacterial pneumonia (CABP) caused by the following susceptible microorganisms: Streptococcus pneumoniae, Staphylococcus aureus (methicillin-susceptible isolates), Haemophilus influenzae, Haemophilus parainfluenzae, Klebsiella pneumoniae, Legionella pneumophila, Mycoplasma pneumoniae, and Chlamydophila pneumoniae.
NUZYRA is indicated for the treatment of adult patients with acute bacterial skin and skin structure infections (ABSSSI) caused by the following susceptible microorganisms: Staphylococcus aureus (methicillin-susceptible and -resistant isolates), Staphylococcus lugdunensis, Streptococcus pyogenes, Streptococcus anginosus grp. (includes S. anginosus, S. intermedius, and S. constellatus), Enterococcus faecalis, Enterobacter cloacae, and Klebsiella pneumoniae.
Usage:
To reduce the development of drug-resistant bacteria and maintain the effectiveness of NUZYRA and other antibacterial drugs, NUZYRA should be used only to treat or prevent infections that are proven or strongly suspected to be caused by susceptible bacteria. When culture and susceptibility information are available, they should be considered in selecting or modifying antibacterial therapy. In the absence of such data, local epidemiology and susceptibility patterns may contribute to the empiric selection of therapy.",Priority,No,No,No,Yes,Yes,No,No,
Revcovi,elapegademase-lvlr,Leadiant Biosciences,BLA,761092,,,Injectable,Injection,,,,,10/24/2017,10/5/2018,2018,,REVCOVI is indicated for the treatment of adenosine deaminase severe combined immune deficiency (ADA-SCID) in pediatric and adult patients.,Priority,Yes,No,No,Yes,N/A,RPD,No,
Tegsedi,inotersen,Ionis Pharmaceuticals,NDA,211172,,,Solution,Subcutaneous,,,,,11/6/2017,10/5/2018,2018,,TEGSEDI is indicated for the treatment of the polyneuropathy of hereditary transthyretin-mediated amyloidosis in adults.,Priority,Yes,No,No,Yes,No,No,No,
Talzenna,talazoparib,Pfizer,NDA,211651,,,Capsule,Oral,,,,,4/6/2018,10/16/2018,2018,,TALZENNA is indicated for the treatment of adult patients with deleterious or suspected deleterious germline breast cancer susceptibility gene (BRCA)-mutated (gBRCAm) human epidermal growth factor receptor 2 (HER2)-negative locally advanced or metastatic breast cancer. Select patients for therapy based on an FDA-approved companion diagnostic for TALZENNA.,Priority,No,No,No,No,No,No,No,
Xofluza,baloxavir marboxil,Shionogi,NDA,210854,,,Tablet,Oral,,,,,4/24/2018,10/24/2018,2018,,"XOFLUZA is indicated for the treatment of acute uncomplicated influenza in patients 12 years of age and older who have been symptomatic for no more than 48 hours.
Limitations of Use:
Influenza viruses change over time, and factors such as the virus type or subtype, emergence of resistance, or changes in viral virulence could diminish the clinical benefit of antiviral drugs. Consider available information on drug susceptibility patterns for circulating influenza virus strains when deciding whether to use XOFLUZA.",Priority,No,No,No,No,No,No,No,
Lorbrena,lorlatinib,Pfizer,NDA,210868,,,Tablet,Oral,,,,,12/5/2017,11/2/2018,2018,,"LORBRENA is indicated for the treatment of patients with anaplastic lymphoma kinase (ALK)-positive metastatic non-small cell lung cancer (NSCLC) whose disease has progressed on
- crizotinib and at least one other ALK inhibitor for metastatic disease; or
- alectinib as the first ALK inhibitor therapy for metastatic disease; or
- ceritinib as the first ALK inhibitor therapy for metastatic disease.
This indication is approved under accelerated approval based on tumor response rate and duration of response. Continued approval for this indication may be contingent upon verification and description of clinical benefit in a confirmatory trial.",Priority,Yes,Yes,Yes,No,No,No,No,
Yupelri,revefenacin,Theravance Biopharma,NDA,210598,,,Solution,Inhalation,,,,,11/13/2017,11/9/2018,2018,,YUPELRI (revefenacin) inhalation solution is indicated for the maintenance treatment of patients with chronic obstructive pulmonary disease (COPD).,Standard,No,No,No,No,No,No,No,
Aemcolo,rifamycin,Cosmo Technologies,NDA,210910,,,"Tablet, Delayed Release",Oral,,,,,3/16/2018,11/16/2018,2018,,"AEMCOLO is indicated for the treatment of travelers’ diarrhea (TD) caused by non-invasive strains of Escherichia coli in adults.
Limitations of Use:
AEMCOLO is not indicated in patients with diarrhea complicated by fever or bloody stool or due to pathogens other than noninvasive strains of Escherichia coli.
Usage:
To reduce the development of drug-resistant bacteria and maintain the effectiveness of AEMCOLO and other antibacterial drugs, AEMCOLO should be used only to treat or prevent infections that are proven or strongly suspected to be caused by susceptible bacteria. When culture and susceptibility information are available, they should be considered in selecting or modifying antibacterial therapy. In the absence of such data, local epidemiology and susceptibility patterns may contribute to the empiric selection of therapy.",Priority,No,No,No,Yes,Yes,No,No,
Gamifant,emapalumab-lzsg,Novimmune S.A.,BLA,761107,,,Injectable,Injection,,,,,3/20/2018,11/20/2018,2018,,"GAMIFANT is indicated for the treatment of adult and pediatric (newborn and older) patients with primary hemophagocytic lymphohistiocytosis (HLH) with refractory, recurrent or progressive disease or intolerance with conventional HLH therapy.",Priority,Yes,No,Yes,No,N/A,RPD,No,
Daurismo,glasdegib,Pfizer,NDA,210656,,,Tablet,Oral,,,,,4/27/2018,11/21/2018,2018,,"DAURISMO is indicated, in combination with low-dose cytarabine, for the treatment of newly-diagnosed acute myeloid leukemia (AML) in adult patients who are >75 years old or who have comorbidities that preclude use of intensive induction chemotherapy.
Limitation of Use: DAURISMO has not been studied in patients with the comorbidities of severe renal impairment or moderate-to-severe hepatic impairment.",Priority,Yes,No,No,No,No,No,No,
Vitrakvi,larotrectinib,Loxo Oncology,NDA,210861,211710,,Capsule,Oral,Solution,Oral,,,3/26/2018,11/26/2018,2018,,"VITRAKVI is indicated for the treatment of adult and pediatric patients with solid tumors that:
- have a neurotrophic receptor tyrosine kinase (NTRK) gene fusion without a known acquired resistance mutation,
- are metastatic or where surgical resection is likely to result in severe morbidity, and
- have no satisfactory alternative treatments or that have progressed following treatment.
This indication is approved under accelerated approval based on overall response rate and duration of response. Continued approval for this indication may be contingent upon verification and description of clinical benefit in confirmatory trials.",Priority,Yes,Yes,Yes,No,No,No,No,
Firdapse,amifampridine,Catalyst Pharmaceuticals,NDA,208078,,,Tablet,Oral,,,,,3/28/2018,11/28/2018,2018,,FIRDAPSE is indicated for the treatment of Lambert-Eaton myasthenic syndrome (LEMS) in adults.,Priority,Yes,No,Yes,No,No,No,No,
Xospata,gilteritinib,Astellas Pharma,NDA,211349,,,Tablet,Oral,,,,,3/29/2018,11/28/2018,2018,,XOSPATA is indicated for the treatment of adult patients who have relapsed or refractory acute myeloid leukemia (AML) with a FMS-like tyrosine kinase 3 (FLT3) mutation as detected by an FDA-approved test.,Priority,Yes,No,No,Yes,No,No,No,
Motegrity,prucalopride,Shire Development,NDA,210166,,,Tablet,Oral,,,,,12/21/2017,12/14/2018,2018,,MOTEGRITY is indicated for the treatment of chronic idiopathic constipation (CIC) in adults.,Standard,No,No,No,No,No,No,No,
Asparlas,calaspargase pegol-mknl,Servier Pharmaceuticals,BLA,761102,,,Injectable,Injection,,,,,12/22/2017,12/20/2018,2018,,ASPARLAS is indicated as a component of a multi-agent chemotherapeutic regimen for the treatment of acute lymphoblastic leukemia in pediatric and young adult patients age 1 month to 21 years.,Standard,Yes,No,No,No,N/A,No,No,
Ultomiris,ravulizumab-cwvz,Alexion Pharmaceuticals,BLA,761108,,,Injectable,Injection,,,,,6/18/2018,12/21/2018,2018,,ULTOMIRIS is indicated for the treatment of adult patients with paroxysmal nocturnal hemoglobinuria (PNH).,Priority (used priority review voucher),Yes,No,No,No,N/A,No,Yes,
Elzonris,tagraxofusp-erzs,Stemline Therapeutics,BLA,761116,,,Injectable,Injection,,,,,6/21/2018,12/21/2018,2018,,ELZONRIS is a CD123-directed cytotoxin for the treatment of blastic plasmacytoid dendritic cell neoplasm (BPDCN) in adults and in pediatric patients 2 years and older.,Priority,Yes,No,Yes,No,N/A,No,No,
Jeuveau,prabotulinumtoxinA-xvfs,Evolus,BLA,761085,,,Injectable,Injection,,,,,5/15/2017,2/1/2019,2019,,JEUVEAU is indicated for the temporary improvement in the appearance of moderate to severe glabellar lines associated with corrugator and/or procerus muscle activity in adult patients.,Standard,No,No,No,No,N/A,No,No,
Cablivi,caplacizumab-yhdp,Ablynx NV,BLA,761112,,,Injectable,Injection,,,,,6/6/2018,2/6/2019,2019,,"CABLIVI is indicated for the treatment of adult patients with acquired thrombotic thrombocytopenic purpura (aTTP), in combination with plasma exchange and immunosuppressive therapy.",Priority,Yes,No,No,Yes,N/A,No,No,
Egaten,triclabendazole,Novartis Pharmaceuticals,NDA,208711,,,Tablet,Oral,,,,,6/14/2018,2/13/2019,2019,,EGATEN is indicated for the treatment of fascioliasis in patients 6 years of age and older.,Priority,Yes,No,No,Yes,No,TD,No,
Zulresso,brexanolone,Sage Therapeutics,NDA,211371,,,Solution,Intravenous,,,,,4/19/2018,3/19/2019,2019,,ZULRESSO is indicated for the treatment of postpartum depression (PPD) in adults.,Priority,No,No,Yes,No,No,No,No,
Sunosi,solriamfetol,Jazz Pharmaceuticals,NDA,211230,,,Tablet,Oral,,,,,12/20/2017,3/20/2019,2019,,"SUNOSI is indicated to improve wakefulness in adult patients with excessive daytime sleepiness associated with [A] narcolepsy or [B] obstructive sleep apnea (OSA).
Limitations of use:
SUNOSI is not indicated to treat the underlying airway obstruction in OSA. Ensure that the underlying airway obstruction is treated (e.g., with continuous positive airway pressure (CPAP)) for at least one month prior to initiating SUNOSI for excessive daytime sleepiness. Modalities to treat the underlying airway obstruction should be continued during treatment with SUNOSI.
SUNOSI is not a substitute for these modalities.",Standard,Yes (indication [A] only),No,No,No,No,No,No,
Mayzent,siponimod,Novartis Pharmaceuticals,NDA,209884,,,Tablet,Oral,,,,,7/26/2018,3/26/2019,2019,,"MAYZENT is indicated for the treatment of relapsing forms of multiple sclerosis (MS), to include clinically isolated syndrome, relapsing-remitting disease, and active secondary progressive disease, in adults.",Priority (used priority review voucher),No,No,No,No,No,No,Yes,
Evenity,romosozumab-aqqg,Amgen,BLA,761062,,,Injectable,Injection,,,,,7/19/2016,4/9/2019,2019,,"EVENITY is indicated for the treatment of osteoporosis in postmenopausal women at high risk for fracture, defined as a history of osteoporotic fracture, or multiple risk factors for fracture; or patients who have failed or are intolerant to other available osteoporosis therapy.
Limitations of Use:
The anabolic effect of EVENITY wanes after 12 monthly doses of therapy. Therefore, the duration of EVENITY use should be limited to 12 monthly doses. If osteoporosis therapy remains warranted, continued therapy with an anti-resorptive agent should be considered.",Standard,No,No,No,No,N/A,No,No,
Balversa,erdafitinib,Janssen Biotech,NDA,212018,,,Tablet,Oral,,,,,9/18/2018,4/12/2019,2019,,"BALVERSA is indicated for the treatment of adult patients with locally advanced or metastatic urothelial carcinoma (mUC), that has:
- susceptible FGFR3 or FGFR2 genetic alterations, and
- progressed during or following at least one line of prior platinum-containing chemotherapy, including within 12 months of neoadjuvant or adjuvant platinum-containing chemotherapy.
Select patients for therapy based on an FDA-approved companion diagnostic for BALVERSA. 
This indication is approved under accelerated approval based on tumor response rate. Continued approval for this indication may be contingent upon verification and description of clinical benefit in confirmatory trials.",Priority,No,Yes,Yes,No,No,No,No,
Skyrizi,risankizumab-rzaa,AbbVie,BLA,761105,,,Injectable,Injection,,,,,4/23/2018,4/23/2019,2019,,SKYRIZI is indicated for the treatment of moderate-to-severe plaque psoriasis in adults who are candidates for systemic therapy or phototherapy.,Standard,No,No,No,No,N/A,No,No,
Vyndaqel,tafamidis meglumine,Pfizer,NDA,211996,,,Capsule,Oral,,,,,11/2/2018,5/3/2019,2019,,VYNDAQEL is indicated for the treatment of the cardiomyopathy of wild type or hereditary transthyretin-mediated amyloidosis (ATTR-CM) in adults to reduce cardiovascular mortality and cardiovascular-related hospitalization.,Priority,Yes,No,Yes,Yes,No,No,No,
Piqray,alpelisib,Novartis Pharmaceuticals,NDA,212526,,,Tablet,Oral,,,,,12/18/2018,5/24/2019,2019,,"PIQRAY is indicated in combination with fulvestrant for the treatment of postmenopausal women, and men, with hormone receptor (HR)-positive, human epidermal growth factor receptor 2 (HER2)-negative, PIK3CA-mutated, advanced or metastatic breast cancer as detected by an FDA-approved test following progression on or after an endocrine-based regimen.",Priority,No,No,No,No,No,No,No,
Polivy,polatuzumab vedotin-piiq,Genentech,BLA,761121,,,Injectable,Injection,,,,,12/19/2018,6/10/2019,2019,,"POLIVY in combination with bendamustine and a rituximab product is indicated for the treatment of adult patients with relapsed or refractory diffuse large B-cell lymphoma (DLBCL), not otherwise specified, after at least two prior therapies.
Accelerated approval was granted for this indication based on complete response rate. Continued approval for this indication may be contingent upon verification and description of clinical benefit in a confirmatory trial.",Priority,Yes,Yes,Yes,No,N/A,No,No,
Vyleesi,bremelanotide,AMAG Pharmaceuticals,NDA,210557,,,Solution,Subcutaneous,,,,,3/23/2018,6/21/2019,2019,,"VYLEESI is indicated for the treatment of premenopausal women with acquired, generalized hypoactive sexual desire disorder (HSDD), as characterized by low sexual desire that causes marked distress or interpersonal difficulty and is NOT due to:
- A co-existing medical or psychiatric condition,
- Problems with the relationship, or
- The effects of a medication or drug substance.
Acquired HSDD refers to HSDD that develops in a patient who previously had no problems with sexual desire.
Generalized HSDD refers to HSDD that occurs regardless of the type of stimulation, situation or partner.
Limitations of Use:
- VYLEESI is not indicated for the treatment of HSDD in postmenopausal women or in men.
- VYLEESI is not indicated to enhance sexual performance.",Standard,No,No,No,No,No,No,No,
Xpovio,selinexor,Karyopharm Therapeutics,NDA,212306,,,Tablet,Oral,,,,,8/6/2018,7/3/2019,2019,,"XPOVIO is indicated in combination with dexamethasone for the treatment of adult patients with relapsed or refractory multiple myeloma (RRMM) who have received at least four prior therapies and whose disease is refractory to at least two proteasome inhibitors, at least two immunomodulatory agents, and an anti-CD38 monoclonal antibody.
This indication is approved under accelerated approval based on response rate. Continued approval for this indication may be contingent upon verification and description of clinical benefit in a confirmatory trial.",Priority,Yes,Yes,No,Yes,No,No,No,
Recarbrio,"imipenem, cilastatin, and relebactam",Merck Sharp & Dohme,NDA,212819,,,Powder,Intravenous,,,,,11/16/2018,7/16/2019,2019,,"RECARBRIO is indicated in patients 18 years of age and older who have limited or no alternative treatment options, for the treatment of complicated urinary tract infections (cUTI), including pyelonephritis,caused by the following susceptible gram-negative microorganisms: Enterobacter cloacae, Escherichia coli, Klebsiella aerogenes, Klebsiella pneumoniae, and Pseudomonas aeruginosa.
Approval of this indication is based on limited clinical safety and efficacy data for RECARBRIO. 
RECARBRIO is indicated in patients 18 years of age and older who have limited or no alternative treatment options for the treatment of complicated intra-abdominal infections (cIAI) caused by the following susceptible gram-negative microorganisms: Bacteroides caccae, Bacteroides fragilis, Bacteroides ovatus, Bacteroides stercoris, Bacteroides thetaiotaomicron, Bacteroides uniformis, Bacteroides vulgatus, Citrobacter freundii, Enterobacter cloacae, Escherichia coli, Fusobacterium nucleatum, Klebsiella aerogenes, Klebsiella oxytoca, Klebsiella pneumoniae, Parabacteroides distasonis, and Pseudomonas aeruginosa.
Approval of this indication is based on limited clinical safety and efficacy data for RECARBRIO.
Usage:
To reduce the development of drug-resistant bacteria and maintain the effectiveness of RECARBRIO and other antibacterial drugs, RECARBRIO should be used only to treat or prevent infections that are proven or strongly suspected to be caused by susceptible bacteria. When culture and susceptibility information are available, they should be considered in selecting or modifying antibacterial therapy. In the absence of such data, local epidemiology and susceptibility patterns may contribute to the empiric selection of therapy.",Priority,No,No,No,Yes,Yes,No,No,
Accrufer,ferric maltol,Sheild Therapeutics,NDA,212320,,,Capsule,Oral,,,,,9/27/2018,7/25/2019,2019,,ACCRUFER is indicated for the treatment of iron deficiency in adults.,Standard,No,No,No,No,No,No,No,
Nubeqa,darolutamide,Bayer HealthCare Pharmaceuticals,NDA,212099,,,Tablet,Oral,,,,,2/26/2019,7/30/2019,2019,,NUBEQA is indicated for the treatment of patients with non-metastatic castration resistant prostate cancer (nmCRPC).,Priority,No,No,No,Yes,No,No,No,
Turalio,pexidartinib,Daiichi Sankyo,NDA,211810,,,Capsule,Oral,,,,,12/3/2018,8/2/2019,2019,,TURALIO is indicated for the treatment of adult patients with symptomatic tenosynovial giant cell tumor (TGCT) associated with severe morbidity or functional limitations and not amenable to improvement with surgery.,Priority,Yes,No,Yes,No,No,No,No,
Wakix,pitolisant,Bioprojet Pharma,NDA,211150,,,Tablet,Oral,,,,,12/14/2018,8/14/2019,2019,,WAKIX is indicated for the treatment of excessive daytime sleepiness (EDS) in adult patients with narcolepsy.,Priority,Yes,No,No,Yes,No,No,No,
[drug marketed without a proprietary name],pretomanid,Global Alliance for TB Drug Development,NDA,212862,,,Tablet,Oral,,,,,12/14/2018,8/14/2019,2019,,"Limited Population: Pretomanid Tablet is indicated, as part of a combination regimen with bedaquiline and linezolid for the treatment of adults with pulmonary extensively drug resistant (XDR) or treatment-intolerant or nonresponsive multidrug-resistant (MDR) tuberculosis (TB). Approval of this indication is based on limited clinical safety and efficacy data. This drug is indicated for use in a limited and specific population of patients. Limitations of Use:
- Pretomanid Tablets are not indicated in patients with the following conditions:
-- Drug-sensitive (DS) tuberculosis
-- Latent infection due to Mycobacterium tuberculosis.
-- Extra-pulmonary infection due to Mycobacterium tuberculosis.
-- MDR-TB that is not treatment-intolerant or nonresponsive to standard therapy.
- Safety and effectiveness of Pretomanid Tablets have not been established for its use in combination with drugs other than bedaquiline and linezolid as part of the recommended dosing regimen.",Priority,Yes,No,No,Yes,Yes,TD,No,
Rozlytrek,entrectinib,Genentech,NDA,212725,212726,,Capsule,Oral,Capsule,Oral,,,12/18/2018,8/15/2019,2019,,"[A] ROZLYTREK is indicated for the treatment of adult patients with metastatic non-small cell lung cancer (NSCLC) whose tumors are ROS1-positive.
[B] ROZLYTREK is indicated for the treatment of adult and pediatric patients 12 years of age and older with solid tumors that:
- have a neurotrophic tyrosine receptor kinase (NTRK) gene fusion without a known acquired resistance mutation,
- are metastatic or where surgical resection is likely to result in severe morbidity, and
- have either progressed following treatment or have no satisfactory alternative therapy.
This indication is approved under accelerated approval based on tumor response rate and durability of response. Continued approval for this indication may be contingent upon verification and description of clinical benefit in the confirmatory trials.",Priority,Yes,Yes (indication [B] only),Yes (indication [B] only),No,No,No,No,
Inrebic,fedratinib,Celgene,NDA,212327,,,Capsule,Oral,,,,,1/3/2019,8/16/2019,2019,,INREBIC is indicated for the treatment of adult patients with intermediate-2 or high-risk primary or secondary (post-polycythemia vera or post-essential thrombocythemia) myelofibrosis (MF).,Priority,Yes,No,No,No,No,No,No,
Rinvoq,upadacitinib,Abbvie,NDA,211675,,,"Tablet, Extended Release",Oral,,,,,12/18/2018,8/16/2019,2019,,"RINVOQ (upadacitinib) is indicated for the treatment of adults with moderately to severely active rheumatoid arthritis who have had an inadequate response or intolerance to methotrexate.
Limitation of Use: Use of RINVOQ in combination with other JAK inhibitors, biologic DMARDs, or with potent immunosuppressants such as azathioprine and cyclosporine, is not recommended.",Priority (used priority review voucher),No,No,No,No,No,No,Yes,
Xenleta,lefamulin,Nabriva Therapeutics,NDA,211672,211673,,Tablet,Oral,Injectable,Injection,,,12/19/2018,8/19/2019,2019,,"XENLETA is indicated for the treatment of adults with community-acquired bacterial pneumonia (CABP) caused by the following susceptible microorganisms: Streptococcus pneumoniae, Staphylococcus aureus (methicillin-susceptible isolates), Haemophilus influenzae, Legionella pneumophila, Mycoplasma pneumoniae, and Chlamydophila pneumoniae.
Usage:
To reduce the development of drug-resistant bacteria and maintain the effectiveness of XENLETA and other antibacterial drugs, XENLETA should be used only to treat or prevent infections that are proven or strongly suspected to be caused by susceptible bacteria. When culture and susceptibility information are available, they should be considered in selecting or modifying antibacterial therapy. In the absence of such data, local epidemiology and susceptibility patterns may contribute to the empiric selection of therapy.",Priority,No,No,No,Yes,Yes,No,No,
[drug marketed without a proprietary name],Ga 68 DOTATOC,University of Iowa Health Care,NDA,210828,,,Solution,Intravenous,,,,,5/23/2018,8/21/2019,2019,,Ga 68 DOTATOC Injection is indicated for use with positron emission tomography (PET) for the localization of somatostatin receptor positive neuroendocrine tumors (NETs) in adult and pediatric patients.,Standard,Yes,No,No,No,No,No,No,
Nourianz,istradefylline,Kyowa Kirin,NDA,22075,,,Tablet,Oral,,,,,4/25/2007,8/27/2019,2019,,NOURIANZ is indicated as adjunctive treatment to levodopa/carbidopa in adult patients with Parkinson’s disease (PD) experiencing “off” episodes.,Standard,No,No,No,No,No,No,No,
Ibsrela,tenapanor,Ardelyx,NDA,211801,,,Tablet,Oral,,,,,9/12/2018,9/12/2019,2019,,IBSRELA is indicated for treatment of irritable bowel syndrome with constipation (IBS-C) in adults.,Standard,No,No,No,No,No,No,No,
Aklief,trifarotene,Galderma Research and Development,NDA,211527,,,Cream,Topical,,,,,10/4/2018,10/4/2019,2019,,AKLIEF Cream is a retinoid indicated for the topical treatment of acne vulgaris in patients 9 years of age and older.,Standard,No,No,No,No,No,No,No,
Beovu,brolucizumab-dbll,Novartis Pharmaceuticals,BLA,761125,,,Injectable,Injection,,,,,2/7/2019,10/7/2019,2019,,BEOVU is indicated for the treatment of Neovascular (Wet) Age-related Macular Degeneration (AMD).,Priority (used priority review voucher),No,No,No,No,N/A,No,Yes,
Scenesse,afamelanotide,Clinuvel,NDA,210797,,,Implant,Subcutaneous,,,,,11/8/2018,10/8/2019,2019,,SCENESSE is indicated to increase pain free light exposure in adult patients with a history of phototoxic reactions from erythropoietic protoporphyria (EPP).,Priority,Yes,No,No,Yes,No,No,No,
[drug marketed without a proprietary name],fluorodopa F 18,Feinstein Institute,NDA,200655,,,Solution,Intravenous,,,,,10/22/2012,10/10/2019,2019,,Fluorodopa F 18 Injection is indicated for use in positron emission tomography (PET) to visualize dopaminergic nerve terminals in the striatum for the evaluation of adult patients with suspected Parkinsonian syndromes (PS). Fluorodopa F 18 PET is an adjunct to other diagnostic evaluations.,Standard,No,No,No,No,No,No,No,
Reyvow,lasmiditan,Eli Lilly,NDA,211280,,,Tablet,Oral,,,,,10/11/2018,10/11/2019,2019,,"REYVOW is indicated for the acute treatment of migraine with or without aura in adults.
Limitations of Use:
REYVOW is not indicated for the preventive treatment of migraine.",Standard,No,No,No,No,No,No,No,
Trikafta,"elexacaftor, ivacaftor, tezacaftor; ivacaftor (co-packaged)",Vertex Pharmaceuticals,NDA,212273,,,"Tablet, Tablet",Oral,,,,,7/19/2019,10/21/2019,2019,,"TRIKAFTA is indicated for the treatment of cystic fibrosis (CF) in patients aged 12 years and older who have at least one F508del mutation in the cystic fibrosis transmembrane conductance regulator (CFTR) gene. 
If the patient’s genotype is unknown, an FDA-cleared CF mutation test should be used to confirm the presence of at least one F508del mutation.",Priority,Yes,No,Yes,Yes,No,RPD,No,
ExEm Foam,air polymer-type A,Giskit B.V.,NDA,212279,,,Foam,Intrauterine,,,,,10/9/2018,11/7/2019,2019,,ExEm Foam is indicated for sonohysterosalpingography to assess fallopian tube patency in women with known or suspected infertility.,Standard,No,No,No,No,No,No,No,
Reblozyl,luspatercept-aamt,Celgene,BLA,761136,,,Injectable,Injection,,,,,4/4/2019,11/8/2019,2019,,"REBLOZYL is indicated for the treatment of anemia in adult patients with beta thalassemia who require regular red blood cell (RBC) transfusions.
Limitations of Use:
REBLOZYL is not indicated for use as a substitute for RBC transfusions in patients who require immediate correction of anemia.",Priority,Yes,No,No,Yes,N/A,No,No,
Brukinsa,zanubrutinib,BeiGene USA,NDA,213217,,,Capsule,Oral,,,,,6/27/2019,11/14/2019,2019,,"BRUKINSA is indicated for the treatment of adult patients with mantle cell lymphoma (MCL) who have received at least one prior therapy.
This indication is approved under accelerated approval based on overall response rate. Continued approval for this indication may be contingent upon verification and description of clinical benefit in a confirmatory trial.",Priority,Yes,Yes,Yes,No,No,No,No,
Fetroja,cefiderocol,Shionogi,NDA,209445,,,Powder,Intravenous,,,,,12/14/2018,11/14/2019,2019,,"FETROJA is indicated in patients 18 years of age or older who have limited or no alternative treatment options for the treatment of complicated urinary tract infections (cUTIs), including pyelonephritis caused by the following susceptible Gram-negative microorganisms: Escherichia coli, Klebsiella pneumoniae, Proteus mirabilis, Pseudomonas aeruginosa, and Enterobacter cloacae complex.
Approval of this indication is based on limited clinical safety and efficacy data for FETROJA.
Usage:
To reduce the development of drug-resistant bacteria and maintain the effectiveness of FETROJA and other antibacterial drugs, FETROJA should be used only to treat or prevent infections that are proven or strongly suspected to be caused by susceptible bacteria. When culture and susceptibility information are available, they should be considered in selecting or modifying antibacterial therapy. In the absence of such data, local epidemiology and susceptibility patterns may contribute to the empiric selection of therapy.",Priority,No,No,No,Yes,Yes,No,No,
Adakveo,crizanlizumab-tmca,Novartis Pharmaceuticals,BLA,761128,,,Injectable,Injection,,,,,5/16/2019,11/15/2019,2019,,ADAKVEO is indicated to reduce the frequency of vasoocclusive crises (VOCs) in adults and pediatric patients aged 16 years and older with sickle cell disease.,Priority,Yes,No,Yes,No,N/A,No,No,
Givlaari,givosiran,Alnylam Pharmaceuticals,NDA,212194,,,Solution,Subcutaneous,,,,,6/4/2019,11/20/2019,2019,,GIVLAARI is indicated for the treatment of adults with acute hepatic porphyria (AHP).,Priority,Yes,No,Yes,No,No,No,No,
Xcopri,cenobamate,SK Life Science,NDA,212839,,,Tablet,Oral,,,,,11/21/2018,11/21/2019,2019,,XCOPRI is indicated for the treatment of partial-onset seizures in adult patients.,Standard,No,No,No,No,No,No,No,
Oxbryta,voxelotor,Global Blood Therapeutics,NDA,213137,,,Tablet,Oral,,,,,6/26/2019,11/25/2019,2019,,"OXBRYTA is indicated for the treatment of sickle cell disease (SCD) in adults and pediatric patients 12 years of age and older.
This indication is approved under accelerated approval based on increase in hemoglobin (Hb). Continued approval for this indication may be contingent upon verification and description of clinical benefit in confirmatory trial(s).",Priority,Yes,Yes,Yes,Yes,No,No,No,
Vyondys 53,golodirsen,Sarepta Therapeutics,NDA,211970,,,Solution,Intravenous,,,,,12/19/2018,12/12/2019,2019,,VYONDYS 53 is indicated for the treatment of Duchenne muscular dystrophy (DMD) in patients who have a confirmed mutation of the DMD gene that is amenable to exon 53 skipping. This indication is approved under accelerated approval based on an increase in dystrophin production in skeletal muscle observed in patients treated with VYONDYS 53. Continued approval for this indication may be contingent upon verification of a clinical benefit in confirmatory trials.,Priority,Yes,Yes,No,Yes,No,RPD,No,
Padcev,enfortumab vedotin-ejfv,Astellas Pharma,BLA,761137,,,Powder,Intravenous,,,,,7/15/2019,12/18/2019,2019,,"PADCEV is indicated for the treatment of adult patients with locally advanced or metastatic urothelial cancer (mUC) who have previously received a programmed death receptor-1 (PD-1) or programmed death-ligand 1 (PD-L1) inhibitor, and a platinum-containing chemotherapy in the neoadjuvant/adjuvant, locally advanced or metastatic setting.
This indication is approved under accelerated approval based on tumor response rate. Continued approval for this indication may be contingent upon verification and description of clinical benefit in confirmatory trials.",Priority,No,Yes,Yes,No,N/A,No,No,
Caplyta,lumateperone,Intra-Cellular Therapies,NDA,209500,,,Capsule,Oral,,,,,9/27/2018,12/20/2019,2019,,CAPLYTA is indicated for the treatment of schizophrenia in adults.,Standard,No,No,No,Yes,No,No,No,
Enhertu,fam-trastuzumab deruxtecan-nxki,Daiichi Sankyo,BLA,761139,,,Powder,Intravenous,,,,,8/29/2019,12/20/2019,2019,,"ENHERTU is indicated for the treatment of adult patients with unresectable or metastatic HER2-positive breast cancer who have received two or more prior anti-HER2-based regimens in the metastatic setting.
This indication is approved under accelerated approval based on tumor response rate and duration of response. Continued approval for this indication may be contingent upon verification and description of clinical benefit in a confirmatory trial.",Priority,No,Yes,Yes,Yes,N/A,No,No,
TissueBlue,Brilliant Blue G Ophthalmic Solution,D.O.R.C International b.v,NDA,209569,,,Solution,Ophthalmic,,,,,4/29/2019,12/20/2019,2019,,TissueBlue (Brilliant Blue G Ophthalmic Solution) 0.025% is indicated to selectively stain the internal limiting membrane (ILM).,Priority,Yes,No,No,No,No,No,No,
Dayvigo,lemborexant,Eisai,NDA,212028,,,Tablet,Oral,,,,,12/27/2018,12/20/2019,2019,,"DAYVIGO is indicated for the treatment of adult patients with insomnia, characterized by difficulties with sleep onset and/or sleep maintenance.",Standard,No,No,No,No,No,No,No,
Ubrelvy,ubrogepant,Allergan,NDA,211765,,,Tablet,Oral,,,,,12/26/2018,12/23/2019,2019,,"UBRELVY is indicated for the acute treatment of migraine with or without aura in adults.
Limitations of Use:
UBRELVY is not indicated for the preventive treatment of migraine.",Standard,No,No,No,No,No,No,No,
Ayvakit,avapritinib,Blueprint Medicines Corporation,NDA,212608,,,Tablet,Oral,,,,,6/14/2019,1/9/2020,2020,,"Ayvakit is indicated for the treatment of adults with unresectable or metastatic gastrointestinal stromal tumor (GIST) harboring a platelet-derived growth factor receptor alpha (PDGFRA) exon 18 mutation, including PDGFRA D842V mutations",Priority,Yes,No,Yes,Yes,No,No,No,
Tepezza,teprotumumab-trbw,Horizon Therapeutics Ireland DAC,BLA,761143,,,Injectable,Injection,,,,,7/8/2019,1/21/2020,2020,,Tepezza is indicated for the treatment of thyroid eye disease,Priority,Yes,No,Yes,Yes,N/A,No,No,
Tazverik,tazemetostat,"Epizyme, Inc.",NDA,211723,,,Tablet,Oral,,,,,5/23/2019,1/23/2020,2020,,Tazverik is indicated for the treatment of adults and pediatric patients aged 16 years and older with metastatic or locally advanced epithelioid sarcoma not eligible for complete resection,Priority,Yes,Yes,No,No,No,No,No,
Pizensy,lactitol,"Braintree Laboratories, Inc.",NDA,211281,,,Powder,Oral,,,,,11/21/2018,2/12/2020,2020,,Pizensy is indicated for the treatment of chronic idiopathic constipation (CIC) in adults,Standard,No,No,No,No,No,No,No,
Nexletol,bempedoic acid,"Esperion Therapeutics, Inc.",NDA,211616,,,Tablet,Oral,,,,,2/21/2019,2/21/2020,2020,,Nexletol is indicated as an adjunct to diet and maximally tolerated statin therapy for the treatment of adults with heterozygous familial hypercholesterolemia or established atherosclerotic cardiovascular disease who require additional lowering of LDL-C,Standard,No,No,No,No,No,No,No,
Vyepti,eptinezumab-jjmr,"Lundbeck Seattle BioPharmaceuticals, Inc.",BLA,761119,,,Injectable,Injection,,,,,2/21/2019,2/21/2020,2020,,Vyepti is indicated for the preventive treatment of migraine in adults,Standard,No,No,No,No,N/A,No,No,
Barhemsys,amisulpride,Acacia Pharma Ltd.,NDA,209510,,,Injectable,Injection,,,,,10/5/2017,2/26/2020,2020,,"Barhemsys is indicated for the treatment of PONV in patients who have received antiemetic prophylaxis with an agent of a different class or who have not received prophylaxis . Is indicated for prevention of postoperative nausea and vomiting (PONV), either alone or in combination with an antiemetic of a different class",Standard,No,No,No,No,No,No,No,
Nurtec ODT,rimegepant,Biohaven Pharmaceuticals,NDA,212728,,,Tablet,Oral,,,,,6/27/2019,2/27/2020,2020,,Nurtec ODT is indicated for the acute treatment of migraine with or without aura in adults,Priority (used priority review voucher),No,No,No,No,No,No,Yes,
Sarclisa,isatuximab-irfc,Sanofi Aventis US LLC,BLA,761113,,,Injectable,Injection,,,,,4/30/2019,3/2/2020,2020,,"Sarclisa is indicated in combination with pomalidomide and dexamethasone, for the treatment of adult patients with multiple myeloma who have received at least two prior therapies including lenalidomide and a proteasome inhibitor",Standard,Yes,No,No,No,N/A,No,No,
Isturisa,osilodrostat,Novartis Pharmaceuticals Corporation,NDA,212801,,,Tablet,Oral,,,,,3/7/2019,3/6/2020,2020,,Isturisa is indicated for the treatment of adult patients with Cushing's disease for whom pituitary surgery is not an option or has not been curative,Standard,Yes,No,No,No,No,No,No,
Zeposia,ozanimod,Celgene Corporation,NDA,209899,,,Capsule,Oral,,,,,3/25/2019,3/25/2020,2020,,"Zeposia is indicated for the treatment of relapsing forms of multiple sclerosis (MS), to include clinically isolated syndrome, relapsing-remitting disease, and active secondary progressive disease, in adults",Standard,No,No,No,No,No,No,No,
Koselugo,selumetinib,AstraZeneca Pharmaceuticals LP,NDA,213756,,,Capsule,Oral,,,,,9/13/2019,4/10/2020,2020,,"Koselugo is indicated for the treatment of pediatric patients 2 years of age and older with neurofibromatosis type 1 (NF1) who have symptomatic, inoperable plexiform neurofibromas (PN)",Priority,Yes,No,Yes,No,No,RPD,No,
Pemazyre,pemigatinib,Incyte Corporation,NDA,213736,,,Tablet,Oral,,,,,9/30/2019,4/17/2020,2020,,"Pemazyre is indicated for the treatment of adults with previously treated, unresectable locally advanced or metastatic cholangiocarcinoma with a fibroblast growth factor receptor 2 (FGFR2) fusion or other rearrangement as detected by an FDA-approved test",Priority,Yes,Yes,Yes,No,No,No,No,
Tukysa,tucatinib,"Seattle Genetics, Inc.",NDA,213411,,,Tablet,Oral,,,,,12/20/2019,4/17/2020,2020,,"Tukysa is indicated in combination with trastuzumab and capecitabine for treatment of adult patients with advanced unresectable or metastatic HER2-positive breast cancer, including patients with brain metastases, who have received one or more prior anti-HER2-based regimens in the metastatic setting",Priority,Yes,No,Yes,Yes,No,No,No,
Trodelvy,sacituzumab govitecan-hziy,"Immunomedics, Inc",BLA,761115,,,Powder,Intravenous,,,,,5/18/2018,4/22/2020,2020,,Trodelvy is indicated for the treatment of adult patients with metastatic triple-negative breast cancer (mTNBC) who have received at least two prior therapies for metastatic disease,Priority,No,Yes,Yes,Yes,N/A,No,No,
Ongentys,opicapone,"Neurocrine Biosciences, Inc.",NDA,212489,,,Capsule,Oral,,,,,4/26/2019,4/24/2020,2020,,"Ongentys is indicated for the adjunctive treatment to levodopa/carbidopa in patients with Parkinson's disease (PD) experiencing ""off"" episodes",Standard,No,No,No,No,No,No,No,
Tabrecta,capmatinib,Novartis Pharmaceuticals Corporation,NDA,213591,,,Tablet,Oral,,,,,12/10/2019,5/6/2020,2020,,Tabrecta is indicated for the treatment of adult patients with metastatic non-small cell lung cancer (NSCLC) whose tumors have a mutation that leads to mesenchymal-epithelial transition (MET) exon 14 skipping as detected by an FDA-approved test,Priority,Yes,Yes,Yes,No,No,No,No,
Retevmo,selpercatinib,"Loxo Oncology, Inc.",NDA,213246,,,Capsule,Oral,,,,,12/4/2019,5/8/2020,2020,,Retevmo is indicated for the treatment of adult and pediatric patients 12 years of age and older with advanced or metastatic RET-mutant medullary thyroid cancer (MTC) who require systemic therapy. Is indicated for the treatment of adult and pediatric patients 12 years of age and older with advanced or metastatic RET fusion-positive thyroid cancer who require systemic therapy and who are radioactive iodine-refractory (if radioactive iodine is appropriate) .Is indicated for the treatment of adult patients with metastatic RET fusion-positive non-small cell lung cancer (NSCLC),Priority,Yes,Yes,Yes,No,No,No,No,
Qinlock,ripretinib,"Deciphera Pharmaceuticals, LLC",NDA,213973,,,Tablet,Oral,,,,,12/13/2019,5/15/2020,2020,,"Qinlock is indicated for the treatment of adult patients with advanced gastrointestinal stromal tumor (GIST) who have received prior treatment with 3 or more kinase inhibitors, including imatinib",Priority,Yes,No,Yes,Yes,No,No,No,
Cerianna,fluoroestradiol F 18,Zionexa-US Corporation,NDA,212155,,,Injectable,Injection,,,,,2/27/2019,5/20/2020,2020,,Cerianna is indicated for positron emission tomography (PET) imaging for detection of estrogen receptor (ER)-positive lesions as an adjunct to biopsy in patients with recurrent or metastatic breast cancer,Standard,No,No,No,No,No,No,No,
[drug marketed without a proprietary name],artesunate,"Amivas, LLC",NDA,213036,,,Injectable,Injection,,,,,9/26/2019,5/26/2020,2020,,Artesunate is indicated for the initial treatment of severe malaria in adult and pediatric patients,Priority,Yes,No,Yes,Yes,No,No,No,
Tauvid,flortaucipir F 18,"Avid Radiopharmaceuticals, Inc.",NDA,212123,,,Injectable,Injection,,,,,9/30/2019,5/28/2020,2020,,Tauvid is indicated for positron emission tomography (PET) imaging of the brain to estimate the density and distribution of aggregated tau neurofibrillary tangles (NFTs) in adult patients with cognitive impairment who are being evaluated for Alzheimer’s disease (AD),Priority,No,No,No,No,No,No,No,
Uplizna,inebilizumab-cdon,"Viela Bio, Inc.",BLA,761142,,,Injectable,Injection,,,,,6/11/2019,6/11/2020,2020,,Uplizna is indicated for the treatment of neuromyelitis optica spectrum disorder (NMOSD) in adult patients who are anti-aquaporin-4 (AQP4) antibody positive,Standard,Yes,No,Yes,No,N/A,No,No,
Zepzelca,lurbinectedin,"Pharma Mar USA, Inc.",NDA,213702,,,Injectable,Injection,,,,,12/16/2019,6/15/2020,2020,,Zepzelca is indicated for the treatment of adult patients with metastatic small cell lung cancer (SCLC) with disease progression on or after prior platinum-based chemotherapy,Priority,Yes,Yes,No,No,No,No,No,
Dojolvi,triheptanoin,Ultragenyx Pharmaceutical Inc.,NDA,213687,,,Liquid,Oral,,,,,7/31/2019,6/30/2020,2020,,Dojolvi is indicated for the treatment of pediatric and adult patients with molecularly confirmed long-chain fatty acid oxidation disorders (LC-FAOD),Standard,Yes,No,No,Yes,No,No,No,
Byfavo,remimazolam,"Cosmo Technologies, Ltd.",NDA,212295,,,Injectable,Injection,,,,,4/5/2019,7/2/2020,2020,,Byfavo is indicated for induction and maintenance of procedural sedation in adults undergoing procedures lasting 30 minutes or less,Standard,No,No,No,No,No,No,No,
Rukobia,fostemsavir,ViiV Healthcare Company,NDA,212950,,,Tablet,Oral,,,,,12/4/2019,7/2/2020,2020,,"Rukobia is indicated for the treatment of HIV-1 infection in heavily treatment-experienced adults with multidrug-resistant HIV-1 infection failing their current antiretroviral regimen due to resistance, intolerance, or safety considerations",Priority,No,No,Yes,Yes,No,No,No,
Inqovi,decitabine and cedazuridine,"Astex Pharmaceuticals, Inc.",NDA,212576,,,Tablet,Oral,,,,,12/11/2019,7/7/2020,2020,,"Inqovi is indicated for the treatment of adult patients with myelodysplastic syndromes (MDS), including previously treated and untreated, de novo and secondary MDS with the following French-American-British subtypes (refractory anemia, refractory anemia with ringed sideroblasts, refractory anemia with excess blasts, and chronic myelomonocytic leukemia [CMML]) and intermediate-1, intermediate-2, and high-risk International Prognostic Scoring System groups",Priority,Yes,No,No,No,No,No,No,
Xeglyze,abametapir,Dr. Reddy’s Laboratories,NDA,206966,,,Lotion,Topical,,,,,9/14/2015,7/24/2020,2020,,Xeglyze is indicated for the treatment of head lice infestation in patients 6 months of age and older,Standard,No,No,No,No,No,No,No,
Monjuvi,tafasitamab-cxix,"MorphoSys US, Inc.",BLA,761163,,,Injectable,Injection,,,,,12/30/2019,7/31/2020,2020,,"Monjuvi is indicated in combination with lenalidomide for the treatment of adult patients with relapsed or refractory diffuse large B-cell lymphoma (DLBCL) not otherwise specified, including DLBCL arising from low grade lymphoma, and who are not eligible for autologous stem cell transplant (ASCT)",Priority,Yes,Yes,Yes,Yes,N/A,No,No,
Blenrep,belantamab mafodotin-blmf,GlaxoSmithKline Intellectual Property Development Ltd. England,BLA,761158,,,Injectable,Injection,,,,,12/5/2019,8/5/2020,2020,,"Blenrep is indicated for the treatment of adults with relapsed or refractory multiple myeloma who have received at least four prior therapies including an anti-CD38 monoclonal antibody, a proteasome inhibitor, and an immunomodulatory agent",Priority,Yes,Yes,Yes,No,N/A,No,No,
Lampit,nifurtimox,"Bayer HealthCare Pharmaceuticals, Inc.",NDA,213464,,,Tablet,Oral,,,,,12/6/2019,8/6/2020,2020,,Lampit is indicated for the treatment of Chagas disease in pediatric patients birth to less than 18 years of age and weighing at least 2.5 kg,Priority,Yes,Yes,No,No,No,TD,No,
Evrysdi,risdiplam,"Genentech, Inc.",NDA,213535,,,Powder,Oral,,,,,9/24/2019,8/7/2020,2020,,Evrysdi is indicated for the treatment of later-onset spinal muscular atrophy (SMA) in patients 2 months of age and older. Is indicated for the treatment of infantile-onset spinal muscular atrophy (SMA) in patients 2 months of age and older,Priority,Yes,No,No,Yes,No,RPD,No,
Olinvyk,oliceridine,"Trevena, Inc.",NDA,210730,,,Injectable,Injection,,,,,11/2/2017,8/7/2020,2020,,Olinvyk is indicated for the management of acute pain severe enough to require an intravenous opioid analgesic and for whom alternative treatments are inadequate in adults,Standard,No,No,No,Yes,No,No,No,
Viltepso,viltolarsen,"Nippon Shinyaku Co., Ltd.",NDA,212154,,,Injectable,Injection,,,,,12/12/2019,8/12/2020,2020,,Viltepso is indicated for the treatment of Duchenne muscular dystrophy (DMD) in patients who have a confirmed mutation of the DMD gene that is amenable to exon 53 skipping,Priority,Yes,Yes,No,Yes,No,RPD,No,
Enspryng,satralizumab-mwge,"Genentech, Inc.",BLA,761149,,,Injectable,Injection,,,,,8/15/2019,8/14/2020,2020,,Enspryng is indicated for the treatment of neuromyelitis optica spectrum disorder (NMOSD) in adult patients who are anti-aquaporin-4 (AQP4) antibody positive,Standard,Yes,No,Yes,Yes,N/A,No,No,
Winlevi,clascoterone,Cassiopea SpA,NDA,213433,,,Cream,Topical,,,,,8/27/2019,8/26/2020,2020,,Winlevi is indicated for the topical treatment of acne vulgaris in patients 12 years of age and older,Standard,No,No,No,No,No,No,No,
Sogroya,somapacitan-beco,"Novo Nordisk, Inc.",BLA,761156,,,Injectable,Injection,,,,,8/28/2019,8/28/2020,2020,,Sogroya is indicated for the replacement of endogenous growth hormone in adults with growth hormone deficiency,Standard,No,No,No,No,N/A,No,No,
Detectnet,copper Cu 64 dotatate,"RadioMedix, Inc.",NDA,213227,,,Injectable,Injection,,,,,1/3/2020,9/3/2020,2020,,Detectnet is indicated for positron emission tomography (PET) for localization of somatostatin receptor positive neuroendocrine tumors (NETs) in adults,Priority,Yes,No,No,Yes,No,No,No,
Gavreto,pralsetinib,Blueprint Medicines Corporation,NDA,213721,,,Capsule,Oral,,,,,3/23/2020,9/4/2020,2020,,Gavreto is indicated for the treatment of adult patients with metastatic RET fusion-positive non-small cell lung cancer (NSCLC) as detected by an FDA approved test,Priority,Yes,Yes,Yes,No,No,No,No,
Inmazeb,"atoltivimab, maftivimab, and odesivimab-ebgn","Regeneron Pharmaceuticals, Inc.",BLA,761169,,,Injectable,Injection,,,,,2/25/2020,10/14/2020,2020,,"Inmazeb is indicated for the treatment of infection caused by Zaire ebolavirus in adult and pediatric patients, including neonates born to a mother who is RT-PCR positive for Zaire ebolavirus infection",Priority,Yes,No,Yes,No,N/A,MTMC,No,
Veklury,remdesivir,"Gilead Sciences, Inc.",NDA,214787,,,Injectable,Injection,,,,,8/7/2020,10/22/2020,2020,,Veklury is indicated for the treatment of coronavirus disease 2019 (COVID-19) requiring hospitalization in adults and pediatric patients (12 years of age and older and weighing at least 40 kg),Priority,No,No,No,Yes,No,MTMC,No,
Zokinvy,lonafarnib,"Eiger BioPharmaceuticals, Inc.",NDA,213969,,,Capsule,Oral,,,,,3/20/2020,11/20/2020,2020,,Zokinvy is indicated for the treatment of processing-deficient Progeroid Laminopathies with either heterozygous LMNA mutation with progerin-like protein accumulation or homozygous or compound heterozygous ZMPSTE24 mutations in patients 12 months of age and older. Is indicated to reduce the risk of mortality in Hutchinson-Gilford Progeria Syndrome (HGPS),Priority,Yes,No,Yes,No,No,RPD,No,
Oxlumo,lumasiran,"Alnylam Pharmaceuticals, Inc.",NDA,214103,,,Injectable,Injection,,,,,4/3/2020,11/23/2020,2020,,Oxlumo is indicated for the treatment of primary hyperoxaluria type 1 (PH1) to lower urinary oxalate levels in pediatric and adult patients,Priority,Yes,No,Yes,No,No,RPD,No,
Imcivree,setmelanotide,"Rhythm Pharmaceuticals, Inc.",NDA,213793,,,Injectable,Injection,,,,,3/27/2020,11/25/2020,2020,,"Imcivree is indicated for chronic weight management in adult and pediatric patients 6 years of age and older with obesity due to proopiomelanocortin (POMC) or proprotein convertase subtilisin/kexin type 1 (PCSK1) deficiency confirmed by genetic testing demonstrating variants in POMC or PCSK1 genes that are interpreted as pathogenic, likely pathogenic, or of uncertain significance (VUS). Is indicated for chronic weight management in adult and pediatric patients 6 years of age and older with obesity due to leptin receptor (LEPR) deficiency confirmed by genetic testing demonstrating variants in LEPR genes that are interpreted as pathogenic, likely pathogenic, or of uncertain significance (VUS)",Priority,Yes,No,Yes,No,No,RPD,No,
Danyelza,naxitamab-gqgk,"Y-mAbs Therapeutics, Inc.",BLA,761171,,,Injectable,Injection,,,,,3/31/2020,11/25/2020,2020,,"Danyelza is indicated in combination with granulocyte-macrophage colony-stimulating factor (GM-CSF), for the treatment of pediatric patients 1 year of age and older and adult patients with relapsed or refractory high-risk neuroblastoma in the bone or bone marrow who have demonstrated a partial response, minor response, or stable disease to prior therapy",Priority,Yes,Yes,Yes,No,N/A,RPD,No,
[drug marketed without a proprietary name],gallium Ga 68 PSMA-11,University of California Los Angeles,NDA,212642,,,Injectable,Injection,,,,,9/6/2019,12/1/2020,2020,,gallium Ga 68 PSMA-11 Is indicated for positron emission tomography (PET) of prostate-specific membrane antigen (PSMA) positive lesions in men with suspected recurrence based on elevated serum prostate-specific antigen (PSA) level. Positron emission tomography (PET) of prostate-specific membrane antigen (PSMA) positive lesions in men with prostate cancer with suspected metastasis who are candidates for initial definitive therapy,Standard,No,No,No,No,No,No,No,
Orladeyo,berotralstat,"BioCryst Pharmaceuticals, Inc.",NDA,214094,,,Capsule,Oral,,,,,12/3/2019,12/3/2020,2020,,Orladeyo is indicated as prophylaxis to prevent attacks of hereditary angioedema (HAE) in adults and pediatric patients 12 years and older,Standard,Yes,No,No,Yes,No,No,No,
Klisyri,tirbanibulin,"Athenex, Inc.",NDA,213189,,,Ointment,Topical,,,,,12/30/2019,12/14/2020,2020,,Klisyri is indicated for the topical treatment of actinic keratosis of the face or scalp,Standard,No,No,No,No,No,No,No,
Margenza,margetuximab-cmkb,"MacroGenics, Inc.",BLA,761150,,,Injectable,Injection,,,,,12/18/2019,12/16/2020,2020,,"Margenza is indicated in combination with chemotherapy, for the treatment of adult patients with metastatic HER2-positive breast cancer who have received two or more prior anti-HER2 regimens, at least one of which was for metastatic disease",Standard,No,No,No,Yes,N/A,No,No,
Orgovyx,relugolix,Myovant Sciences GmbH,NDA,214621,,,Tablet,Oral,,,,,4/20/2020,12/18/2020,2020,,Orgovyx is indicated for the treatment of adult patients with advanced prostate cancer,Priority,No,No,No,No,No,No,No,
Ebanga,ansuvimab-zykl,"Ridgeback Biotherapeutics, LP",BLA,761172,,,Injectable,Injection,,,,,5/29/2020,12/21/2020,2020,,"Ebanga is indicated for the treatment of infection caused by Zaire ebolavirus in adult and pediatric patients, including neonates born to a mother who is RT-PCR positive for Zaire ebolavirus infection",Priority,Yes,No,Yes,No,N/A,MTMC,No,
Gemtesa,vibegron,Urovant Sciences GmbH,NDA,213006,,,Tablet,Oral,,,,,12/26/2019,12/23/2020,2020,,"Gemtesa is indicated for the treatment of overactive bladder with symptoms of urge urinary incontinence, urgency, and urinary frequency in adults",Standard,No,No,No,No,No,No,No,
Verquvo,vericiguat,Merck Sharp and Dohme Corp.,NDA,214377,,,Tablet,Oral,,,,,5/20/2020,1/19/2021,2021,,"VERQUVO is indicated to reduce the risk of cardiovascular death and heart failure (HF) hospitalization following a hospitalization for heart failure or need for outpatient IV diuretics, in adults with symptomatic chronic HF and ejection fraction less than 45%.",Priority,No,No,No,Yes,No,No,No,
Cabenuva,cabotegravir; rilpivirine (co-packaged),ViiV Healthcare Company,NDA,212888,,,Injectable,Injection,,,,,4/29/2019,1/21/2021,2021,,CABENUVA is indicated as a complete regimen for the treatment of human immunodeficiency virus type 1 (HIV-1) infection in adults to replace the current antiretroviral regimen in those who are virologically suppressed (HIV-1 RNA less than 50 copies per mL) on a stable antiretroviral regimen with no history of treatment failure and with no known or suspected resistance to either cabotegravir or rilpivirine.,Priority,No,No,No,Yes,No,No,No,
Lupkynis,voclosporin,"Aurinia Pharmaceuticals, Inc.",NDA,213716,,,Capsule,Oral,,,,,5/22/2020,1/22/2021,2021,,"LUPKYNIS is indicated in combination with a background immunosuppressive therapy regimen for the treatment of adult patients with active lupus nephritis (LN).
Limitations of Use: Safety and efficacy of LUPKYNIS have not been established in combination with cyclophosphamide. Use of LUPKYNIS is not recommended in this situation.",Priority,No,No,No,Yes,No,No,No,
Tepmetko,tepotinib,"EMD Serono, Inc.",NDA,214096,,,Tablet,Oral,,,,,6/29/2020,2/3/2021,2021,,"TEPMETKO is indicated for the treatment of adult patients with metastatic non-small cell lung cancer (NSCLC) harboring mesenchymal-epithelial transition (MET) exon 14 skipping alterations.
This indication is approved under accelerated approval based on overall response rate and duration of response. Continued approval for this indication may be contingent upon verification and description of clinical benefit in confirmatory trial(s).",Priority,Yes,Yes,No,No,No,No,No,
Ukoniq,umbralisib,"TG Therapeutics, Inc.",NDA,213176,,,Tablet,Oral,,,,,6/15/2020,2/5/2021,2021,,"[A] UKONIQ is indicated for the treatment of adult patients with relapsed or refractory marginal zone lymphoma (MZL) who have received at least one prior anti-CD20-based regimen.
This indication is approved under accelerated approval based on overall response rate. Continued approval for this indication may be contingent upon verification and description of clinical benefit in a confirmatory trial(s).
[B] UKONIQ is indicated for the treatment of adult patients with relapsed or refractory follicular lymphoma (FL) who have received at least three prior lines of systemic therapy.
This indication is approved under accelerated approval based on overall response rate. Continued approval for this indication may be contingent upon verification and description of clinical benefit in a confirmatory trial(s).",Priority (indication [A] only),Yes,Yes,Yes (indication [A] only),No,No,No,No,
Evkeeza,evinacumab-dgnb,"Regeneron Pharmaceuticals, Inc.",BLA,761181,,,Injectable,Injection,,,,,6/11/2020,2/11/2021,2021,,"EVKEEZA is indicated as an adjunct to other low-density lipoprotein-cholesterol (LDL-C) lowering therapies for the treatment of adult and pediatric patients, aged 12 years and older, with homozygous familial hypercholesterolemia (HoFH).
Limitations of Use:
- The safety and effectiveness of EVKEEZA have not been established in patients with other causes of hypercholesterolemia, including those with heterozygous familial hypercholesterolemia (HeFH).
- The effects of EVKEEZA on cardiovascular morbidity and mortality have not been determined.",Priority,Yes,No,Yes,No,N/A,No,No,
Cosela,trilaciclib,"G1 Therapeutics, Inc.",NDA,214200,,,Injectable,Injection,,,,,6/15/2020,2/12/2021,2021,,COSELA is indicated to decrease the incidence of chemotherapy-induced myelosuppression in adult patients when administered prior to a platinum/etoposide-containing regimen or topotecan-containing regimen for extensive-stage small cell lung cancer (ES-SCLC).,Priority,No,No,Yes,No,No,No,No,
Amondys 45,casimersen,"Sarepta Therapeutics, Inc.",NDA,213026,,,Injectable,Injection,,,,,6/25/2020,2/25/2021,2021,,AMONDYS 45 is indicated for the treatment of Duchenne muscular dystrophy (DMD) in patients who have a confirmed mutation of the DMD gene that is amenable to exon 45 skipping. This indication is approved under accelerated approval based on an increase in dystrophin production in skeletal muscle observed in patients treated with AMONDYS 45. Continued approval for this indication may be contingent upon verification of a clinical benefit in confirmatory trials.,Priority,Yes,Yes,No,Yes,No,RPD,No,
Nulibry,fosdenopterin,"Origin Biosciences, Inc.",NDA,214018,,,Injectable,Injection,,,,,6/29/2020,2/26/2021,2021,,NULIBRY is indicated to reduce the risk of mortality in patients with molybdenum cofactor deficiency (MoCD) Type A.,Priority,Yes,No,Yes,No,No,RPD,No,
Pepaxto,melphalan flufenamide,Oncopeptides AB,NDA,214383,,,Injectable,Injection,,,,,6/30/2020,2/26/2021,2021,,"PEPAXTO is indicated in combination with dexamethasone for the treatment of adult patients with relapsed or refractory multiple myeloma who have received at least four prior lines of therapy and whose disease is refractory to at least one proteasome inhibitor, one immunomodulatory agent, and one CD38-directed monoclonal antibody.
This indication is approved under accelerated approval based on response rate. Continued approval for this indication may be contingent upon verification and description of clinical benefit in confirmatory trial(s).
Limitations of Use:
PEPAXTO is not indicated and is not recommended for use as a conditioning regimen for transplant outside of controlled clinical trials.",Priority,Yes,Yes,No,No,No,No,No,
Azstarys,serdexmethylphenidate and dexmethylphenidate,Commave Therapeutics SA,NDA,212994,,,Capsule,Oral,,,,,3/2/2020,3/2/2021,2021,,Azstarys is indicated for the treatment of Attention Deficit Hyperactivity Disorder (ADHD) in patients 6 years of age and older.,Standard,No,No,No,No,No,No,No,
Fotivda,tivozanib,"Aveo Pharmaceuticals, Inc.",NDA,212904,,,Capsule,Oral,,,,,3/31/2020,3/10/2021,2021,,FOTIVDA is indicated for the treatment of adult patients with relapsed or refractory advanced renal cell carcinoma (RCC) following two or more prior systemic therapies.,Standard,No,No,No,No,No,No,No,
Ponvory,ponesimod,"Janssen Pharmaceuticals, Inc.",NDA,213498,,,Tablet,Oral,,,,,3/18/2020,3/18/2021,2021,,"PONVORY is indicated for the treatment of relapsing forms of multiple sclerosis (MS), to include clinically isolated syndrome, relapsing-remitting disease, and active secondary progressive disease, in adults.",Standard,No,No,No,No,No,No,No,
Zegalogue,dasiglucagon,Zealand Pharma A/S,NDA,214231,,,Injectable,Injection,,,,,3/27/2020,3/22/2021,2021,,ZEGALOGUE is indicated for the treatment of severe hypoglycemia in pediatric and adult patients with diabetes aged 6 years and above.,Standard,No,No,No,No,No,No,No,
Qelbree,viloxazine,"Supernus Pharmaceuticals, Inc.",NDA,211964,,,Capsule,Oral,,,,,11/8/2019,4/2/2021,2021,,Qelbree is indicated for the treatment of Attention-Deficit Hyperactivity Disorder (ADHD) in pediatric patients 6 to 17 years of age.,Standard,No,No,No,No,No,No,No,
Nextstellis,drospirenone and estetrol,"Mayne Pharma, LLC",NDA,214154,,,Tablet,Oral,,,,,4/15/2020,4/15/2021,2021,,"NEXTSTELLIS is indicated for use by females of reproductive potential to prevent pregnancy.
Limitations of Use:
NEXTSTELLIS may be less effective in females with a BMI >= 30 kg/m2. In females with BMI >= 30 kg/m2, decreasing effectiveness may be associated with increasing BMI.",Standard,No,No,No,No,No,No,No,
Jemperli,dostarlimab-gxly,"GlaxoSmithKline, LLC",BLA,761174,,,Injectable,Injection,,,,,12/19/2019,4/22/2021,2021,,"JEMPERLI is indicated for the treatment of adult patients with mismatch repair deficient (dMMR) recurrent or advanced endometrial cancer (EC), as determined by an FDA-approved test, that has progressed on or following prior treatment with a platinum-containing regimen.
This indication is approved under accelerated approval based on tumor response rate and durability of response. Continued approval for this indication may be contingent upon verification and description of clinical benefit in a confirmatory trial(s).",Priority,No,Yes,Yes,No,N/A,No,No,
Zynlonta,loncastuximab tesirine-lpyl,ADC Therapeutics S.A.,BLA,761196,,,Injectable,Injection,,,,,9/21/2020,4/23/2021,2021,,"ZYNLONTA is indicated for the treatment of adult patients with relapsed or refractory large B cell lymphoma after two or more lines of systemic therapy, including diffuse large B-cell lymphoma (DLBCL) not otherwise specified, DLBCL arising from low grade lymphoma, and high-grade B-cell lymphoma.
This indication is approved under accelerated approval based on overall response rate. Continued approval for this indication may be contingent upon verification and description of clinical benefit in a confirmatory trial(s).",Priority,Yes,Yes,No,No,N/A,No,No,
Empaveli,pegcetacoplan,"Apellis Pharmaceuticals, Inc.",NDA,215014,,,Injectable,Injection,,,,,9/14/2020,5/14/2021,2021,,EMPAVELI is indicated for the treatment of adult patients with paroxysmal nocturnal hemoglobinuria (PNH).,Priority,Yes,No,No,Yes,No,No,No,
Rybrevant,amivantamab-vmjw,"Janssen Biotech, Inc.",BLA,761210,,,Injectable,Injection,,,,,11/24/2020,5/21/2021,2021,,"RYBREVANT is indicated for the treatment of adult patients with locally advanced or metastatic non-small cell lung cancer (NSCLC) with epidermal growth factor receptor (EGFR) exon 20 insertion mutations, as detected by an FDA-approved test, whose disease has progressed on or after platinum-based chemotherapy.
This indication is approved under accelerated approval based on overall response rate and duration of response. Continued approval for this indication may be contingent upon verification and description of clinical benefit in the confirmatory trials.",Priority,No,Yes,Yes,No,N/A,No,No,
Pylarify,piflufolastat F 18,"Progenics Pharmaceuticals, Inc.",NDA,214793,,,Injectable,Injection,,,,,9/29/2020,5/26/2021,2021,,"PYLARIFY is indicated for positron emission tomography (PET) of prostate-specific membrane antigen (PSMA) positive lesions in men with prostate cancer:
- with suspected metastasis who are candidates for initial definitive therapy.
- with suspected recurrence based on elevated serum prostate-specific antigen (PSA) level.",Priority,No,No,No,No,No,No,No,
Lumakras,sotorasib,"Amgen, Inc.",NDA,214665,,,Tablet,Oral,,,,,12/16/2020,5/28/2021,2021,,"LUMAKRAS is indicated for the treatment of adult patients with KRAS G12C-mutated locally advanced or metastatic non-small cell lung cancer (NSCLC), as determined by an FDA-approved test, who have received at least one prior systemic therapy.
This indication is approved under accelerated approval based on overall response rate (ORR) and duration of response (DOR). Continued approval for this indication may be contingent upon verification and description of clinical benefit in a confirmatory trial(s).",Priority,Yes,Yes,Yes,Yes,No,No,No,
Lybalvi,olanzapine and samidorphan,"Alkermes, Inc.",NDA,213378,,,Tablet,Oral,,,,,11/15/2019,5/28/2021,2021,,"LYBALVI is indicated for treatment of:
- schizophrenia in adults
- bipolar I disorder in adults
-- Acute treatment of manic or mixed episodes as monotherapy and as adjunct to lithium or valproate
-- Maintenance monotherapy treatment",Standard,No,No,No,No,No,No,No,
Truseltiq,infigratinib,"QED Therapeutics, Inc.",NDA,214622,,,Capsule,Oral,,,,,9/29/2020,5/28/2021,2021,,"TRUSELTIQ is indicated for the treatment of adults with previously treated, unresectable locally advanced or metastatic cholangiocarcinoma with a fibroblast growth factor receptor 2 (FGFR2) fusion or other rearrangement as detected by an FDA-approved test.
This indication is approved under accelerated approval based on overall response rate and duration of response. Continued approval for this indication may be contingent upon verification and description of clinical benefit in a confirmatory trial(s).",Priority,Yes,Yes,No,Yes,No,No,No,
Brexafemme,ibrexafungerp,"Scynexis, Inc.",NDA,214900,,,Tablet,Oral,,,,,10/1/2020,6/1/2021,2021,,BREXAFEMME is indicated for the treatment of adult and post-menarchal pediatric females with vulvovaginal candidiasis (VVC).,Priority,No,No,No,Yes,Yes,No,No,
Aduhelm,aducanumab-avwa,"Biogen, Inc.",BLA,761178,,,Injectable,Injection,,,,,7/7/2020,6/7/2021,2021,,ADUHELM is indicated for the treatment of Alzheimer’s disease. This indication is approved under accelerated approval based on reduction in amyloid beta plaques observed in patients treated with ADUHELM. Continued approval for this indication may be contingent upon verification of clinical benefit in confirmatory trial(s).,Priority,No,Yes,No,Yes,N/A,No,No,
Rylaze,asparaginase erwinia chrysanthemi (recombinant)-rywn,Jazz Pharmaceuticals Ireland Limited,BLA,761179,,,Injectable,Injection,,,,,4/30/2021,6/30/2021,2021,,RYLAZE is indicated as a component of a multi-agent chemotherapeutic regimen for the treatment of acute lymphoblastic leukemia (ALL) and lymphoblastic lymphoma (LBL) in adult and pediatric patients 1 month or older who have developed hypersensitivity to E. coli-derived asparaginase.,Standard,Yes,No,No,Yes,N/A,No,No,
Kerendia,finerenone,"Bayer HealthCare Pharmaceuticals, Inc.",NDA,215341,,,Tablet,Oral,,,,,11/9/2020,7/9/2021,2021,,"Kerendia is indicated to reduce the risk of sustained eGFR decline, end-stage kidney disease, cardiovascular death, nonfatal myocardial infarction, and hospitalization for heart failure in adult patients with chronic kidney disease (CKD) associated with type 2 diabetes (T2D).",Priority,No,No,No,Yes,No,No,No,
[drug marketed without a proprietary name],fexinidazole,Drugs for Neglected Diseases initiative,NDA,214429,,,Tablet,Oral,,,,,3/12/2020,7/16/2021,2021,,"Fexinidazole Tablets are indicated for the treatment of both the first-stage (hemolymphatic) and second-stage (meningoencephalitic) human African trypanosomiasis (HAT) due to Trypanosoma brucei gambiense in patients 6 years of age and older and weighing at least 20 kg.
Limitations of Use:
Due to the decreased efficacy observed in patients with severe second stage HAT (cerebrospinal fluid white blood cell count (CSF-WBC) >100 cells/?L) due to T. brucei gambiense disease, Fexinidazole Tablets should only be used in these patients if there are no other available treatment options.",Priority,Yes,No,No,No,No,TD,No,
Rezurock,belumosudil,"Kadmon Pharmaceuticals, LLC",NDA,214783,,,Tablet,Oral,,,,,9/30/2020,7/16/2021,2021,,REZUROCK is indicated for the treatment of adult and pediatric patients 12 years and older with chronic graft-versus-host disease (chronic GVHD) after failure of at least two prior lines of systemic therapy.,Priority,Yes,No,Yes,No,No,No,No,
Bylvay,odevixibat,Albireo AB,NDA,215498,,,Capsule,Oral,,,,,11/20/2020,7/20/2021,2021,,"BYLVAY is indicated for the treatment of pruritus in patients 3 months of age and older with progressive familial intrahepatic cholestasis (PFIC).
Limitations of Use:
-BYLVAY may not be effective in PFIC type 2 patients with ABCB11 variants resulting in nonfunctional or complete absence of bile salt export pump protein (BSEP-3).",Priority,Yes,No,No,Yes,No,RPD,No,
Saphnelo,anifrolumab-fnia,AstraZeneca AB,BLA,761123,,,Injectable,Injection,,,,,7/31/2020,7/30/2021,2021,,"SAPHNELO (anifrolumab-fnia) is indicated for the treatment of adult patients with moderate to severe systemic lupus erythematosus (SLE), who are receiving standard therapy.
Limitations of Use: The efficacy of SAPHNELO has not been evaluated in patients with severe active lupus nephritis or severe active central nervous system lupus. Use of SAPHNELO is not recommended in these situations.",Standard,No,No,No,Yes,N/A,No,No,
Nexviazyme,avalglucosidase alfa-ngpt,Genzyme Corporation,BLA,761194,,,Injectable,Injection,,,,,9/18/2020,8/6/2021,2021,,NEXVIAZYME is indicated for the treatment of patients 1 year of age and older with late-onset Pompe disease (lysosomal acid alpha-glucosidase [GAA] deficiency).,Priority,Yes,No,Yes,Yes,N/A,No,No,
Welireg,belzutifan,Merck Sharp and Dohme Corp.,NDA,215383,,,Tablet,Oral,,,,,1/15/2021,8/13/2021,2021,,"WELIREG is indicated for treatment of adult patients with von Hippel-Lindau (VHL) disease who require therapy for associated renal cell carcinoma (RCC), central nervous system (CNS) hemangioblastomas, or pancreatic neuroendocrine tumors (pNET), not requiring immediate surgery.",Priority,Yes,No,No,No,No,No,No,
Korsuva,difelikefalin,"Cara Therapeutics, Inc.",NDA,214916,,,Injectable,Injection,,,,,12/23/2020,8/23/2021,2021,,"KORSUVA is indicated for the treatment of moderate-to-severe pruritus associated with chronic kidney disease (CKD-aP) in adults undergoing hemodialysis (HD).
Limitations of Use:
KORSUVA has not been studied in patients on peritoneal dialysis and is not recommended for use in this population.",Priority,No,No,Yes,No,No,No,No,
Skytrofa,lonapegsomatropin-tcgd,Ascendis Pharma Endocrinology Division A/S,BLA,761177,,,Injectable,Injection,,,,,6/25/2020,8/25/2021,2021,,SKYTROFA (lonapegsomatropin-tcgd) is a human growth hormone indicated for the treatment of pediatric patients 1 year and older who weigh at least 11.5 kg and have growth failure due to inadequate secretion of endogenous growth hormone (GH).,Standard,Yes,No,No,No,N/A,No,No,
Exkivity,mobocertinib,"Takeda Pharmaceuticals U.S.A., Inc.",NDA,215310,,,Capsule,Oral,,,,,2/26/2021,9/15/2021,2021,,"EXKIVITY is indicated for the treatment of adult patients with locally advanced or metastatic non-small cell lung cancer (NSCLC) with epidermal growth factor receptor (EGFR) exon 20 insertion mutations, as detected by an FDA-approved test, whose disease has progressed on or after platinum-based chemotherapy.
This indication is approved under accelerated approval based on overall response rate and duration of response. Continued approval for this indication may be contingent upon verification and description of clinical benefit in confirmatory trial(s).",Priority,Yes,Yes,Yes,Yes,No,No,No,
Tivdak,tisotumab vedotin-tftv,"Seagen, Inc.",BLA,761208,,,Injectable,Injection,,,,,2/10/2021,9/20/2021,2021,,"TIVDAK is indicated for the treatment of adult patients with recurrent or metastatic cervical cancer with disease progression on or after chemotherapy.
This indication is approved under accelerated approval based on tumor response rate and durability of response. Continued approval for this indication may be contingent upon verification and description of clinical benefit in confirmatory trials.",Priority,No,Yes,No,No,N/A,No,No,
Qulipta,atogepant,"AbbVie, Inc.",NDA,215206,,,Tablet,Oral,,,,,1/28/2021,9/28/2021,2021,,QULIPTA is indicated for the preventive treatment of episodic migraine in adults.,Priority (used priority review voucher),No,No,No,No,No,No,Yes,
Livmarli,maralixibat,"Mirum Pharmaceuticals, Inc.",NDA,214662,,,Solution,Oral,,,,,1/29/2021,9/29/2021,2021,,LIVMARLI is indicated for the treatment of cholestatic pruritus in patients with Alagille syndrome (ALGS) 1 year of age and older.,Priority,Yes,No,Yes,No,No,RPD,No,
Tavneos,avacopan,"ChemoCentryx, Inc.",NDA,214487,,,Capsule,Oral,,,,,7/7/2020,10/7/2021,2021,,TAVNEOS is indicated as an adjunctive treatment of adult patients with severe active antineutrophil cytoplasmic autoantibody (ANCA)-associated vasculitis (granulomatosis with polyangiitis [GPA] and microscopic polyangiitis [MPA]) in combination with standard therapy including glucocorticoids. TAVNEOS does not eliminate glucocorticoid use.,Standard,Yes,No,No,No,No,No,No,
Scemblix,asciminib,Novartis Pharmaceuticals Corporation,NDA,215358,,,Tablet,Oral,,,,,6/24/2021,10/29/2021,2021,,"SCEMBLIX is indicated for the treatment of adult patients with:
[A]Philadelphia chromosome-positive chronic myeloid leukemia (Ph+ CML) in chronic phase (CP), previously treated with two or more tyrosine kinase inhibitors (TKIs)
[B] Treatment of adult patients with Ph+ CML in CP with the T315I mutation.  ",Priority,Yes,Yes (indication [A] only),Yes,Yes,No,No,No,
Besremi,ropeginterferon alfa-2b-njft,PharmaEssentia Corporation,BLA,761166,,,Injectable,Injection,,,,,3/13/2020,11/12/2021,2021,,BESREMi is indicated for the treatment of adults with polycythemia vera.,Standard,Yes,No,No,No,N/A,No,No,
Voxzogo,vosoritide,"BioMarin Pharmaceutical, Inc.",NDA,214938,,,Injectable,Injection,,,,,8/20/2020,11/19/2021,2021,,VOXZOGO is indicated to increase linear growth in pediatric patients with achondroplasia who are 5 years of age and older with open epiphyses. This indication is approved under accelerated approval based on an improvement in annualized growth velocity [see Clinical Studies (14)]. Continued approval for this indication may be contingent upon verification and description of clinical benefit in confirmatory trial(s).,Priority,Yes,Yes,No,No,No,RPD,No,
Livtencity,maribavir,"Takeda Pharmaceuticals U.S.A., Inc.",NDA,215596,,,Tablet,Oral,,,,,3/23/2021,11/23/2021,2021,,"LIVTENCITY is indicated for the treatment of adults and pediatric patients (12 years of age and older and weighing at least 35 kg) with post-transplant cytomegalovirus (CMV) infection/disease that is refractory to treatment (with or without genotypic resistance) with ganciclovir, valganciclovir, cidofovir or foscarnet.",Priority,Yes,No,Yes,No,No,No,No,
Cytalux,pafolacianine,"On Target Laboratories, Inc.",NDA,214907,,,Injectable,Injection,,,,,12/29/2020,11/29/2021,2021,,CYTALUX is an optical imaging agent indicated in adult patients with ovarian cancer as an adjunct for intraoperative identification of malignant lesions.,Priority,Yes,No,No,Yes,No,No,No,
Tezspire,tezepelumab-ekko,AstraZeneca AB,BLA,761224,,,Injectable,Injection,,,,,5/7/2021,12/17/2021,2021,,"TEZSPIRE is indicated for the add-on maintenance treatment of adult and pediatric patients aged 12 years and older with severe asthma.
Limitations of Use:
TEZSPIRE is not indicated for the relief of acute bronchospasm or status asthmaticus.",Priority,No,No,No,No,N/A,No,No,
Vyvgart,efgartigimod alfa-fcab,argenx BV,BLA,761195,,,Injectable,Injection,,,,,12/17/2020,12/17/2021,2021,,VYVGART is indicated for the treatment of generalized myasthenia gravis (gMG) in adult patients who are anti-acetylcholine receptor (AChR) antibody positive.,Standard,Yes,No,No,Yes,N/A,No,No,
Leqvio,inclisiran,Novartis Pharmaceuticals Corporation,NDA,214012,,,Injectable,Injection,,,,,12/23/2019,12/22/2021,2021,,"LEQVIO is indicated as an adjunct to diet and maximally tolerated statin therapy for the treatment of adults with heterozygous familial hypercholesterolemia (HeFH) or clinical atherosclerotic cardiovascular disease (ASCVD), who require additional lowering of low-density lipoprotein cholesterol (LDL-C).
Limitations of Use:
The effect of LEQVIO on cardiovascular morbidity and mortality has not been determined.",Standard,No,No,No,No,No,No,No,
Adbry,tralokinumab-ldrm,LEO Pharma A/S,BLA,761180,,,Injectable,Injection,,,,,4/27/2020,12/27/2021,2021,,ADBRY is indicated for the treatment of moderate-to-severe atopic dermatitis in adult patients whose disease is not adequately controlled with topical prescription therapies or when those therapies are not advisable. ADBRY can be used with or without topical corticosteroids.,Standard,No,No,No,No,N/A,No,No,
Quviviq,daridorexant,Idorsia Pharmaceuticals Ltd.,NDA,214985,,,Tablet,Oral,,,,,1/8/2021,1/7/2022,2022,,"QUVIVIQ is indicated for the treatment of adult patients with insomnia, characterized by difficulties with sleep onset and/or sleep maintenance.",Standard,No,No,No,No,No,No,No,
Cibinqo,abrocitinib,"Pfizer, Inc.",NDA,213871,,,Tablet,Oral,,,,,8/25/2020,1/14/2022,2022,,"CIBINQO is indicated for the treatment of adults with refractory, moderate-to-severe atopic dermatitis whose disease is not adequately controlled with other systemic drug products, including biologics, or when use of those therapies is inadvisable.
Limitations of Use:
CIBINQO is not recommended for use in combination with other JAK inhibitors, biologic immunomodulators, or with other immunosuppressants.",Priority,No,No,Yes,No,No,No,No,
Kimmtrak,tebentafusp-tebn,Immunocore Limited,BLA,761228,,,Injectable,Injection,,,,,6/23/2021,1/25/2022,2022,,KIMMTRAK is indicated for the treatment of HLA-A*02:01-positive adult patients with unresectable or metastatic uveal melanoma.,Priority,Yes,No,Yes,No,N/A,No,No,
Vabysmo,faricimab-svoa,"Genentech, Inc.",BLA,761235,,,Injectable,Intravitreal,,,,,5/28/2021,1/28/2022,2022,,"VABYSMO is a vascular endothelial growth factor (VEGF) and angiopoietin 2 (Ang-2) inhibitor indicated for the treatment of patients with:
- Neovascular (wet) Age-Related Macular Degeneration (nAMD)
- Diabetic Macular Edema (DME)",Priority (used priority review voucher),No,No,No,No,N/A,No,Yes,
Enjaymo,sutimlimab-jome,"Bioverativ USA, Inc.",BLA,761164,,,Injectable,Injection,,,,,3/13/2020,2/4/2022,2022,,ENJAYMO (sutimlimab-jome) is indicated to decrease the need for red blood cell (RBC) transfusion due to hemolysis in adults with cold agglutinin disease (CAD),Priority,Yes,No,Yes,No,N/A,No,No,
Pyrukynd,mitapivat,"Agios Pharmaceuticals, Inc.",NDA,216196,,,Tablet,Oral,,,,,6/17/2021,2/17/2022,2022,,PYRUKYND is indicated for the treatment of hemolytic anemia in adults with pyruvate kinase (PK) deficiency.,Priority,Yes,No,No,Yes,No,No,No,
Vonjo,pacritinib,CTI BioPharma Corporation,NDA,208712,,,Capsule,Oral,,,,,3/30/2021,2/28/2022,2022,,VONJO is indicated for the treatment of adults with intermediate or high-risk primary or secondary (post-polycythemia vera or post-essential thrombocythemia) myelofibrosis (MF) with a platelet count below 50 × 10^9/L. This indication is approved under accelerated approval based on spleen volume reduction. Continued approval for this indication may be contingent upon verification and description of clinical benefit in a confirmatory trial(s).,Priority,Yes,Yes,No,Yes,No,No,No,
Opdualag,nivolumab and relatlimab-rmbw,Bristol-Myers Squibb Company,BLA,761234,,,Solution,Intravenous,,,,,7/19/2021,3/18/2022,2022,,OPDUALAG is indicated for the treatment of adult and pediatric patients 12 years of age or older with unresectable or metastatic melanoma.,Priority,Yes,No,No,Yes,N/A,No,No,
Ztalmy,ganaxolone,"Marinus Pharmaceuticals, Inc.",NDA,215904,,,Suspension,Oral,,,,,7/20/2021,3/18/2022,2022,,ZTALMY is indicated for the treatment of seizures associated with cyclin-dependent kinase-like 5 (CDKL5) deficiency disorder (CDD) in patients 2 years of age and older.,Priority,Yes,No,No,No,No,RPD,No,
Pluvicto,lutetium Lu 177 vipivotide tetraxetan,"Advanced Accelerator Applications USA, Inc.",NDA,215833,,,Solution,Intravenous,,,,,7/29/2021,3/23/2022,2022,,PLUVICTO is indicated for the treatment of adult patients with prostate-specific membrane antigen (PSMA)-positive metastatic castration-resistant prostate cancer (mCRPC) who have been treated with androgen receptor (AR) pathway inhibition and taxane-based chemotherapy.,Priority,No,No,Yes,No,No,No,No,
Vivjoa,oteseconazole,"Mycovia Pharmaceuticals, Inc.",NDA,215888,,,Capsule,Oral,,,,,5/27/2021,4/26/2022,2022,,"VIVJOA is indicated to reduce the incidence of recurrent vulvovaginal candidiasis (RVVC) in females with a history of RVVC who are NOT of reproductive potential.
If specimens for fungal culture are obtained prior to therapy, antifungal therapy may be instituted before the results of the cultures are known. However, once these results become available, antifungal therapy should be adjusted accordingly.",Priority,No,No,No,Yes,Yes,No,No,
Camzyos,mavacamten,"MyoKardia, Inc.",NDA,214998,,,Capsule,Oral,,,,,1/28/2021,4/28/2022,2022,,CAMZYOS is indicated for the treatment of adults with symptomatic New York Heart Association (NYHA) class II-III obstructive hypertrophic cardiomyopathy (HCM) to improve functional capacity and symptoms.,Standard,Yes,No,Yes,No,No,No,No,
Voquezna Triple Pak,vonoprazan; amoxicillin; clarithromycin (co-packaged),"Phathom Pharmaceuticals, Inc.",NDA,215152,,,"Capsule, Tablet, Tablet",Oral,,,,,9/3/2021,5/3/2022,2022,,"VOQUEZNA TRIPLE PAK or VOQUEZNA DUAL PAK are indicated for the treatment of Helicobacter pylori (H. pylori) infection in adults. 
To reduce the development of drug-resistant bacteria and maintain the effectiveness of VOQUEZNA TRIPLE PAK, VOQUEZNA DUAL PAK and other antibacterial drugs, VOQUEZNA TRIPLE PAK and VOQUEZNA DUAL PAK should be used only to treat or prevent infections that are proven or strongly suspected to be caused by susceptible bacteria. When culture and susceptibility information are available, they should be considered in selecting or modifying antibacterial therapy. In the absence of such data, local epidemiology and susceptibility patterns may contribute to the empiric selection of therapy.",Priority,No,No,No,Yes,Yes,No,No,
Mounjaro,tirzepatide,Eli Lilly and Company,NDA,215866,,,Solution,Subcutaneous,,,,,9/15/2021,5/13/2022,2022,,"MOUNJARO is indicated as an adjunct to diet and exercise to improve glycemic control in adults with type 2 diabetes
mellitus.
Limitations of Use:
MOUNJARO has not been studied in patients with a history of pancreatitis.
MOUNJARO is not indicated for use in patients with type 1 diabetes mellitus.",Priority (used priority review voucher),No,No,No,No,No,No,Yes,
Vtama,tapinarof,"Dermavant Sciences, Inc.",NDA,215272,,,Cream,Topical,,,,,5/26/2021,5/23/2022,2022,,"VTAMA (tapinarof) cream, 1% is an aryl hydrocarbon receptor agonist indicated for the topical treatment of plaque psoriasis in adults.",Standard,No,No,No,No,No,No,No,
Amvuttra,vutrisiran,"Alnylam Pharmaceuticals, Inc.",NDA,215515,,,Solution,Subcutaneous,,,,,4/14/2021,6/13/2022,2022,,AMVUTTRA is indicated for the treatment of the polyneuropathy of hereditary transthyretin-mediated amyloidosis in adults.,Standard,Yes,No,No,Yes,No,No,No,
Xenpozyme,olipudase alfa-rpcp,Genzyme Corporation,BLA,761261,,,Injectable,Injection,,,,,11/3/2021,8/31/2022,2022,,XENPOZYME is indicated for treatment of non–central nervous system manifestations of acid sphingomyelinase deficiency (ASMD) in adult and pediatric patients.,Priority,Yes,No,Yes,Yes,N/A,RPD,No,
Spevigo,spesolimab-sbzo,"Boehringer Ingelheim Pharmaceuticals, Inc.",BLA,761244,,,Injectable,Intravenous,,,,,10/1/2021,9/1/2022,2022,,SPEVIGO is indicated for the treatment of generalized pustular psoriasis (GPP) flares in adults.,Priority,Yes,No,Yes,No,N/A,No,No,
Daxxify,daxibotulinumtoxinA-lanm,"Revance Therapeutics, Inc.",BLA,761127,,,Injectable,"Intramuscular, Subcutaneous",,,,,11/25/2019,9/7/2022,2022,,DAXXIFY (daxibotulinumtoxinA-lanm) is indicated for the temporary improvement in the appearance of moderate to severe glabellar lines associated with corrugator and/or procerus muscle activity in adult patients.,Standard,No,No,No,No,N/A,No,No,
Rolvedon,eflapegrastim-xnst,"Spectrum Pharmaceuticals, Inc.",BLA,761148,,,Injectable,Subcutaneous,,,,,10/24/2019,9/9/2022,2022,,"ROLVEDON is indicated to decrease the incidence of infection, as manifested by febrile neutropenia, in adult patients with non-myeloid malignancies receiving myelosuppressive anti-cancer drugs associated with clinically significant incidence of febrile neutropenia.
Limitations of Use:
Rolvedon is not indicated for the mobilization of peripheral blood progenitor cells for hematopoietic stem cell transplantation.",Standard,No,No,No,No,N/A,No,No,
Sotyktu,deucravacitinib,Bristol-Myers Squibb Company,NDA,214958,,,Tablet,Oral,,,,,9/10/2021,9/9/2022,2022,,"SOTYKTU is indicated for the treatment of moderate-to-severe plaque psoriasis in adults who are candidates for systemic therapy or phototherapy.
Limitations of Use:
SOTYKTU is not recommended for use in combination with other potent immunosuppressants.",Standard,No,No,No,No,No,No,No,
Terlivaz,terlipressin,"Mallinckrodt Pharmaceuticals Ireland, Ltd.",NDA,22231,,,Powder,Intravenous,,,,,5/4/2009,9/14/2022,2022,,"TERLIVAZ is indicated to improve kidney function in adults with hepatorenal syndrome with rapid reduction in kidney function.
Limitation of Use:
Patients with a serum creatinine > 5 mg/dL are unlikely to experience benefit.",Priority,Yes,No,No,Yes,No,No,No,
Elucirem,gadopiclenol,"Guerbet, LLC",NDA,216986,,,Solution,Intravenous,,,,,1/21/2022,9/21/2022,2022,,"ELUCIREM is indicated in adult and pediatric patients aged 2 years and older for use with magnetic resonance imaging (MRI) to detect and visualize lesions with abnormal vascularity in:
- the central nervous system (brain, spine, and associated tissues),
- the body (head and neck, thorax, abdomen, pelvis, and musculoskeletal system).",Priority,No,No,No,No,No,No,No,
Omlonti,omidenepag isopropyl,"Santen, Inc.",NDA,215092,,,Solution,Ophthalmic,,,,,11/19/2020,9/22/2022,2022,,"OMLONTI (omidenepag isopropyl ophthalmic solution) 0.002%, is indicated for the reduction of elevated intraocular pressure (IOP) in patients with open-angle glaucoma or ocular hypertension.",Standard,No,No,No,No,No,No,No,
Relyvrio,sodium phenylbutyrate and taurursodiol,"Amylyx Pharmaceuticals, Inc.",NDA,216660,,,For Suspension,Oral,,,,,10/29/2021,9/29/2022,2022,,RELYVRIO is indicated for the treatment of amyotrophic lateral sclerosis (ALS) in adults.,Priority,Yes,No,No,No,No,No,No,
Lytgobi,futibatinib,"Taiho Oncology, Inc.",NDA,214801,,,Tablet,Oral,,,,,1/31/2022,9/30/2022,2022,,"LYTGOBI is indicated for the treatment of adult patients with previously treated, unresectable, locally advanced or metastatic intrahepatic cholangiocarcinoma harboring fibroblast growth factor receptor 2 (FGFR2) gene fusions or other rearrangements.
This indication is approved under accelerated approval based on overall response rate and duration of response. Continued approval for this indication may be contingent upon verification and description of clinical benefit in a confirmatory trial(s).",Priority,Yes,Yes,Yes,Yes,No,No,No,
Imjudo,tremelimumab-actl,AstraZeneca AB,BLA,761289,,,Injectable,Intravenous,,,,,2/23/2022,10/21/2022,2022,,IMJUDO in combination with durvalumab is indicated for the treatment of adult patients with unresectable hepatocellular carcinoma (uHCC).,Priority (used priority review voucher),Yes,No,No,No,N/A,No,Yes,
Tecvayli,teclistamab-cqyv,"Janssen Biotech, Inc.",BLA,761291,,,Injectable,Injection,,,,,12/28/2021,10/25/2022,2022,,"TECVAYLI is indicated for the treatment of adult patients with relapsed or refractory multiple myeloma who have received at least four prior lines of therapy, including a proteasome inhibitor, an immunomodulatory agent and an anti-CD38 monoclonal antibody.
This indication is approved under accelerated approval based on response rate. Continued approval for this indication may be contingent upon verification and description of clinical benefit in confirmatory trial(s).",Priority,Yes,Yes,Yes,No,N/A,No,No,
Elahere,mirvetuximab soravtansine-gynx,"ImmunoGen, Inc.",BLA,761310,,,Injectable,Injection,,,,,3/28/2022,11/14/2022,2022,,"ELAHERE is indicated for the treatment of adult patients with folate receptor-alpha (FRalpha) positive, platinum-resistant epithelial ovarian, fallopian tube, or primary peritoneal cancer, who have received one to three prior systemic treatment regimens. Select patients for therapy based on an FDA-approved test.
This indication is approved under accelerated approval based on tumor response rate and durability of response. Continued approval for this indication may be contingent upon verification and description of clinical benefit in a confirmatory trial.",Priority,Yes,Yes,No,Yes,N/A,No,No,
Tzield,teplizumab-mzwv,"Provention Bio, Inc.",BLA,761183,,,Injectable,Injection,,,,,11/2/2020,11/17/2022,2022,,TZIELD is indicated to delay the onset of Stage 3 type 1 diabetes in adults and pediatric patients 8 years of age and older with Stage 2 type 1 diabetes.,Priority,No,No,Yes,No,N/A,No,No,
Rezlidhia,olutasidenib,"Forma Therapeutics, Inc.",NDA,215814,,,Capsule,Oral,,,,,2/15/2022,12/1/2022,2022,,REZLIDHIA is indicated for the treatment of adult patients with relapsed or refractory acute myeloid leukemia (AML) with a susceptible isocitrate dehydrogenase-1 (IDH1) mutation as detected by an FDA-approved test.,Standard,Yes,No,No,No,No,No,No,
Krazati,adagrasib,"Mirati Therapeutics, Inc.",NDA,216340,,,Tablet,Oral,,,,,12/14/2021,12/12/2022,2022,,"KRAZATI is indicated for the treatment of adult patients with KRAS G12C-mutated locally advanced or metastatic non-small cell lung cancer (NSCLC), as determined by an FDA-approved test, who have received at least one prior systemic therapy.
This indication is approved under accelerated approval based on objective response rate (ORR) and duration of response (DOR). Continued approval for this indication may be contingent upon verification and description of a clinical benefit in a confirmatory trial(s).",Standard,Yes,Yes,Yes,Yes,No,No,No,
Lunsumio,mosunetuzumab-axgb,"Genentech, Inc.",BLA,761263,,,Injectable,Injection,,,,,4/29/2022,12/22/2022,2022,,"LUNSUMIO is indicated for the treatment of adult patients with relapsed or refractory follicular lymphoma after two or more lines of systemic therapy.
This indication is approved under accelerated approval based on response rate. Continued approval for this indication may be contingent upon verification and description of clinical benefit in a confirmatory trial(s).",Priority,Yes,Yes,Yes,No,N/A,No,No,
Sunlenca,lenacapavir,"Gilead Sciences, Inc.",NDA,215973,,,Solution,Subcutaneous,,,,,6/28/2021,12/22/2022,2022,,"SUNLENCA, in combination with other antiretroviral(s), is indicated for the treatment of human immunodeficiency virus type 1 (HIV-1) infection in heavily treatment-experienced adults with multidrug resistant HIV-1 infection failing their current antiretroviral regimen due to resistance, intolerance, or safety considerations.",Priority,No,No,Yes,Yes,No,No,No,
Xenoview,xenon Xe 129 hyperpolarized,"Polarean, Inc.",NDA,214375,,,Gas,Inhalation,,,,,10/5/2020,12/23/2022,2022,,"XENOVIEW, prepared from the Xenon Xe 129 Gas Blend, is indicated for use with magnetic resonance imaging (MRI) for evaluation of lung ventilation in adults and pediatric patients aged 12 years and older.
Limitations of Use:
XENOVIEW has not been evaluated for use with lung perfusion imaging.",Standard,No,No,No,No,No,No,No,
Briumvi,ublituximab-xiiy,"TG Therapeutics, Inc.",BLA,761238,,,Injectable,Intravenous,,,,,9/28/2021,12/28/2022,2022,,"BRIUMVI is indicated for the treatment of relapsing forms of multiple sclerosis (MS), to include clinically isolated syndrome, relapsing-remitting disease, and active secondary progressive disease, in adults.",Standard,No,No,No,No,N/A,No,No,
NexoBrid,anacaulase-bcdb,"MediWound, Ltd.",BLA,761192,,,Gel,Topical,,,,,6/29/2020,12/28/2022,2022,,"NEXOBRID is indicated for eschar removal in adults with deep partial thickness (DPT) and/or full thickness (FT) thermal burns. 
Limitations of Use:
The safety and effectiveness of NEXOBRID have not been established for treatment of:
-Chemical or electrical burns
-Burns on the face, perineum, or genitalia
-Burns on the feet of patients with diabetes mellitus or on the feet of patients with occlusive vascular disease
-Circumferential burns
-Burns in patients with significant cardiopulmonary disease, including inhalation injury
NEXOBRID is not recommended for wounds contaminated with radioactive and other hazardous substances to avoid unforeseeable reactions with the product and an increased risk of spreading the noxious substance.",Standard,Yes,No,No,No,N/A,No,No,
Leqembi,lecanemab-irmb,"Eisai, Inc.",BLA,761269,,,Injectable,Injection,,,,,5/6/2022,1/6/2023,2023,,"LEQEMBI is indicated for the treatment of Alzheimer’s disease. Treatment with LEQEMBI should be initiated in patients with mild cognitive impairment or mild dementia stage of disease, the population in which treatment was initiated in clinical trials. There are no safety or effectiveness data on initiating treatment at earlier or later stages of the disease than were studied. This indication is approved under accelerated approval based on reduction in amyloid beta plaques observed in patients treated with LEQEMBI . Continued approval for this indication may be contingent upon verification of clinical benefit in a confirmatory trial.",Priority,No,Yes,Yes,Yes,N/A,No,No,
Brenzavvy,bexagliflozin,"TheracosBio, LLC.",NDA,214373,,,Tablet,Oral,,,,,10/22/2021,1/20/2023,2023,,"BRENZAVVY is indicated as an adjunct to diet and exercise to improve glycemic control in adults with type 2 diabetes mellitus.
Limitations of Use:
BRENZAVVY is not recommended in patients with type 1 diabetes mellitus. It may increase the risk of diabetic ketoacidosis in these patients.",Standard,No,No,No,No,No,No,No,
Jaypirca,pirtobrutinib,"Loxo Oncology, Inc.",NDA,216059,,,Tablet,Oral,,,,,5/27/2022,1/27/2023,2023,,"JAYPIRCA is indicated for the treatment of adult patients with relapsed or refractory mantle cell lymphoma (MCL) after at least two lines of systemic therapy, including a BTK inhibitor.
This indication is approved under accelerated approval based on response rate. Continued approval for this indication may be contingent upon verification and description of clinical benefit in a confirmatory trial.",Priority,Yes,Yes,No,Yes,No,No,No,
Orserdu,elacestrant,"Stemline Therapeutics, Inc.",NDA,217639,,,Tablet,Oral,,,,,6/17/2022,1/27/2023,2023,,"ORSERDU is indicated for the treatment of postmenopausal women or adult men with estrogen receptor (ER)-positive, human epidermal growth factor receptor 2 (HER2)-negative, ESR1-mutated advanced or metastatic breast cancer with disease progression following at least one line of endocrine therapy.",Priority,No,No,No,Yes,No,No,No,
Jesduvroq,daprodustat,GlaxoSmithKline Intellectual Property (No. 2) Limited England,NDA,216951,,,Tablet,Oral,,,,,2/1/2022,2/1/2023,2023,,"JESDUVROQ is indicated for the treatment of anemia due to chronic kidney disease (CKD) in adults who have been receiving dialysis for at least four months.
Limitations of Use:
JESDUVROQ has not been shown to improve quality of life, fatigue, or patient well-being.
JESDUVROQ is not indicated for use:
-As a substitute for red blood cell transfusions in patients who require immediate
correction of anemia.
-For treatment of anemia of chronic kidney disease in patients who are not on dialysis.",Standard,No,No,No,No,No,No,No,
Lamzede,velmanase alfa-tycv,Chiesi Farmaceutici SpA,BLA,761278,,,Injectable,Injection,,,,,6/17/2022,2/16/2023,2023,,LAMZEDE is indicated for the treatment of non-central nervous system manifestations of alpha-mannosidosis in adult and pediatric patients.,Priority,Yes,No,No,Yes,N/A,RPD,No,
Filspari,sparsentan,"Travere Therapeutics, Inc.",NDA,216403,,,Tablet,Oral,,,,,3/17/2022,2/17/2023,2023,,"FILSPARI is indicated to reduce proteinuria in adults with primary immunoglobulin A nephropathy (IgAN) at risk of rapid disease progression, generally a urine protein-to-creatinine ratio (UPCR) >=1.5 g/g.
This indication is approved under accelerated approval based on a reduction of proteinuria. It has not been established whether FILSPARI slows kidney function decline in patients with IgAN. Continued approval for this indication may be contingent upon verification and description of clinical benefit in a confirmatory clinical trial.",Priority,Yes,Yes,No,No,No,No,No,
Skyclarys,omaveloxolone,"Reata Pharmaceuticals, Inc.",NDA,216718,,,Capsule,Oral,,,,,3/30/2022,2/28/2023,2023,,SKYCLARYS is indicated for the treatment of Friedreich's ataxia in adults and adolescents aged 16 years and older.,Priority,Yes,No,No,Yes,No,RPD,No,
Zavzpret,zavegepant,"Pfizer, Inc.",NDA,216386,,,"Spray, Metered",Nasal,,,,,3/9/2022,3/9/2023,2023,,"ZAVZPRET is indicated for the acute treatment of migraine with or without aura in adults.
Limitations of Use:
ZAVZPRET is not indicated for the preventive treatment of migraine.",Standard,No,No,No,No,No,No,No,
Daybue,trofinetide,"Acadia Pharmaceuticals, Inc.",NDA,217026,,,Solution,Oral,,,,,7/12/2022,3/10/2023,2023,,DAYBUE is indicated for the treatment of Rett syndrome in adults and pediatric patients 2 years of age and older.,Priority,Yes,No,No,Yes,No,RPD,No,
Rezzayo,rezafungin,"Cidara Therapeutics, Inc.",NDA,217417,,,Injectable,Injection,,,,,7/22/2022,3/22/2023,2023,,"REZZAYO is indicated in patients 18 years of age or older who have limited or no alternative options for the treatment of candidemia and invasive candidiasis. Approval of this indication is based on limited clinical safety and efficacy data for REZZAYO.
Limitations of Use:
REZZAYO has not been studied in patients with endocarditis, osteomyelitis, and meningitis due to Candida.",Priority,Yes,No,No,Yes,Yes,No,No,
Zynyz,retifanlimab-dlwr,Incyte Corporation,BLA,761334,,,Injectable,Injection,,,,,8/8/2022,3/22/2023,2023,,"ZYNYZ is indicated for the treatment of adult patients with metastatic or recurrent locally advanced Merkel cell carcinoma (MCC).
This indication is approved under accelerated approval based on tumor response rate and duration of response. Continued approval for this indication may be contingent upon verification and description of clinical benefit in confirmatory trials.",Priority,Yes,Yes,No,Yes,N/A,No,No,
Joenja,leniolisib,Pharming Technologies B.V.,NDA,217759,,,Tablet,Oral,,,,,7/29/2022,3/24/2023,2023,,JOENJA is indicated for the treatment of activated phosphoinositide 3-kinase delta (PI3K-delta) syndrome (APDS) in adult and pediatric patients 12 years of age and older.,Priority,Yes,No,No,No,No,RPD,No,
Qalsody,tofersen,"Biogen, Inc.",NDA,215887,,,Injectable,Injection,,,,,5/25/2022,4/25/2023,2023,,QALSODY is indicated for the treatment of amyotrophic lateral sclerosis (ALS) in adults who have a mutation in the superoxide dismutase 1 (SOD1) gene. This indication is approved under accelerated approval based on reduction in plasma neurofilament light chain (NfL) observed in patients treated with QALSODY. Continued approval for this indication may be contingent upon verification of clinical benefit in confirmatory trial(s).,Priority,Yes,Yes,No,Yes,No,No,No,
Elfabrio,pegunigalsidase alfa-iwxj,Chiesi Farmaceutici SpA,BLA,761161,,,Injectable,Injection,,,,,5/27/2020,5/9/2023,2023,,ELFABRIO is indicated for the treatment of adults with confirmed Fabry disease.,Priority,No,No,No,Yes,N/A,No,No,
Veozah,fezolinetant,"Astellas Pharma US, Inc.",NDA,216578,,,Tablet,Oral,,,,,6/22/2022,5/12/2023,2023,,VEOZAH is indicated for the treatment of moderate to severe vasomotor symptoms due to menopause.,Priority (used priority review voucher),No,No,No,No,No,No,Yes,
Miebo,perfluorohexyloctane,"Bausch and Lomb, Inc.",NDA,216675,,,Solution,Ophthalmic,,,,,6/28/2022,5/18/2023,2023,,MIEBO (perfluorohexyloctane ophthalmic solution) is indicated for the treatment of the signs and symptoms of dry eye disease (DED).,Standard,No,No,No,No,No,No,No,
Epkinly,epcoritamab-bysp,"Genmab US, Inc.",BLA,761324,,,Injectable,Injection,,,,,9/21/2022,5/19/2023,2023,,"EPKINLY is indicated for the treatment of adult patients with relapsed or refractory diffuse large B-cell lymphoma (DLBCL), not otherwise specified, including DLBCL arising from indolent lymphoma, and high-grade B-cell lymphoma after two or more lines of systemic therapy.
This indication is approved under accelerated approval based on response rate and durability of
response. Continued approval for this indication may be contingent upon verification and description of clinical benefit in a confirmatory trial(s).",Priority,No,Yes,No,No,N/A,No,No,
Xacduro,sulbactam; durlobactam (co-packaged),"Entasis Therapeutics, Inc.",NDA,216974,,,Injectable,Injection,,,,,9/29/2022,5/23/2023,2023,,"XACDURO is indicated in patients 18 years of age and older for the treatment of hospitalacquired bacterial pneumonia and ventilator-associated bacterial pneumonia (HABP/VABP), caused by susceptible isolates of Acinetobacter baumannii-calcoaceticus complex.
Limitations of Use:
XACDURO is not indicated for the treatment of HABP/VABP caused by pathogens other than susceptible isolates of Acinetobacter baumannii-calcoaceticus complex.
To reduce the development of drug-resistant bacteria and maintain the effectiveness of XACDURO and other antibacterial drugs, XACDURO should be used only to treat or prevent infections that are proven or strongly suspected to be caused by susceptible bacteria. When culture and susceptibility information are available, they should be considered in selecting or modifying antibacterial therapy. In the absence of such data, local epidemiology and susceptibility patterns may contribute to the empiric selection of therapy.",Priority,No,No,No,Yes,Yes,No,No,
Posluma,flotufolastat F 18,"Blue Earth Diagnostics, Ltd.",NDA,216023,,,Injectable,Injection,,,,,5/25/2022,5/25/2023,2023,,"POSLUMA is indicated for positron emission tomography (PET) of prostate-specific membrane antigen (PSMA) positive lesions in men with prostate cancer
- with suspected metastasis who are candidates for initial definitive therapy.
- with suspected recurrence based on elevated serum prostate-specific antigen (PSA) level.",Standard,No,No,No,No,No,No,No,
Paxlovid,nirmatrelvir; ritonavir (co-packaged),"Pfizer, Inc.",NDA,217188,,,Tablet,Oral,,,,,6/29/2022,5/25/2023,2023,,"PAXLOVID is indicated for the treatment of mild-to-moderate coronavirus disease 2019 (COVID-19) in adults who are at high risk for progression to severe COVID-19, including hospitalization or death.
Limitations of Use:
PAXLOVID is not approved for use as pre-exposure or post-exposure prophylaxis for prevention of COVID-19.",Priority,No,No,No,Yes,No,MTMC,No,
Inpefa,sotagliflozin,"Lexicon Pharmaceuticals, Inc.",NDA,216203,,,Tablet,Oral,,,,,5/27/2022,5/26/2023,2023,,"INPEFA is indicated to reduce the risk of cardiovascular death, hospitalization for heart failure, and urgent heart failure visit in adults with:
- heart failure or
- type 2 diabetes mellitus, chronic kidney disease, and other cardiovascular risk factors",Standard,No,No,No,No,No,No,No,
Columvi,glofitamab-gxbm,"Genentech, Inc.",BLA,761309,,,Injectable,Injection,,,,,11/1/2022,6/15/2023,2023,,"COLUMVI is indicated for the treatment of adult patients with relapsed or refractory diffuse large B-cell lymphoma, not otherwise specified (DLBCL, NOS) or large B-cell lymphoma (LBCL) arising from follicular lymphoma, after two or more lines of systemic therapy.
This indication is approved under accelerated approval based on response rate and durability of response. Continued approval for this indication may be contingent upon verification and description of clinical benefit in a confirmatory trial(s).",Priority,No,Yes,No,Yes,N/A,No,No,
Litfulo,ritlecitinib,"Pfizer, Inc.",NDA,215830,,,Capsule,Oral,,,,,6/24/2022,6/23/2023,2023,,"LITFULO is a kinase inhibitor indicated for the treatment of severe alopecia areata in adults and adolescents 12 years and older.
Limitations of Use: Not recommended for use in combination with other JAK inhibitors, biologic immunomodulators, cyclosporine or other potent immunosuppressants.",Standard,No,No,No,No,No,No,No,
Rystiggo,rozanolixizumab-noli,"UCB, Inc.",BLA,761286,,,Injectable,Injection,,,,,10/24/2022,6/26/2023,2023,,RYSTIGGO is indicated for the treatment of generalized myasthenia gravis (gMG) in adult patients who are anti-acetylcholine receptor (AChR) or anti-muscle-specific tyrosine kinase (MuSK) antibody positive.,Priority,Yes,No,No,No,N/A,No,No,
Ngenla,somatrogon-ghla,Pfizer Ireland Pharmaceuticals,BLA,761184,,,Injectable,Injection,,,,,10/22/2020,6/27/2023,2023,,NGENLA is indicated for the treatment of pediatric patients aged 3 years and older who have growth failure due to an inadequate secretion of endogenous growth hormone.,Standard,Yes,No,No,No,N/A,No,No,
Beyfortus,nirsevimab-alip,AstraZeneca AB,BLA,761328,,,Injectable,Injection,,,,,9/26/2022,7/17/2023,2023,,"BEYFORTUS is indicated for the prevention of Respiratory Syncytial Virus (RSV) lower respiratory tract disease in:
- Neonates and infants born during or entering their first RSV season.
- Children up to 24 months of age who remain vulnerable to severe RSV disease through their second RSV season.",Standard,No,No,No,Yes,N/A,No,No,
Vanflyta,quizartinib,"Daiichi Sankyo, Inc.",NDA,216993,,,Tablet,Oral,,,,,8/24/2022,7/20/2023,2023,,"VANFLYTA is indicated in combination with standard cytarabine and anthracycline induction and cytarabine consolidation, and as maintenance monotherapy following consolidation chemotherapy, for the treatment of adult patients with newly diagnosed acute myeloid leukemia (AML) that is FLT3 internal tandem duplication (ITD)-positive as detected by an FDA-approved test.
Limitations of Use:
VANFLYTA is not indicated as maintenance monotherapy following allogeneic hematopoietic stem cell transplantation (HSCT); improvement in overall survival with VANFLYTA in this setting has not been demonstrated.",Priority,Yes,No,No,Yes,No,No,No,
Xdemvy,lotilaner,"Tarsus Pharmaceuticals, Inc.",NDA,217603,,,Solution,Ophthalmic,,,,,8/25/2022,7/24/2023,2023,,XDEMVY is indicated for the treatment of Demodex blepharitis.,Standard,No,No,No,No,No,No,No,
Izervay,avacincaptad pegol,"IVERIC Bio, Inc.",NDA,217225,,,Solution,Intravitreal,,,,,12/19/2022,8/4/2023,2023,,IZERVAY is indicated for the treatment of geographic atrophy (GA) secondary to age-related macular degeneration (AMD).,Priority,No,No,Yes,Yes,No,No,No,
Zurzuvae,zuranolone,"Sage Therapeutics, Inc.",NDA,217369,,,Capsule,Oral,,,,,12/5/2022,8/4/2023,2023,,ZURZUVAE is indicated for the treatment of postpartum depression (PPD) in adults.,Priority,No,No,No,Yes,No,No,No,
Talvey,talquetamab-tgvs,"Janssen Biotech, Inc.",BLA,761342,,,Injectable,Injection,,,,,12/9/2022,8/9/2023,2023,,"TALVEY is indicated for the treatment of adult patients with relapsed or refractory multiple myeloma who have received at least four prior lines of therapy, including a proteasome inhibitor, an immunomodulatory agent and an anti-CD38 monoclonal antibody.
This indication is approved under accelerated approval based on response rate and durability of response. Continued approval for this indication may be contingent upon verification and description of clinical benefit in a confirmatory trial(s).",Priority,Yes,Yes,Yes,No,N/A,No,No,
Elrexfio,elranatamab-bcmm,"Pfizer, Inc.",BLA,761345,,,Injectable,Injection,,,,,12/19/2022,8/14/2023,2023,,"ELREXFIO is indicated for the treatment of adult patients with relapsed or refractory multiple myeloma who have received at least four prior lines of therapy, including a proteasome inhibitor, an immunomodulatory agent, and an anti-CD38 monoclonal antibody.
This indication is approved under accelerated approval based on response rate and durability of response. Continued approval for this indication may be contingent upon verification of clinical benefit in a confirmatory trial(s).",Priority,Yes,Yes,Yes,Yes,N/A,No,No,
Sohonos,palovarotene,"Ipsen Biopharmaceuticals, Inc.",NDA,215559,,,Capsule,Oral,,,,,3/31/2021,8/16/2023,2023,,SOHONOS is indicated for the reduction in volume of new heterotopic ossification in adults and pediatric patients aged 8 years and older for females and 10 years and older for males with fibrodysplasia ossificans progressiva (FOP).,Priority,Yes,No,No,No,No,RPD,No,
Veopoz,pozelimab-bbfg,"Regeneron Pharmaceuticals, Inc.",BLA,761339,,,Injectable,Injection,,,,,12/20/2022,8/18/2023,2023,,"VEOPOZ is indicated for the treatment of adult and pediatric patients 1 year of age and older with CD55-deficient protein-losing enteropathy (PLE), also known as CHAPLE disease.",Priority,Yes,No,No,Yes,N/A,RPD,No,
Aphexda,motixafortide,"BioLineRx, Ltd.",NDA,217159,,,Injectable,Injection,,,,,9/9/2022,9/8/2023,2023,,APHEXDA is indicated in combination with filgrastim (G-CSF) to mobilize hematopoietic stem cells to the peripheral blood for collection and subsequent autologous transplantation in patients with multiple myeloma.,Standard,Yes,No,No,No,No,No,No,
Ojjaara,momelotinib,"GlaxoSmithKline, LLC",NDA,216873,,,Tablet,Oral,,,,,6/16/2022,9/15/2023,2023,,"OJJAARA is indicated for the treatment of intermediate or high-risk myelofibrosis (MF), including primary MF or secondary MF [post-polycythemia vera (PV) and post-essential thrombocythemia (ET)], in adults with anemia.",Standard,Yes,No,No,No,No,No,No,
Exxua,gepirone,"Fabre-Kramer Pharmaceuticals, Inc.",NDA,21164,,,Tablet,Oral,,,,,5/18/2001,9/22/2023,2023,,EXXUA is indicated for the treatment of major depressive disorder (MDD) in adults.,Standard,No,No,No,No,No,No,No,
Pombiliti,cipaglucosidase alfa-atga,"Amicus Therapeutics US, LLC",BLA,761204,,,Injectable,Injection,,,,,7/29/2021,9/28/2023,2023,,"POMBILITI is indicated, in combination with Opfolda, for the treatment of adult patients with late-onset Pompe disease (lysosomal acid alpha-glucosidase [GAA] deficiency) weighing >=40 kg and who are not improving on their current enzyme replacement therapy (ERT).",Standard,Yes,No,Yes,No,N/A,No,No,
Rivfloza,nedosiran,"Novo Nordisk, Inc.",NDA,215842,,,Injectable,Injection,,,,,9/30/2022,9/29/2023,2023,,"RIVFLOZA is indicated to lower urinary oxalate levels in children 9 years of age and older and adults with primary hyperoxaluria type 1 (PH1) and relatively preserved kidney function, e.g., eGFR >= 30 mL/min/1.73 m^2",Standard,Yes,No,Yes,No,No,No,No,
Velsipity,etrasimod,"Pfizer, Inc.",NDA,216956,,,Tablet,Oral,,,,,10/14/2022,10/12/2023,2023,,VELSIPITY is indicated for the treatment of moderately to severely active ulcerative colitis (UC) in adults.,Standard,No,No,No,No,No,No,No,
Zilbrysq,zilucoplan,"UCB, Inc.",NDA,216834,,,Injectable,Injection,,,,,8/31/2022,10/17/2023,2023,,ZILBRYSQ is indicated for the treatment of generalized myasthenia gravis (gMG) in adult patients who are anti-acetylcholine receptor (AChR) antibody positive.,Standard,Yes,No,No,No,No,No,No,
Bimzelx,bimekizumab-bkzx,"UCB, Inc.",BLA,761151,,,Injectable,Injection,,,,,7/15/2020,10/17/2023,2023,,BIMZELX is indicated for the treatment of moderate to severe plaque psoriasis in adult patients who are candidates for systemic therapy or phototherapy.,Standard,No,No,No,No,N/A,No,No,
Agamree,vamorolone,Santhera Pharmaceuticals (Switzerland) Ltd.,NDA,215239,,,Suspension,Oral,,,,,10/26/2022,10/26/2023,2023,,AGAMREE is indicated for the treatment of Duchenne muscular dystrophy (DMD) in patients 2 years of age and older.,Standard,Yes,No,No,Yes,No,No,No,
Omvoh,mirikizumab-mrkz,Eli Lilly and Company,BLA,761279,,,Injectable,Injection,,,,,3/30/2022,10/26/2023,2023,,OMVOH is indicated for the treatment of moderately to severely active ulcerative colitis in adults.,Standard,No,No,No,No,N/A,No,No,
Loqtorzi,toripalimab-tpzi,"Coherus BioSciences, Inc.",BLA,761240,,,Injectable,Injection,,,,,8/31/2021,10/27/2023,2023,,"LOQTORZI is indicated, in combination with cisplatin and gemcitabine, for the first-line treatment of adults with metastatic or with recurrent, locally advanced nasopharyngeal carcinoma (NPC).
LOQTORZI is indicated, as a single agent, for the treatment of adults with recurrent unresectable or metastatic NPC with disease progression on or after a platinum-containing chemotherapy.",Priority,Yes,No,Yes,No,N/A,No,No,
Fruzaqla,fruquintinib,"Takeda Pharmaceuticals USA, Inc.",NDA,217564,,,Capsule,Oral,,,,,3/30/2023,11/8/2023,2023,,"FRUZAQLA is indicated for the treatment of adult patients with metastatic colorectal cancer (mCRC) who have been previously treated with fluoropyrimidine-, oxaliplatin-, and irinotecan-based chemotherapy, an anti-VEGF therapy, and, if RAS wild-type and medically appropriate, an anti-EGFR therapy.",Priority,No,No,No,Yes,No,No,No,
Defencath,taurolidine and heparin,"CorMedix, Inc.",NDA,214520,,,Catheter lock solution,Catheter Installation,,,,,6/30/2020,11/15/2023,2023,,"LIMITED POPULATION: DEFENCATH is indicated to reduce the incidence of catheter-related bloodstream infections (CRBSI) in adult patients with kidney failure receiving chronic hemodialysis (HD) through a central venous catheter (CVC). This drug is indicated for use in a limited and specific population of patients.
Limitations of Use:
The safety and effectiveness of DEFENCATH have not been established for use in populations other than adult patients with kidney failure receiving chronic HD through a CVC.",Priority,No,No,No,Yes,Yes,No,No,
Augtyro,repotrectinib,Bristol-Myers Squibb Company,NDA,218213,,,Capsule,Oral,,,,,3/27/2023,11/15/2023,2023,,AUGTYRO is indicated for the treatment of adult patients with locally advanced or metastatic ROS1-positive non-small cell lung cancer (NSCLC).,Priority,Yes,No,No,No,No,No,No,
Truqap,capivasertib,AstraZeneca Pharmaceuticals LP,NDA,218197,,,Tablet,Oral,,,,,3/28/2023,11/16/2023,2023,,"TRUQAP, in combination with fulvestrant, is indicated for the treatment of adult patients with hormone receptor (HR)-positive, human epidermal growth factor receptor 2 (HER2)-negative, locally advanced or metastatic breast cancer with one or more PIK3CA/AKT1/PTEN-alteration as detected by an FDA-approved test following progression on at least one endocrine-based regimen in the metastatic setting or recurrence on or within 12 months of completing adjuvant therapy.",Priority,No,No,No,Yes,No,No,No,
Ryzneuta,efbemalenograstim alfa-vuxw,Evive Biotechnology Singapore PTE. Ltd.,BLA,761134,,,Injectable,Injection,,,,,3/30/2021,11/16/2023,2023,,"RYZNEUTA is indicated to decrease the incidence of infection, as manifested by febrile neutropenia, in adult patients with non-myeloid malignancies receiving myelosuppressive anti-cancer drugs associated with a clinically significant incidence of febrile neutropenia.
Limitations of Use:
RYZNEUTA is not indicated for the mobilization of peripheral blood progenitor cells for hematopoietic stem cell transplantation.",Standard,No,No,No,No,N/A,No,No,
Ogsiveo,nirogacestat,"SpringWorks Therapeutics, Inc.",NDA,217677,,,Tablet,Oral,,,,,12/27/2022,11/27/2023,2023,,OGSIVEO is indicated for adult patients with progressing desmoid tumors who require systemic treatment.,Priority,Yes,No,Yes,Yes,No,No,No,
Fabhalta,iptacopan,Novartis Pharmaceuticals Corporation,NDA,218276,,,Capsule,Oral,,,,,4/5/2023,12/5/2023,2023,,FABHALTA is indicated for the treatment of adults with paroxysmal nocturnal hemoglobinuria (PNH).,Priority (used priority review voucher),Yes,No,Yes,No,No,No,Yes,
Filsuvez,birch triterpenes,Amryt Pharmaceuticals DAC,NDA,215064,,,Gel,Topical,,,,,3/30/2021,12/18/2023,2023,,FILSUVEZ topical gel is indicated for the treatment of wounds associated with dystrophic and junctional epidermolysis bullosa in adult and pediatric patients 6 months of age and older.,Priority,Yes,No,No,Yes,No,RPD,No,
Wainua,eplontersen,"Ionis Pharmaceuticals, Inc.",NDA,217388,,,Injectable,Injection,,,,,12/22/2022,12/21/2023,2023,,WAINUA is indicated for the treatment of the polyneuropathy of hereditary transthyretin-mediated amyloidosis in adults.,Standard,Yes,No,No,No,No,No,No,
